  0
SECTION
  2
HEADER
  9
$ACADVER
  1
AC1027
  9
$ACADMAINTVER
 70
   125
  9
$DWGCODEPAGE
  3
ANSI_1252
  9
$REQUIREDVERSIONS
160
                 0
  9
$INSBASE
 10
0.0
 20
0.0
 30
0.0
  9
$EXTMIN
 10
1.000000000000000E+20
 20
1.000000000000000E+20
 30
1.000000000000000E+20
  9
$EXTMAX
 10
-1.000000000000000E+20
 20
-1.000000000000000E+20
 30
-1.000000000000000E+20
  9
$LIMMIN
 10
0.0
 20
0.0
  9
$LIMMAX
 10
12.0
 20
9.0
  9
$ORTHOMODE
 70
     0
  9
$REGENMODE
 70
     1
  9
$FILLMODE
 70
     1
  9
$QTEXTMODE
 70
     0
  9
$MIRRTEXT
 70
     0
  9
$LTSCALE
 40
1.0
  9
$ATTMODE
 70
     1
  9
$TEXTSIZE
 40
0.2
  9
$TRACEWID
 40
0.05
  9
$TEXTSTYLE
  7
Standard
  9
$CLAYER
  8
0
  9
$CELTYPE
  6
ByLayer
  9
$CECOLOR
 62
   256
  9
$CELTSCALE
 40
1.0
  9
$DISPSILH
 70
     0
  9
$DIMSCALE
 40
1.0
  9
$DIMASZ
 40
0.18
  9
$DIMEXO
 40
0.0625
  9
$DIMDLI
 40
0.38
  9
$DIMRND
 40
0.0
  9
$DIMDLE
 40
0.0
  9
$DIMEXE
 40
0.18
  9
$DIMTP
 40
0.0
  9
$DIMTM
 40
0.0
  9
$DIMTXT
 40
0.18
  9
$DIMCEN
 40
0.09
  9
$DIMTSZ
 40
0.0
  9
$DIMTOL
 70
     0
  9
$DIMLIM
 70
     0
  9
$DIMTIH
 70
     1
  9
$DIMTOH
 70
     1
  9
$DIMSE1
 70
     0
  9
$DIMSE2
 70
     0
  9
$DIMTAD
 70
     0
  9
$DIMZIN
 70
     0
  9
$DIMBLK
  1

  9
$DIMASO
 70
     1
  9
$DIMSHO
 70
     1
  9
$DIMPOST
  1

  9
$DIMAPOST
  1

  9
$DIMALT
 70
     0
  9
$DIMALTD
 70
     2
  9
$DIMALTF
 40
25.4
  9
$DIMLFAC
 40
1.0
  9
$DIMTOFL
 70
     0
  9
$DIMTVP
 40
0.0
  9
$DIMTIX
 70
     0
  9
$DIMSOXD
 70
     0
  9
$DIMSAH
 70
     0
  9
$DIMBLK1
  1

  9
$DIMBLK2
  1

  9
$DIMSTYLE
  2
Standard
  9
$DIMCLRD
 70
     0
  9
$DIMCLRE
 70
     0
  9
$DIMCLRT
 70
     0
  9
$DIMTFAC
 40
1.0
  9
$DIMGAP
 40
0.09
  9
$DIMJUST
 70
     0
  9
$DIMSD1
 70
     0
  9
$DIMSD2
 70
     0
  9
$DIMTOLJ
 70
     1
  9
$DIMTZIN
 70
     0
  9
$DIMALTZ
 70
     0
  9
$DIMALTTZ
 70
     0
  9
$DIMUPT
 70
     0
  9
$DIMDEC
 70
     4
  9
$DIMTDEC
 70
     4
  9
$DIMALTU
 70
     2
  9
$DIMALTTD
 70
     2
  9
$DIMTXSTY
  7
Standard
  9
$DIMAUNIT
 70
     0
  9
$DIMADEC
 70
     0
  9
$DIMALTRND
 40
0.0
  9
$DIMAZIN
 70
     0
  9
$DIMDSEP
 70
    46
  9
$DIMATFIT
 70
     3
  9
$DIMFRAC
 70
     0
  9
$DIMLDRBLK
  1

  9
$DIMLUNIT
 70
     2
  9
$DIMLWD
 70
    -2
  9
$DIMLWE
 70
    -2
  9
$DIMTMOVE
 70
     0
  9
$DIMFXL
 40
1.0
  9
$DIMFXLON
 70
     0
  9
$DIMJOGANG
 40
0.7853981633974483
  9
$DIMTFILL
 70
     0
  9
$DIMTFILLCLR
 70
     0
  9
$DIMARCSYM
 70
     0
  9
$DIMLTYPE
  6

  9
$DIMLTEX1
  6

  9
$DIMLTEX2
  6

  9
$DIMTXTDIRECTION
 70
     0
  9
$LUNITS
 70
     2
  9
$LUPREC
 70
     4
  9
$SKETCHINC
 40
0.1
  9
$FILLETRAD
 40
0.0
  9
$AUNITS
 70
     0
  9
$AUPREC
 70
     0
  9
$MENU
  1
.
  9
$ELEVATION
 40
0.0
  9
$PELEVATION
 40
0.0
  9
$THICKNESS
 40
0.0
  9
$LIMCHECK
 70
     0
  9
$CHAMFERA
 40
0.0
  9
$CHAMFERB
 40
0.0
  9
$CHAMFERC
 40
0.0
  9
$CHAMFERD
 40
0.0
  9
$SKPOLY
 70
     0
  9
$TDCREATE
 40
2461135.962696759
  9
$TDUCREATE
 40
2461135.962696759
  9
$TDUPDATE
 40
2461135.962696759
  9
$TDUUPDATE
 40
2461135.962696759
  9
$TDINDWG
 40
0.0000000000
  9
$TDUSRTIMER
 40
0.0000000000
  9
$USRTIMER
 70
     1
  9
$ANGBASE
 50
0.0
  9
$ANGDIR
 70
     0
  9
$PDMODE
 70
     0
  9
$PDSIZE
 40
0.0
  9
$PLINEWID
 40
0.0
  9
$SPLFRAME
 70
     0
  9
$SPLINETYPE
 70
     6
  9
$SPLINESEGS
 70
     8
  9
$HANDSEED
  5
748
  9
$SURFTAB1
 70
     6
  9
$SURFTAB2
 70
     6
  9
$SURFTYPE
 70
     6
  9
$SURFU
 70
     6
  9
$SURFV
 70
     6
  9
$UCSBASE
  2

  9
$UCSNAME
  2

  9
$UCSORG
 10
0.0
 20
0.0
 30
0.0
  9
$UCSXDIR
 10
1.0
 20
0.0
 30
0.0
  9
$UCSYDIR
 10
0.0
 20
1.0
 30
0.0
  9
$UCSORTHOREF
  2

  9
$UCSORTHOVIEW
 70
     0
  9
$UCSORGTOP
 10
0.0
 20
0.0
 30
0.0
  9
$UCSORGBOTTOM
 10
0.0
 20
0.0
 30
0.0
  9
$UCSORGLEFT
 10
0.0
 20
0.0
 30
0.0
  9
$UCSORGRIGHT
 10
0.0
 20
0.0
 30
0.0
  9
$UCSORGFRONT
 10
0.0
 20
0.0
 30
0.0
  9
$UCSORGBACK
 10
0.0
 20
0.0
 30
0.0
  9
$PUCSBASE
  2

  9
$PUCSNAME
  2

  9
$PUCSORG
 10
0.0
 20
0.0
 30
0.0
  9
$PUCSXDIR
 10
1.0
 20
0.0
 30
0.0
  9
$PUCSYDIR
 10
0.0
 20
1.0
 30
0.0
  9
$PUCSORTHOREF
  2

  9
$PUCSORTHOVIEW
 70
     0
  9
$PUCSORGTOP
 10
0.0
 20
0.0
 30
0.0
  9
$PUCSORGBOTTOM
 10
0.0
 20
0.0
 30
0.0
  9
$PUCSORGLEFT
 10
0.0
 20
0.0
 30
0.0
  9
$PUCSORGRIGHT
 10
0.0
 20
0.0
 30
0.0
  9
$PUCSORGFRONT
 10
0.0
 20
0.0
 30
0.0
  9
$PUCSORGBACK
 10
0.0
 20
0.0
 30
0.0
  9
$USERI1
 70
     0
  9
$USERI2
 70
     0
  9
$USERI3
 70
     0
  9
$USERI4
 70
     0
  9
$USERI5
 70
     0
  9
$USERR1
 40
0.0
  9
$USERR2
 40
0.0
  9
$USERR3
 40
0.0
  9
$USERR4
 40
0.0
  9
$USERR5
 40
0.0
  9
$WORLDVIEW
 70
     1
  9
$SHADEDGE
 70
     3
  9
$SHADEDIF
 70
    70
  9
$TILEMODE
 70
     1
  9
$MAXACTVP
 70
    64
  9
$PINSBASE
 10
0.0
 20
0.0
 30
0.0
  9
$PLIMCHECK
 70
     0
  9
$PEXTMIN
 10
1.000000000000000E+20
 20
1.000000000000000E+20
 30
1.000000000000000E+20
  9
$PEXTMAX
 10
-1.000000000000000E+20
 20
-1.000000000000000E+20
 30
-1.000000000000000E+20
  9
$PLIMMIN
 10
0.0
 20
0.0
  9
$PLIMMAX
 10
12.0
 20
9.0
  9
$UNITMODE
 70
     0
  9
$VISRETAIN
 70
     1
  9
$PLINEGEN
 70
     0
  9
$PSLTSCALE
 70
     1
  9
$TREEDEPTH
 70
  3020
  9
$CMLSTYLE
  2
Standard
  9
$CMLJUST
 70
     0
  9
$CMLSCALE
 40
1.0
  9
$PROXYGRAPHICS
 70
     1
  9
$MEASUREMENT
 70
     0
  9
$CELWEIGHT
370
    -1
  9
$ENDCAPS
280
     0
  9
$JOINSTYLE
280
     0
  9
$LWDISPLAY
290
     0
  9
$INSUNITS
 70
     1
  9
$HYPERLINKBASE
  1

  9
$STYLESHEET
  1

  9
$XEDIT
290
     1
  9
$CEPSNTYPE
380
     0
  9
$PSTYLEMODE
290
     1
  9
$FINGERPRINTGUID
  2
{25711BBF-3CB6-C341-82E5-0A0C55D463BB}
  9
$VERSIONGUID
  2
{447CFFF4-8149-C64F-BE9F-9C9B8B8D038B}
  9
$EXTNAMES
290
     1
  9
$PSVPSCALE
 40
0.0
  9
$OLESTARTUP
290
     0
  9
$SORTENTS
280
   127
  9
$INDEXCTL
280
     0
  9
$HIDETEXT
280
     1
  9
$XCLIPFRAME
280
     2
  9
$HALOGAP
280
     0
  9
$OBSCOLOR
 70
   257
  9
$OBSLTYPE
280
     0
  9
$INTERSECTIONDISPLAY
280
     0
  9
$INTERSECTIONCOLOR
 70
   257
  9
$DIMASSOC
280
     2
  9
$PROJECTNAME
  1

  9
$CAMERADISPLAY
290
     0
  9
$LENSLENGTH
 40
50.0
  9
$CAMERAHEIGHT
 40
0.0
  9
$STEPSPERSEC
 40
2.0
  9
$STEPSIZE
 40
6.0
  9
$3DDWFPREC
 40
2.0
  9
$PSOLWIDTH
 40
0.25
  9
$PSOLHEIGHT
 40
4.0
  9
$LOFTANG1
 40
1.570796326794896
  9
$LOFTANG2
 40
1.570796326794896
  9
$LOFTMAG1
 40
0.0
  9
$LOFTMAG2
 40
0.0
  9
$LOFTPARAM
 70
     7
  9
$LOFTNORMALS
280
     1
  9
$LATITUDE
 40
37.795
  9
$LONGITUDE
 40
-122.394
  9
$NORTHDIRECTION
 40
0.0
  9
$TIMEZONE
 70
 -8000
  9
$LIGHTGLYPHDISPLAY
280
     1
  9
$TILEMODELIGHTSYNCH
280
     1
  9
$CMATERIAL
347
11
  9
$SOLIDHIST
280
     0
  9
$SHOWHIST
280
     1
  9
$DWFFRAME
280
     2
  9
$DGNFRAME
280
     0
  9
$REALWORLDSCALE
290
     1
  9
$INTERFERECOLOR
 62
     1
  9
$INTERFEREOBJVS
345
33
  9
$INTERFEREVPVS
346
30
  9
$CSHADOW
280
     0
  9
$SHADOWPLANELOCATION
 40
0.0
  0
ENDSEC
  0
SECTION
  2
CLASSES
  0
CLASS
  1
ACDBDICTIONARYWDFLT
  2
AcDbDictionaryWithDefault
  3
ObjectDBX Classes
 90
        0
 91
        1
280
     0
281
     0
  0
CLASS
  1
MATERIAL
  2
AcDbMaterial
  3
ObjectDBX Classes
 90
     1153
 91
        3
280
     0
281
     0
  0
CLASS
  1
VISUALSTYLE
  2
AcDbVisualStyle
  3
ObjectDBX Classes
 90
     4095
 91
       24
280
     0
281
     0
  0
CLASS
  1
SCALE
  2
AcDbScale
  3
ObjectDBX Classes
 90
     1153
 91
       17
280
     0
281
     0
  0
CLASS
  1
TABLESTYLE
  2
AcDbTableStyle
  3
ObjectDBX Classes
 90
     4095
 91
        1
280
     0
281
     0
  0
CLASS
  1
MLEADERSTYLE
  2
AcDbMLeaderStyle
  3
ACDB_MLEADERSTYLE_CLASS
 90
     4095
 91
        1
280
     0
281
     0
  0
CLASS
  1
ACDBSECTIONVIEWSTYLE
  2
AcDbSectionViewStyle
  3
ObjectDBX Classes
 90
     1025
 91
        1
280
     0
281
     0
  0
CLASS
  1
ACDBDETAILVIEWSTYLE
  2
AcDbDetailViewStyle
  3
ObjectDBX Classes
 90
     1025
 91
        1
280
     0
281
     0
  0
CLASS
  1
DICTIONARYVAR
  2
AcDbDictionaryVar
  3
ObjectDBX Classes
 90
        0
 91
        5
280
     0
281
     0
  0
CLASS
  1
CELLSTYLEMAP
  2
AcDbCellStyleMap
  3
ObjectDBX Classes
 90
     1152
 91
        1
280
     0
281
     0
  0
ENDSEC
  0
SECTION
  2
TABLES
  0
TABLE
  2
VPORT
  5
8
330
0
100
AcDbSymbolTable
 70
     1
1001
ACAD
1000
DbSaveVer
1071
      471
  0
VPORT
  5
57
330
8
100
AcDbSymbolTableRecord
100
AcDbViewportTableRecord
  2
*Active
 70
     0
 10
0.0
 20
0.0
 11
1.0
 21
1.0
 12
500.0
 22
500.0
 13
0.0
 23
0.0
 14
1.0
 24
1.0
 15
0.0
 25
0.0
 16
0.0
 26
0.0
 36
1.0
 17
0.0
 27
0.0
 37
0.0
 40
12.0
 41
1.0
 42
50.0
 43
0.0
 44
0.0
 50
0.0
 51
0.0
 71
     0
 72
   100
 73
     1
 74
     1
 75
     0
 76
     0
 77
     0
 78
     0
281
     0
 65
     1
110
0.0
120
0.0
130
0.0
111
1.0
121
0.0
131
0.0
112
0.0
122
1.0
132
0.0
 79
     0
146
0.0
 60
     3
 61
     5
292
     1
282
     1
141
0.0
142
0.0
 63
   250
421
  3355443
  0
ENDTAB
  0
TABLE
  2
LTYPE
  5
5
330
0
100
AcDbSymbolTable
 70
     1
  0
LTYPE
  5
5B
330
5
100
AcDbSymbolTableRecord
100
AcDbLinetypeTableRecord
  2
ByBlock
 70
     0
  3

 72
    65
 73
     0
 40
0.0
  0
LTYPE
  5
5C
330
5
100
AcDbSymbolTableRecord
100
AcDbLinetypeTableRecord
  2
ByLayer
 70
     0
  3

 72
    65
 73
     0
 40
0.0
  0
LTYPE
  5
5D
330
5
100
AcDbSymbolTableRecord
100
AcDbLinetypeTableRecord
  2
Continuous
 70
     0
  3
Solid line
 72
    65
 73
     0
 40
0.0
  0
ENDTAB
  0
TABLE
  2
LAYER
  5
2
330
0
100
AcDbSymbolTable
 70
     7
  0
LAYER
  5
54
330
2
100
AcDbSymbolTableRecord
100
AcDbLayerTableRecord
  2
0
 70
     0
 62
     7
  6
Continuous
370
    -3
390
F
347
21
348
0
  0
LAYER
  5
7A
330
2
100
AcDbSymbolTableRecord
100
AcDbLayerTableRecord
  2
final_table_top_design v3_depths$1_4_
 70
     0
 62
     7
  6
Continuous
370
    -3
390
F
347
21
348
0
1001
NFusion_SketchTransform
1000
1.000000;0.000000;0.000000;0.000000;0.000000;1.000000;0.000000;0.000000;0.000000;0.000000;1.000000;0.000000;0.000000;0.000000;0.000000;1.000000
  0
LAYER
  5
132
330
2
100
AcDbSymbolTableRecord
100
AcDbLayerTableRecord
  2
final_table_top_design v3_depths$3_4_
 70
     0
 62
     7
  6
Continuous
370
    -3
390
F
347
21
348
0
1001
NFusion_SketchTransform
1000
1.000000;0.000000;0.000000;0.000000;0.000000;1.000000;0.000000;0.000000;0.000000;0.000000;1.000000;0.000000;0.000000;0.000000;0.000000;1.000000
  0
LAYER
  5
6B8
330
2
100
AcDbSymbolTableRecord
100
AcDbLayerTableRecord
  2
final_table_top_design v3_cup lights$outside diameter
 70
     0
 62
     7
  6
Continuous
370
    -3
390
F
347
21
348
0
1001
NFusion_SketchTransform
1000
1.000000;0.000000;0.000000;0.000000;0.000000;1.000000;0.000000;0.000000;0.000000;0.000000;1.000000;0.000000;0.000000;0.000000;0.000000;1.000000
  0
LAYER
  5
6B9
330
2
100
AcDbSymbolTableRecord
100
AcDbLayerTableRecord
  2
final_table_top_design v3_inside semi circle table
 70
     0
 62
     7
  6
Continuous
370
    -3
390
F
347
21
348
0
1001
NFusion_SketchTransform
1000
1.000000;0.000000;0.000000;0.000000;0.000000;1.000000;0.000000;0.000000;0.000000;0.000000;1.000000;0.000000;0.000000;0.000000;0.000000;1.000000
  0
LAYER
  5
6C5
330
2
100
AcDbSymbolTableRecord
100
AcDbLayerTableRecord
  2
final_table_top_design v3_Default
 70
     0
 62
     7
  6
Continuous
370
    -3
390
F
347
21
348
0
1001
NFusion_SketchTransform
1000
1.000000;0.000000;0.000000;0.000000;0.000000;1.000000;0.000000;0.000000;0.000000;0.000000;1.000000;0.000000;0.000000;0.000000;0.000000;1.000000
  0
LAYER
  5
70C
330
2
100
AcDbSymbolTableRecord
100
AcDbLayerTableRecord
  2
final_table_top_design v3_table legs
 70
     0
 62
     7
  6
Continuous
370
    -3
390
F
347
21
348
0
1001
NFusion_SketchTransform
1000
1.000000;0.000000;0.000000;0.000000;0.000000;1.000000;0.000000;0.000000;0.000000;0.000000;1.000000;0.000000;0.000000;0.000000;0.000000;1.000000
  0
ENDTAB
  0
TABLE
  2
STYLE
  5
3
330
0
100
AcDbSymbolTable
 70
     2
  0
STYLE
  5
55
330
3
100
AcDbSymbolTableRecord
100
AcDbTextStyleTableRecord
  2
Standard
 70
     0
 40
0.0
 41
1.0
 50
0.0
 71
     0
 42
0.2
  3
txt
  4

  0
STYLE
  5
5A
330
3
100
AcDbSymbolTableRecord
100
AcDbTextStyleTableRecord
  2
Annotative
 70
     0
 40
0.0
 41
1.0
 50
0.0
 71
     0
 42
0.2
  3
txt
  4

1001
AcadAnnotative
1000
AnnotativeData
1002
{
1070
     1
1070
     1
1002
}
  0
ENDTAB
  0
TABLE
  2
VIEW
  5
6
330
0
100
AcDbSymbolTable
 70
     0
  0
ENDTAB
  0
TABLE
  2
UCS
  5
7
330
0
100
AcDbSymbolTable
 70
     0
  0
ENDTAB
  0
TABLE
  2
APPID
  5
9
330
0
100
AcDbSymbolTable
 70
     4
  0
APPID
  5
56
330
9
100
AcDbSymbolTableRecord
100
AcDbRegAppTableRecord
  2
ACAD
 70
     0
  0
APPID
  5
5E
330
9
100
AcDbSymbolTableRecord
100
AcDbRegAppTableRecord
  2
AcadAnnotative
 70
     0
  0
APPID
  5
78
330
9
100
AcDbSymbolTableRecord
100
AcDbRegAppTableRecord
  2
EDIT_IN_FUSION_ACAD_ADDIN
 70
     0
  0
APPID
  5
79
330
9
100
AcDbSymbolTableRecord
100
AcDbRegAppTableRecord
  2
NFusion_SketchTransform
 70
     0
  0
ENDTAB
  0
TABLE
  2
DIMSTYLE
  5
A
330
0
100
AcDbSymbolTable
 70
     2
100
AcDbDimStyleTable
 71
     0
  0
DIMSTYLE
105
58
330
A
100
AcDbSymbolTableRecord
100
AcDbDimStyleTableRecord
  2
Standard
 70
     0
340
55
  0
DIMSTYLE
105
59
330
A
100
AcDbSymbolTableRecord
100
AcDbDimStyleTableRecord
  2
Annotative
 70
     0
340
55
1001
AcadAnnotative
1000
AnnotativeData
1002
{
1070
     1
1070
     1
1002
}
  0
ENDTAB
  0
TABLE
  2
BLOCK_RECORD
  5
1
330
0
100
AcDbSymbolTable
 70
     1
  0
BLOCK_RECORD
  5
70
330
1
100
AcDbSymbolTableRecord
100
AcDbBlockTableRecord
  2
*Model_Space
340
73
 70
     0
280
     1
281
     0
  0
BLOCK_RECORD
  5
6C
330
1
100
AcDbSymbolTableRecord
100
AcDbBlockTableRecord
  2
*Paper_Space
340
6F
 70
     0
280
     1
281
     0
  0
BLOCK_RECORD
  5
74
330
1
100
AcDbSymbolTableRecord
100
AcDbBlockTableRecord
  2
*Paper_Space0
340
77
 70
     0
280
     1
281
     0
  0
ENDTAB
  0
ENDSEC
  0
SECTION
  2
BLOCKS
  0
BLOCK
  5
71
330
70
100
AcDbEntity
  8
0
100
AcDbBlockBegin
  2
*Model_Space
 70
     0
 10
0.0
 20
0.0
 30
0.0
  3
*Model_Space
  1

  0
ENDBLK
  5
72
330
70
100
AcDbEntity
  8
0
100
AcDbBlockEnd
  0
BLOCK
  5
6D
330
6C
100
AcDbEntity
 67
     1
  8
0
100
AcDbBlockBegin
  2
*Paper_Space
 70
     0
 10
0.0
 20
0.0
 30
0.0
  3
*Paper_Space
  1

  0
ENDBLK
  5
6E
330
6C
100
AcDbEntity
 67
     1
  8
0
100
AcDbBlockEnd
  0
BLOCK
  5
75
330
74
100
AcDbEntity
 67
     1
  8
0
100
AcDbBlockBegin
  2
*Paper_Space0
 70
     0
 10
0.0
 20
0.0
 30
0.0
  3
*Paper_Space0
  1

  0
ENDBLK
  5
76
330
74
100
AcDbEntity
 67
     1
  8
0
100
AcDbBlockEnd
  0
ENDSEC
  0
SECTION
  2
ENTITIES
  0
POINT
  5
7B
330
70
100
AcDbEntity
  8
final_table_top_design v3_depths$1_4_
100
AcDbPoint
 10
-228.6521782404778
 20
-31.80453497454211
 30
0.0
  0
CIRCLE
  5
7C
330
70
100
AcDbEntity
  8
final_table_top_design v3_depths$1_4_
100
AcDbCircle
 10
-320.7146782404779
 20
-25.97061580317149
 30
0.0
 40
0.9999999999999927
  0
CIRCLE
  5
7D
330
70
100
AcDbEntity
  8
final_table_top_design v3_depths$1_4_
100
AcDbCircle
 10
-310.6471329214837
 20
-31.78311580317146
 30
0.0
 40
0.9999999999999927
  0
LINE
  5
7E
330
70
100
AcDbEntity
  8
final_table_top_design v3_depths$1_4_
100
AcDbLine
 10
-228.6521782418515
 20
-54.85300401234997
 30
0.0
 11
-236.6521782411979
 21
-54.85456130760503
 31
0.0
  0
LINE
  5
7F
330
70
100
AcDbEntity
  8
final_table_top_design v3_depths$1_4_
100
AcDbLine
 10
-286.8300667753794
 20
-31.78311580317151
 30
0.0
 11
-322.2343278554671
 21
-31.7831158031715
 31
0.0
  0
CIRCLE
  5
80
330
70
100
AcDbEntity
  8
final_table_top_design v3_depths$1_4_
100
AcDbCircle
 10
-320.7146782404779
 20
-25.97061580317149
 30
0.0
 40
1.499999999999989
  0
CIRCLE
  5
81
330
70
100
AcDbEntity
  8
final_table_top_design v3_depths$1_4_
100
AcDbCircle
 10
-320.7146782404779
 20
-25.97061580317149
 30
0.0
 40
1.499999999999989
  0
CIRCLE
  5
82
330
70
100
AcDbEntity
  8
final_table_top_design v3_depths$1_4_
100
AcDbCircle
 10
-317.3588298008131
 20
-35.65811580317144
 30
0.0
 40
1.499999999999989
  0
CIRCLE
  5
83
330
70
100
AcDbEntity
  8
final_table_top_design v3_depths$1_4_
100
AcDbCircle
 10
-317.3588298008131
 20
-31.78311580317144
 30
0.0
 40
1.499999999999989
  0
CIRCLE
  5
84
330
70
100
AcDbEntity
  8
final_table_top_design v3_depths$1_4_
100
AcDbCircle
 10
-320.7146782404779
 20
-37.59561580317149
 30
0.0
 40
1.937500000000012
  0
LINE
  5
85
330
70
100
AcDbEntity
  8
final_table_top_design v3_depths$1_4_
100
AcDbLine
 10
-322.6521782404778
 20
-8.804534974542104
 30
0.0
 11
-314.6521782404779
 21
-8.804534974542107
 31
0.0
  0
CIRCLE
  5
86
330
70
100
AcDbEntity
  8
final_table_top_design v3_depths$1_4_
100
AcDbCircle
 10
-320.7146782404779
 20
-25.97061580317149
 30
0.0
 40
1.499999999999989
  0
LINE
  5
87
330
70
100
AcDbEntity
  8
final_table_top_design v3_depths$1_4_
100
AcDbLine
 10
-314.6521782404778
 20
-54.80453497454211
 30
0.0
 11
-314.6521782404778
 21
-47.95766208939697
 31
0.0
  0
CIRCLE
  5
88
330
70
100
AcDbEntity
  8
final_table_top_design v3_depths$1_4_
100
AcDbCircle
 10
-320.7146782404779
 20
-37.59561580317149
 30
0.0
 40
1.937500000000012
  0
CIRCLE
  5
89
330
70
100
AcDbEntity
  8
final_table_top_design v3_depths$1_4_
100
AcDbCircle
 10
-320.7146782404779
 20
-37.59561580317149
 30
0.0
 40
0.9999999999999927
  0
CIRCLE
  5
8A
330
70
100
AcDbEntity
  8
final_table_top_design v3_depths$1_4_
100
AcDbCircle
 10
-320.7146782404779
 20
-25.97061580317149
 30
0.0
 40
1.937500000000012
  0
CIRCLE
  5
8B
330
70
100
AcDbEntity
  8
final_table_top_design v3_depths$1_4_
100
AcDbCircle
 10
-320.7146782404779
 20
-37.59561580317149
 30
0.0
 40
1.499999999999989
  0
CIRCLE
  5
8C
330
70
100
AcDbEntity
  8
final_table_top_design v3_depths$1_4_
100
AcDbCircle
 10
-317.3588298008131
 20
-35.65811580317144
 30
0.0
 40
1.937500000000012
  0
CIRCLE
  5
8D
330
70
100
AcDbEntity
  8
final_table_top_design v3_depths$1_4_
100
AcDbCircle
 10
-320.7146782404779
 20
-37.59561580317149
 30
0.0
 40
1.499999999999989
  0
CIRCLE
  5
8E
330
70
100
AcDbEntity
  8
final_table_top_design v3_depths$1_4_
100
AcDbCircle
 10
-317.3588298008131
 20
-27.90811580317144
 30
0.0
 40
0.9999999999999927
  0
CIRCLE
  5
8F
330
70
100
AcDbEntity
  8
final_table_top_design v3_depths$1_4_
100
AcDbCircle
 10
-320.7146782404779
 20
-25.97061580317149
 30
0.0
 40
0.9999999999999927
  0
CIRCLE
  5
90
330
70
100
AcDbEntity
  8
final_table_top_design v3_depths$1_4_
100
AcDbCircle
 10
-320.7146782404779
 20
-29.84561580317149
 30
0.0
 40
1.499999999999989
  0
LINE
  5
91
330
70
100
AcDbEntity
  8
final_table_top_design v3_depths$1_4_
100
AcDbLine
 10
-322.6521782404778
 20
-8.804534974542107
 30
0.0
 11
-322.6521782404778
 21
-54.80453497454211
 31
0.0
  0
CIRCLE
  5
92
330
70
100
AcDbEntity
  8
final_table_top_design v3_depths$1_4_
100
AcDbCircle
 10
-314.0029813611484
 20
-33.72061580317152
 30
0.0
 40
1.499999999999989
  0
CIRCLE
  5
93
330
70
100
AcDbEntity
  8
final_table_top_design v3_depths$1_4_
100
AcDbCircle
 10
-320.7146782404779
 20
-37.59561580317149
 30
0.0
 40
0.9999999999999927
  0
CIRCLE
  5
94
330
70
100
AcDbEntity
  8
final_table_top_design v3_depths$1_4_
100
AcDbCircle
 10
-314.0029813611484
 20
-33.72061580317153
 30
0.0
 40
1.937500000000012
  0
LINE
  5
95
330
70
100
AcDbEntity
  8
final_table_top_design v3_depths$1_4_
100
AcDbLine
 10
-228.6521782406393
 20
-8.834260735011687
 30
0.0
 11
-228.6521782418515
 21
-54.85300401234997
 31
0.0
  0
LINE
  5
96
330
70
100
AcDbEntity
  8
final_table_top_design v3_depths$1_4_
100
AcDbLine
 10
-314.6521782404778
 20
-54.80453497454211
 30
0.0
 11
-322.6521782404778
 21
-54.80453497454211
 31
0.0
  0
CIRCLE
  5
97
330
70
100
AcDbEntity
  8
final_table_top_design v3_depths$1_4_
100
AcDbCircle
 10
-320.7146782404779
 20
-25.97061580317149
 30
0.0
 40
1.937500000000012
  0
CIRCLE
  5
98
330
70
100
AcDbEntity
  8
final_table_top_design v3_depths$1_4_
100
AcDbCircle
 10
-320.7146782404779
 20
-25.97061580317149
 30
0.0
 40
0.9999999999999927
  0
CIRCLE
  5
99
330
70
100
AcDbEntity
  8
final_table_top_design v3_depths$1_4_
100
AcDbCircle
 10
-320.7146782404779
 20
-33.72061580317148
 30
0.0
 40
1.937500000000012
  0
CIRCLE
  5
9A
330
70
100
AcDbEntity
  8
final_table_top_design v3_depths$1_4_
100
AcDbCircle
 10
-320.7146782404779
 20
-33.72061580317149
 30
0.0
 40
0.9999999999999927
  0
CIRCLE
  5
9B
330
70
100
AcDbEntity
  8
final_table_top_design v3_depths$1_4_
100
AcDbCircle
 10
-320.7146782404779
 20
-29.84561580317148
 30
0.0
 40
1.937500000000012
  0
CIRCLE
  5
9C
330
70
100
AcDbEntity
  8
final_table_top_design v3_depths$1_4_
100
AcDbCircle
 10
-317.3588298008131
 20
-27.90811580317144
 30
0.0
 40
1.499999999999989
  0
LINE
  5
9D
330
70
100
AcDbEntity
  8
final_table_top_design v3_depths$1_4_
100
AcDbLine
 10
-236.6521782405018
 20
-8.835514079321477
 30
0.0
 11
-228.6521782406393
 21
-8.834260735011687
 31
0.0
  0
LINE
  5
9E
330
70
100
AcDbEntity
  8
final_table_top_design v3_depths$1_4_
100
AcDbLine
 10
-322.6521782404778
 20
-54.80453497454211
 30
0.0
 11
-322.6521782404778
 21
-8.804534974542107
 31
0.0
  0
CIRCLE
  5
9F
330
70
100
AcDbEntity
  8
final_table_top_design v3_depths$1_4_
100
AcDbCircle
 10
-320.7146782404779
 20
-25.97061580317149
 30
0.0
 40
1.937500000000012
  0
CIRCLE
  5
A0
330
70
100
AcDbEntity
  8
final_table_top_design v3_depths$1_4_
100
AcDbCircle
 10
-317.3588298008131
 20
-31.78311580317144
 30
0.0
 40
1.937500000000012
  0
CIRCLE
  5
A1
330
70
100
AcDbEntity
  8
final_table_top_design v3_depths$1_4_
100
AcDbCircle
 10
-320.7146782404779
 20
-29.84561580317149
 30
0.0
 40
0.9999999999999927
  0
LINE
  5
A2
330
70
100
AcDbEntity
  8
final_table_top_design v3_depths$1_4_
100
AcDbLine
 10
-236.6521782411979
 20
-54.85456130760503
 30
0.0
 11
-236.6521782410946
 21
-47.97908126029401
 31
0.0
  0
CIRCLE
  5
A3
330
70
100
AcDbEntity
  8
final_table_top_design v3_depths$1_4_
100
AcDbCircle
 10
-314.0029813611484
 20
-33.72061580317153
 30
0.0
 40
0.9999999999999927
  0
CIRCLE
  5
A4
330
70
100
AcDbEntity
  8
final_table_top_design v3_depths$1_4_
100
AcDbCircle
 10
-314.0029813611484
 20
-29.84561580317152
 30
0.0
 40
1.499999999999989
  0
CIRCLE
  5
A5
330
70
100
AcDbEntity
  8
final_table_top_design v3_depths$1_4_
100
AcDbCircle
 10
-317.3588298008131
 20
-31.78311580317144
 30
0.0
 40
0.9999999999999927
  0
CIRCLE
  5
A6
330
70
100
AcDbEntity
  8
final_table_top_design v3_depths$1_4_
100
AcDbCircle
 10
-314.0029813611484
 20
-29.84561580317153
 30
0.0
 40
1.937500000000012
  0
CIRCLE
  5
A7
330
70
100
AcDbEntity
  8
final_table_top_design v3_depths$1_4_
100
AcDbCircle
 10
-317.3588298008131
 20
-35.65811580317144
 30
0.0
 40
1.499999999999989
  0
CIRCLE
  5
A8
330
70
100
AcDbEntity
  8
final_table_top_design v3_depths$1_4_
100
AcDbCircle
 10
-317.3588298008131
 20
-35.65811580317144
 30
0.0
 40
1.937500000000012
  0
CIRCLE
  5
A9
330
70
100
AcDbEntity
  8
final_table_top_design v3_depths$1_4_
100
AcDbCircle
 10
-320.7146782404779
 20
-33.72061580317149
 30
0.0
 40
1.499999999999989
  0
CIRCLE
  5
AA
330
70
100
AcDbEntity
  8
final_table_top_design v3_depths$1_4_
100
AcDbCircle
 10
-310.6471329214837
 20
-31.78311580317146
 30
0.0
 40
1.499999999999989
  0
CIRCLE
  5
AB
330
70
100
AcDbEntity
  8
final_table_top_design v3_depths$1_4_
100
AcDbCircle
 10
-310.6471329214837
 20
-31.78311580317146
 30
0.0
 40
1.937500000000012
  0
CIRCLE
  5
AC
330
70
100
AcDbEntity
  8
final_table_top_design v3_depths$1_4_
100
AcDbCircle
 10
-320.7146782404779
 20
-25.97061580317149
 30
0.0
 40
1.937500000000012
  0
CIRCLE
  5
AD
330
70
100
AcDbEntity
  8
final_table_top_design v3_depths$1_4_
100
AcDbCircle
 10
-317.3588298008131
 20
-35.65811580317144
 30
0.0
 40
0.9999999999999927
  0
CIRCLE
  5
AE
330
70
100
AcDbEntity
  8
final_table_top_design v3_depths$1_4_
100
AcDbCircle
 10
-317.3588298008131
 20
-27.90811580317144
 30
0.0
 40
1.937500000000012
  0
CIRCLE
  5
AF
330
70
100
AcDbEntity
  8
final_table_top_design v3_depths$1_4_
100
AcDbCircle
 10
-314.0029813611484
 20
-29.84561580317153
 30
0.0
 40
0.9999999999999927
  0
CIRCLE
  5
B0
330
70
100
AcDbEntity
  8
final_table_top_design v3_depths$1_4_
100
AcDbCircle
 10
-317.3588298008131
 20
-35.65811580317144
 30
0.0
 40
0.9999999999999927
  0
LINE
  5
B1
330
70
100
AcDbEntity
  8
final_table_top_design v3_depths$1_4_
100
AcDbLine
 10
-314.6521782404778
 20
-15.60856951706349
 30
0.0
 11
-314.6521782404778
 21
-8.804534974542107
 31
0.0
  0
LINE
  5
B2
330
70
100
AcDbEntity
  8
final_table_top_design v3_depths$1_4_
100
AcDbLine
 10
-236.6521782405013
 20
-15.62998868833019
 30
0.0
 11
-236.6521782405017
 21
-8.835514079321477
 31
0.0
  0
CIRCLE
  5
B3
330
70
100
AcDbEntity
  8
final_table_top_design v3_depths$1_4_
100
AcDbCircle
 10
-233.9455266801426
 20
-35.67953497454221
 30
0.0
 40
0.9999999999999927
  0
CIRCLE
  5
B4
330
70
100
AcDbEntity
  8
final_table_top_design v3_depths$1_4_
100
AcDbCircle
 10
-232.7338298009697
 20
-109.5545349746789
 30
0.0
 40
1.499999999999989
  0
CIRCLE
  5
B5
330
70
100
AcDbEntity
  8
final_table_top_design v3_depths$1_4_
100
AcDbCircle
 10
-233.9455266801426
 20
-35.67953497454221
 30
0.0
 40
1.937500000000012
  0
CIRCLE
  5
B6
330
70
100
AcDbEntity
  8
final_table_top_design v3_depths$1_4_
100
AcDbCircle
 10
-232.7338298011052
 20
-101.8045349748247
 30
0.0
 40
1.937500000000012
  0
CIRCLE
  5
B7
330
70
100
AcDbEntity
  8
final_table_top_design v3_depths$1_4_
100
AcDbCircle
 10
-237.3013751198072
 20
-29.86703497454217
 30
0.0
 40
1.499999999999989
  0
CIRCLE
  5
B8
330
70
100
AcDbEntity
  8
final_table_top_design v3_depths$1_4_
100
AcDbCircle
 10
-230.5896782404778
 20
-25.9920349745421
 30
0.0
 40
1.499999999999989
  0
CIRCLE
  5
B9
330
70
100
AcDbEntity
  8
final_table_top_design v3_depths$1_4_
100
AcDbCircle
 10
-232.7338298011052
 20
-109.5545349748247
 30
0.0
 40
1.937500000000012
  0
CIRCLE
  5
BA
330
70
100
AcDbEntity
  8
final_table_top_design v3_depths$1_4_
100
AcDbCircle
 10
-232.7338298011052
 20
-101.8045349748064
 30
0.0
 40
0.9999999999999927
  0
CIRCLE
  5
BB
330
70
100
AcDbEntity
  8
final_table_top_design v3_depths$1_4_
100
AcDbCircle
 10
-232.7338298011052
 20
-109.5545349748064
 30
0.0
 40
0.9999999999999927
  0
CIRCLE
  5
BC
330
70
100
AcDbEntity
  8
final_table_top_design v3_depths$1_4_
100
AcDbCircle
 10
-230.1521782404778
 20
-10.33449575547839
 30
0.0
 40
1.499999999999989
  0
CIRCLE
  5
BD
330
70
100
AcDbEntity
  8
final_table_top_design v3_depths$1_4_
100
AcDbCircle
 10
-240.657223559472
 20
-31.80453497454215
 30
0.0
 40
1.937500000000012
  0
CIRCLE
  5
BE
330
70
100
AcDbEntity
  8
final_table_top_design v3_depths$1_4_
100
AcDbCircle
 10
-230.5896782404778
 20
-37.6170349745421
 30
0.0
 40
1.499999999999989
  0
LINE
  5
BF
330
70
100
AcDbEntity
  8
final_table_top_design v3_depths$1_4_
100
AcDbLine
 10
-228.6521782404778
 20
-54.80453497454211
 30
0.0
 11
-228.6521782404778
 21
-8.804534974542107
 31
0.0
  0
CIRCLE
  5
C0
330
70
100
AcDbEntity
  8
final_table_top_design v3_depths$1_4_
100
AcDbCircle
 10
-232.7338298011052
 20
-105.6795349748247
 30
0.0
 40
1.937500000000012
  0
CIRCLE
  5
C1
330
70
100
AcDbEntity
  8
final_table_top_design v3_depths$1_4_
100
AcDbCircle
 10
-232.7338298009697
 20
-105.6795349746789
 30
0.0
 40
1.499999999999989
  0
CIRCLE
  5
C2
330
70
100
AcDbEntity
  8
final_table_top_design v3_depths$1_4_
100
AcDbCircle
 10
-232.7338298011052
 20
-105.6795349748064
 30
0.0
 40
0.9999999999999927
  0
CIRCLE
  5
C3
330
70
100
AcDbEntity
  8
final_table_top_design v3_depths$1_4_
100
AcDbCircle
 10
-232.7338298011052
 20
-97.9295349748064
 30
0.0
 40
0.9999999999999927
  0
CIRCLE
  5
C4
330
70
100
AcDbEntity
  8
final_table_top_design v3_depths$1_4_
100
AcDbCircle
 10
-232.7338298011052
 20
-94.05453497482472
 30
0.0
 40
1.937500000000012
  0
CIRCLE
  5
C5
330
70
100
AcDbEntity
  8
final_table_top_design v3_depths$1_4_
100
AcDbCircle
 10
-317.3588298008131
 20
-35.65811580317144
 30
0.0
 40
0.9999999999999927
  0
CIRCLE
  5
C6
330
70
100
AcDbEntity
  8
final_table_top_design v3_depths$1_4_
100
AcDbCircle
 10
-232.7338298009697
 20
-101.8045349746789
 30
0.0
 40
1.499999999999989
  0
CIRCLE
  5
C7
330
70
100
AcDbEntity
  8
final_table_top_design v3_depths$1_4_
100
AcDbCircle
 10
-232.7338298009697
 20
-94.05453497467892
 30
0.0
 40
1.499999999999989
  0
CIRCLE
  5
C8
330
70
100
AcDbEntity
  8
final_table_top_design v3_depths$1_4_
100
AcDbCircle
 10
-232.7338298011052
 20
-94.05453497480641
 30
0.0
 40
0.9999999999999927
  0
LINE
  5
C9
330
70
100
AcDbEntity
  8
final_table_top_design v3_depths$1_4_
100
AcDbLine
 10
-228.6521782404778
 20
-54.80453497454211
 30
0.0
 11
-228.6521782404778
 21
-8.804534974542107
 31
0.0
  0
CIRCLE
  5
CA
330
70
100
AcDbEntity
  8
final_table_top_design v3_depths$1_4_
100
AcDbCircle
 10
-230.5896782404778
 20
-29.8670349745421
 30
0.0
 40
0.9999999999999927
  0
CIRCLE
  5
CB
330
70
100
AcDbEntity
  8
final_table_top_design v3_depths$1_4_
100
AcDbCircle
 10
-233.9455266801426
 20
-27.92953497454222
 30
0.0
 40
0.9999999999999927
  0
CIRCLE
  5
CC
330
70
100
AcDbEntity
  8
final_table_top_design v3_depths$1_4_
100
AcDbCircle
 10
-230.5896782404778
 20
-37.6170349745421
 30
0.0
 40
0.9999999999999927
  0
CIRCLE
  5
CD
330
70
100
AcDbEntity
  8
final_table_top_design v3_depths$1_4_
100
AcDbCircle
 10
-232.7338298011052
 20
-97.92953497482471
 30
0.0
 40
1.937500000000012
  0
CIRCLE
  5
CE
330
70
100
AcDbEntity
  8
final_table_top_design v3_depths$1_4_
100
AcDbCircle
 10
-240.657223559472
 20
-31.80453497454215
 30
0.0
 40
0.9999999999999927
  0
CIRCLE
  5
CF
330
70
100
AcDbEntity
  8
final_table_top_design v3_depths$1_4_
100
AcDbCircle
 10
-232.7338298009697
 20
-97.92953497467891
 30
0.0
 40
1.499999999999989
  0
CIRCLE
  5
D0
330
70
100
AcDbEntity
  8
final_table_top_design v3_depths$1_4_
100
AcDbCircle
 10
-237.3013751198072
 20
-33.74203497454216
 30
0.0
 40
0.9999999999999927
  0
CIRCLE
  5
D1
330
70
100
AcDbEntity
  8
final_table_top_design v3_depths$1_4_
100
AcDbCircle
 10
-237.3013751198072
 20
-29.86703497454217
 30
0.0
 40
0.9999999999999927
  0
CIRCLE
  5
D2
330
70
100
AcDbEntity
  8
final_table_top_design v3_depths$1_4_
100
AcDbCircle
 10
-317.3588298008131
 20
-35.65811580317144
 30
0.0
 40
0.9999999999999927
  0
CIRCLE
  5
D3
330
70
100
AcDbEntity
  8
final_table_top_design v3_depths$1_4_
100
AcDbCircle
 10
-230.5896782404778
 20
-25.9920349745421
 30
0.0
 40
0.9999999999999927
  0
CIRCLE
  5
D4
330
70
100
AcDbEntity
  8
final_table_top_design v3_depths$1_4_
100
AcDbCircle
 10
-233.9455266801426
 20
-31.80453497454222
 30
0.0
 40
1.499999999999989
  0
CIRCLE
  5
D5
330
70
100
AcDbEntity
  8
final_table_top_design v3_depths$1_4_
100
AcDbCircle
 10
-230.5896782404778
 20
-33.7420349745421
 30
0.0
 40
1.937500000000012
  0
CIRCLE
  5
D6
330
70
100
AcDbEntity
  8
final_table_top_design v3_depths$1_4_
100
AcDbCircle
 10
-233.9455266801426
 20
-27.92953497454222
 30
0.0
 40
1.499999999999989
  0
CIRCLE
  5
D7
330
70
100
AcDbEntity
  8
final_table_top_design v3_depths$1_4_
100
AcDbCircle
 10
-240.657223559472
 20
-31.80453497454215
 30
0.0
 40
1.499999999999989
  0
CIRCLE
  5
D8
330
70
100
AcDbEntity
  8
final_table_top_design v3_depths$1_4_
100
AcDbCircle
 10
-230.5896782404778
 20
-37.6170349745421
 30
0.0
 40
1.937500000000012
  0
CIRCLE
  5
D9
330
70
100
AcDbEntity
  8
final_table_top_design v3_depths$1_4_
100
AcDbCircle
 10
-230.1521782404778
 20
-10.33449575547839
 30
0.0
 40
1.937500000000012
  0
CIRCLE
  5
DA
330
70
100
AcDbEntity
  8
final_table_top_design v3_depths$1_4_
100
AcDbCircle
 10
-233.9455266801426
 20
-31.80453497454222
 30
0.0
 40
1.937500000000012
  0
CIRCLE
  5
DB
330
70
100
AcDbEntity
  8
final_table_top_design v3_depths$1_4_
100
AcDbCircle
 10
-230.5896782404778
 20
-37.6170349745421
 30
0.0
 40
1.499999999999989
  0
CIRCLE
  5
DC
330
70
100
AcDbEntity
  8
final_table_top_design v3_depths$1_4_
100
AcDbCircle
 10
-230.1521782404778
 20
-53.35329597679011
 30
0.0
 40
1.937500000000012
  0
CIRCLE
  5
DD
330
70
100
AcDbEntity
  8
final_table_top_design v3_depths$1_4_
100
AcDbCircle
 10
-230.5896782404778
 20
-25.9920349745421
 30
0.0
 40
1.937500000000012
  0
CIRCLE
  5
DE
330
70
100
AcDbEntity
  8
final_table_top_design v3_depths$1_4_
100
AcDbCircle
 10
-230.5896782404778
 20
-37.6170349745421
 30
0.0
 40
0.9999999999999927
  0
CIRCLE
  5
DF
330
70
100
AcDbEntity
  8
final_table_top_design v3_depths$1_4_
100
AcDbCircle
 10
-317.3588298008131
 20
-35.65811580317144
 30
0.0
 40
1.499999999999989
  0
CIRCLE
  5
E0
330
70
100
AcDbEntity
  8
final_table_top_design v3_depths$1_4_
100
AcDbCircle
 10
-317.3588298008131
 20
-35.65811580317144
 30
0.0
 40
1.937500000000012
  0
CIRCLE
  5
E1
330
70
100
AcDbEntity
  8
final_table_top_design v3_depths$1_4_
100
AcDbCircle
 10
-230.1521782404778
 20
-53.35329597679011
 30
0.0
 40
0.9999999999999927
  0
CIRCLE
  5
E2
330
70
100
AcDbEntity
  8
final_table_top_design v3_depths$1_4_
100
AcDbCircle
 10
-230.1521782404778
 20
-10.33449575547839
 30
0.0
 40
0.9999999999999927
  0
CIRCLE
  5
E3
330
70
100
AcDbEntity
  8
final_table_top_design v3_depths$1_4_
100
AcDbCircle
 10
-233.9455266801426
 20
-35.67953497454221
 30
0.0
 40
1.499999999999989
  0
CIRCLE
  5
E4
330
70
100
AcDbEntity
  8
final_table_top_design v3_depths$1_4_
100
AcDbCircle
 10
-230.5896782404778
 20
-29.8670349745421
 30
0.0
 40
1.937500000000012
  0
LINE
  5
E5
330
70
100
AcDbEntity
  8
final_table_top_design v3_depths$1_4_
100
AcDbLine
 10
-264.4701782404778
 20
-31.80453497454211
 30
0.0
 11
-228.6521782404778
 21
-31.80453497454211
 31
0.0
  0
CIRCLE
  5
E6
330
70
100
AcDbEntity
  8
final_table_top_design v3_depths$1_4_
100
AcDbCircle
 10
-230.5896782404778
 20
-33.7420349745421
 30
0.0
 40
1.499999999999989
  0
CIRCLE
  5
E7
330
70
100
AcDbEntity
  8
final_table_top_design v3_depths$1_4_
100
AcDbCircle
 10
-230.5896782404778
 20
-33.7420349745421
 30
0.0
 40
0.9999999999999927
  0
CIRCLE
  5
E8
330
70
100
AcDbEntity
  8
final_table_top_design v3_depths$1_4_
100
AcDbCircle
 10
-233.9455266801426
 20
-31.80453497454222
 30
0.0
 40
0.9999999999999927
  0
CIRCLE
  5
E9
330
70
100
AcDbEntity
  8
final_table_top_design v3_depths$1_4_
100
AcDbCircle
 10
-230.5896782404778
 20
-29.8670349745421
 30
0.0
 40
1.499999999999989
  0
CIRCLE
  5
EA
330
70
100
AcDbEntity
  8
final_table_top_design v3_depths$1_4_
100
AcDbCircle
 10
-233.9455266801426
 20
-27.92953497454222
 30
0.0
 40
1.937500000000012
  0
CIRCLE
  5
EB
330
70
100
AcDbEntity
  8
final_table_top_design v3_depths$1_4_
100
AcDbCircle
 10
-317.3588298008131
 20
-35.65811580317144
 30
0.0
 40
1.499999999999989
  0
CIRCLE
  5
EC
330
70
100
AcDbEntity
  8
final_table_top_design v3_depths$1_4_
100
AcDbCircle
 10
-230.1521782404778
 20
-53.35329597679011
 30
0.0
 40
1.499999999999989
  0
CIRCLE
  5
ED
330
70
100
AcDbEntity
  8
final_table_top_design v3_depths$1_4_
100
AcDbCircle
 10
-237.3013751198072
 20
-33.74203497454216
 30
0.0
 40
1.937500000000012
  0
CIRCLE
  5
EE
330
70
100
AcDbEntity
  8
final_table_top_design v3_depths$1_4_
100
AcDbCircle
 10
-317.3588298008131
 20
-35.65811580317144
 30
0.0
 40
1.937500000000012
  0
LINE
  5
EF
330
70
100
AcDbEntity
  8
final_table_top_design v3_depths$1_4_
100
AcDbLine
 10
-228.6521782404778
 20
-54.80453497454211
 30
0.0
 11
-228.6521782404778
 21
-8.804534974542107
 31
0.0
  0
CIRCLE
  5
F0
330
70
100
AcDbEntity
  8
final_table_top_design v3_depths$1_4_
100
AcDbCircle
 10
-237.3013751198072
 20
-33.74203497454216
 30
0.0
 40
1.499999999999989
  0
CIRCLE
  5
F1
330
70
100
AcDbEntity
  8
final_table_top_design v3_depths$1_4_
100
AcDbCircle
 10
-237.3013751198072
 20
-29.86703497454217
 30
0.0
 40
1.937500000000012
  0
CIRCLE
  5
F2
330
70
100
AcDbEntity
  8
final_table_top_design v3_depths$1_4_
100
AcDbCircle
 10
-230.5896782404778
 20
-37.6170349745421
 30
0.0
 40
1.937500000000012
  0
LINE
  5
F3
330
70
100
AcDbEntity
  8
final_table_top_design v3_depths$1_4_
100
AcDbLine
 10
-236.6521782405013
 20
-15.62998868833019
 30
0.0
 11
-264.6673141971338
 21
-31.80453497427777
 31
0.0
  0
LINE
  5
F4
330
70
100
AcDbEntity
  8
final_table_top_design v3_depths$1_4_
100
AcDbLine
 10
-322.2343278554671
 20
-31.7831158031715
 30
0.0
 11
-322.6521782404778
 21
-31.7831158031715
 31
0.0
  0
LINE
  5
F5
330
70
100
AcDbEntity
  8
final_table_top_design v3_depths$1_4_
100
AcDbLine
 10
-314.6521782404778
 20
-15.60856951706349
 30
0.0
 11
-286.6370422838219
 21
-31.78311580343589
 31
0.0
  0
CIRCLE
  5
F6
330
70
100
AcDbEntity
  8
final_table_top_design v3_depths$1_4_
100
AcDbCircle
 10
-236.0896782404779
 20
-92.11703497454209
 30
0.0
 40
1.499999999999989
  0
CIRCLE
  5
F7
330
70
100
AcDbEntity
  8
final_table_top_design v3_depths$1_4_
100
AcDbCircle
 10
-232.7338298011052
 20
-82.42953497482472
 30
0.0
 40
1.937500000000012
  0
CIRCLE
  5
F8
330
70
100
AcDbEntity
  8
final_table_top_design v3_depths$1_4_
100
AcDbCircle
 10
-232.7338298011052
 20
-78.5545349748064
 30
0.0
 40
0.9999999999999927
  0
CIRCLE
  5
F9
330
70
100
AcDbEntity
  8
final_table_top_design v3_depths$1_4_
100
AcDbCircle
 10
-236.0896782404779
 20
-107.6170349745421
 30
0.0
 40
0.9999999999999927
  0
CIRCLE
  5
FA
330
70
100
AcDbEntity
  8
final_table_top_design v3_depths$1_4_
100
AcDbCircle
 10
-236.0896782404779
 20
-103.7420349745421
 30
0.0
 40
1.937500000000012
  0
CIRCLE
  5
FB
330
70
100
AcDbEntity
  8
final_table_top_design v3_depths$1_4_
100
AcDbCircle
 10
-232.7338298009697
 20
-74.67953497467892
 30
0.0
 40
1.499999999999989
  0
CIRCLE
  5
FC
330
70
100
AcDbEntity
  8
final_table_top_design v3_depths$1_4_
100
AcDbCircle
 10
-232.7338298011052
 20
-82.42953497480639
 30
0.0
 40
0.9999999999999927
  0
CIRCLE
  5
FD
330
70
100
AcDbEntity
  8
final_table_top_design v3_depths$1_4_
100
AcDbCircle
 10
-236.0896782404779
 20
-95.9920349745421
 30
0.0
 40
0.9999999999999927
  0
CIRCLE
  5
FE
330
70
100
AcDbEntity
  8
final_table_top_design v3_depths$1_4_
100
AcDbCircle
 10
-230.5896782404778
 20
-37.6170349745421
 30
0.0
 40
1.937500000000012
  0
CIRCLE
  5
FF
330
70
100
AcDbEntity
  8
final_table_top_design v3_depths$1_4_
100
AcDbCircle
 10
-230.5896782404778
 20
-37.6170349745421
 30
0.0
 40
1.499999999999989
  0
CIRCLE
  5
100
330
70
100
AcDbEntity
  8
final_table_top_design v3_depths$1_4_
100
AcDbCircle
 10
-232.7338298011052
 20
-74.6795349748064
 30
0.0
 40
0.9999999999999927
  0
CIRCLE
  5
101
330
70
100
AcDbEntity
  8
final_table_top_design v3_depths$1_4_
100
AcDbCircle
 10
-236.0896782404779
 20
-99.86703497454209
 30
0.0
 40
0.9999999999999927
  0
CIRCLE
  5
102
330
70
100
AcDbEntity
  8
final_table_top_design v3_depths$1_4_
100
AcDbCircle
 10
-236.0896782404779
 20
-84.36703497454208
 30
0.0
 40
1.499999999999989
  0
CIRCLE
  5
103
330
70
100
AcDbEntity
  8
final_table_top_design v3_depths$1_4_
100
AcDbCircle
 10
-236.0896782404779
 20
-76.61703497454209
 30
0.0
 40
0.9999999999999927
  0
LINE
  5
104
330
70
100
AcDbEntity
  8
final_table_top_design v3_depths$1_4_
100
AcDbLine
 10
-232.042424017157
 20
-112.1909505834407
 30
0.0
 11
-266.8114657577612
 21
-92.11703497452491
 31
0.0
  0
LINE
  5
105
330
70
100
AcDbEntity
  8
final_table_top_design v3_depths$1_4_
100
AcDbLine
 10
-231.7650306976885
 20
-71.88296625845288
 30
0.0
 11
-266.8114657577612
 21
-92.11703497452491
 31
0.0
  0
CIRCLE
  5
106
330
70
100
AcDbEntity
  8
final_table_top_design v3_depths$1_4_
100
AcDbCircle
 10
-236.0896782404779
 20
-107.6170349745421
 30
0.0
 40
1.937500000000012
  0
LINE
  5
107
330
70
100
AcDbEntity
  8
final_table_top_design v3_depths$1_4_
100
AcDbLine
 10
-232.042424017157
 20
-112.1909505834407
 30
0.0
 11
-230.7963298011051
 21
-112.9103834145322
 31
0.0
  0
LINE
  5
108
330
70
100
AcDbEntity
  8
final_table_top_design v3_depths$1_4_
100
AcDbLine
 10
-334.6593986166232
 20
-79.90490499364788
 30
0.0
 11
-298.6442626599671
 21
-100.6982534336552
 31
0.0
  0
LINE
  5
109
330
70
100
AcDbEntity
  8
final_table_top_design v3_depths$1_4_
100
AcDbLine
 10
-334.659398616623
 20
-121.4916018731339
 30
0.0
 11
-298.6442626599671
 21
-100.6982534336552
 31
0.0
  0
LINE
  5
10A
330
70
100
AcDbEntity
  8
final_table_top_design v3_depths$1_4_
100
AcDbLine
 10
-314.6521782404778
 20
-47.95766208939697
 30
0.0
 11
-286.6370422838219
 21
-31.78311580343589
 31
0.0
  0
CIRCLE
  5
10B
330
70
100
AcDbEntity
  8
final_table_top_design v3_depths$1_4_
100
AcDbCircle
 10
-236.0896782404779
 20
-84.36703497454208
 30
0.0
 40
1.937500000000012
  0
CIRCLE
  5
10C
330
70
100
AcDbEntity
  8
final_table_top_design v3_depths$1_4_
100
AcDbCircle
 10
-232.7338298011052
 20
-90.17953497482471
 30
0.0
 40
1.937500000000012
  0
CIRCLE
  5
10D
330
70
100
AcDbEntity
  8
final_table_top_design v3_depths$1_4_
100
AcDbCircle
 10
-232.7338298009697
 20
-78.55453497467891
 30
0.0
 40
1.499999999999989
  0
CIRCLE
  5
10E
330
70
100
AcDbEntity
  8
final_table_top_design v3_depths$1_4_
100
AcDbCircle
 10
-236.0896782404779
 20
-88.2420349745421
 30
0.0
 40
1.499999999999989
  0
CIRCLE
  5
10F
330
70
100
AcDbEntity
  8
final_table_top_design v3_depths$1_4_
100
AcDbCircle
 10
-232.7338298009697
 20
-86.30453497467891
 30
0.0
 40
1.499999999999989
  0
CIRCLE
  5
110
330
70
100
AcDbEntity
  8
final_table_top_design v3_depths$1_4_
100
AcDbCircle
 10
-232.7338298009697
 20
-82.42953497467892
 30
0.0
 40
1.499999999999989
  0
CIRCLE
  5
111
330
70
100
AcDbEntity
  8
final_table_top_design v3_depths$1_4_
100
AcDbCircle
 10
-232.7338298011052
 20
-78.55453497482471
 30
0.0
 40
1.937500000000012
  0
CIRCLE
  5
112
330
70
100
AcDbEntity
  8
final_table_top_design v3_depths$1_4_
100
AcDbCircle
 10
-230.5896782404778
 20
-37.6170349745421
 30
0.0
 40
0.9999999999999927
  0
CIRCLE
  5
113
330
70
100
AcDbEntity
  8
final_table_top_design v3_depths$1_4_
100
AcDbCircle
 10
-232.7338298011052
 20
-90.1795349748064
 30
0.0
 40
0.9999999999999927
  0
CIRCLE
  5
114
330
70
100
AcDbEntity
  8
final_table_top_design v3_depths$1_4_
100
AcDbCircle
 10
-236.0896782404779
 20
-107.6170349745421
 30
0.0
 40
1.499999999999989
  0
CIRCLE
  5
115
330
70
100
AcDbEntity
  8
final_table_top_design v3_depths$1_4_
100
AcDbCircle
 10
-236.0896782404779
 20
-103.7420349745421
 30
0.0
 40
0.9999999999999927
  0
CIRCLE
  5
116
330
70
100
AcDbEntity
  8
final_table_top_design v3_depths$1_4_
100
AcDbCircle
 10
-236.0896782404779
 20
-99.86703497454209
 30
0.0
 40
1.937500000000012
  0
CIRCLE
  5
117
330
70
100
AcDbEntity
  8
final_table_top_design v3_depths$1_4_
100
AcDbCircle
 10
-236.0896782404779
 20
-88.2420349745421
 30
0.0
 40
0.9999999999999927
  0
CIRCLE
  5
118
330
70
100
AcDbEntity
  8
final_table_top_design v3_depths$1_4_
100
AcDbCircle
 10
-236.0896782404779
 20
-92.11703497454209
 30
0.0
 40
0.9999999999999927
  0
CIRCLE
  5
119
330
70
100
AcDbEntity
  8
final_table_top_design v3_depths$1_4_
100
AcDbCircle
 10
-236.0896782404779
 20
-92.11703497454209
 30
0.0
 40
1.937500000000012
  0
CIRCLE
  5
11A
330
70
100
AcDbEntity
  8
final_table_top_design v3_depths$1_4_
100
AcDbCircle
 10
-236.0896782404779
 20
-80.49203497454211
 30
0.0
 40
1.937500000000012
  0
CIRCLE
  5
11B
330
70
100
AcDbEntity
  8
final_table_top_design v3_depths$1_4_
100
AcDbCircle
 10
-236.0896782404779
 20
-80.49203497454211
 30
0.0
 40
0.9999999999999927
  0
CIRCLE
  5
11C
330
70
100
AcDbEntity
  8
final_table_top_design v3_depths$1_4_
100
AcDbCircle
 10
-236.0896782404779
 20
-76.61703497454209
 30
0.0
 40
1.937500000000012
  0
CIRCLE
  5
11D
330
70
100
AcDbEntity
  8
final_table_top_design v3_depths$1_4_
100
AcDbCircle
 10
-232.7338298009697
 20
-90.17953497467891
 30
0.0
 40
1.499999999999989
  0
LINE
  5
11E
330
70
100
AcDbEntity
  8
final_table_top_design v3_depths$1_4_
100
AcDbLine
 10
-228.6521782404778
 20
-52.59788341428511
 30
0.0
 11
-228.6521782404779
 21
-11.01118653479908
 31
0.0
  0
LINE
  5
11F
330
70
100
AcDbEntity
  8
final_table_top_design v3_depths$1_4_
100
AcDbLine
 10
-232.042424017157
 20
-112.1909505834407
 30
0.0
 11
-266.8114657577612
 21
-92.11703497452491
 31
0.0
  0
LINE
  5
120
330
70
100
AcDbEntity
  8
final_table_top_design v3_depths$1_4_
100
AcDbLine
 10
-231.7650306976885
 20
-71.88296625845288
 30
0.0
 11
-266.8114657577612
 21
-92.11703497452491
 31
0.0
  0
LINE
  5
121
330
70
100
AcDbEntity
  8
final_table_top_design v3_depths$1_4_
100
AcDbLine
 10
-229.8982724565297
 20
-51.87845058319354
 30
0.0
 11
-229.9068606702397
 21
-51.87349217569605
 31
0.0
  0
LINE
  5
122
330
70
100
AcDbEntity
  8
final_table_top_design v3_depths$1_4_
100
AcDbLine
 10
-236.6521782410946
 20
-47.97908126029401
 30
0.0
 11
-264.6673141971338
 21
-31.80453497427777
 31
0.0
  0
CIRCLE
  5
123
330
70
100
AcDbEntity
  8
final_table_top_design v3_depths$1_4_
100
AcDbCircle
 10
-236.0896782404779
 20
-84.36703497454208
 30
0.0
 40
0.9999999999999927
  0
CIRCLE
  5
124
330
70
100
AcDbEntity
  8
final_table_top_design v3_depths$1_4_
100
AcDbCircle
 10
-232.7338298011052
 20
-86.3045349748064
 30
0.0
 40
0.9999999999999927
  0
LINE
  5
125
330
70
100
AcDbEntity
  8
final_table_top_design v3_depths$1_4_
100
AcDbLine
 10
-334.6593986166232
 20
-79.90490499364788
 30
0.0
 11
-334.6593986166231
 21
-121.4916018731339
 31
0.0
  0
LINE
  5
126
330
70
100
AcDbEntity
  8
final_table_top_design v3_depths$1_4_
100
AcDbLine
 10
-322.6521782404778
 20
-10.98976736342849
 30
0.0
 11
-322.6521782404778
 21
-52.57646424291451
 31
0.0
  0
CIRCLE
  5
127
330
70
100
AcDbEntity
  8
final_table_top_design v3_depths$1_4_
100
AcDbCircle
 10
-232.7338298011052
 20
-86.30453497482472
 30
0.0
 40
1.937500000000012
  0
CIRCLE
  5
128
330
70
100
AcDbEntity
  8
final_table_top_design v3_depths$1_4_
100
AcDbCircle
 10
-232.7338298011052
 20
-74.67953497482473
 30
0.0
 40
1.937500000000012
  0
CIRCLE
  5
129
330
70
100
AcDbEntity
  8
final_table_top_design v3_depths$1_4_
100
AcDbCircle
 10
-236.0896782404779
 20
-88.2420349745421
 30
0.0
 40
1.937500000000012
  0
CIRCLE
  5
12A
330
70
100
AcDbEntity
  8
final_table_top_design v3_depths$1_4_
100
AcDbCircle
 10
-236.0896782404779
 20
-95.9920349745421
 30
0.0
 40
1.937500000000012
  0
CIRCLE
  5
12B
330
70
100
AcDbEntity
  8
final_table_top_design v3_depths$1_4_
100
AcDbCircle
 10
-236.0896782404779
 20
-76.61703497454209
 30
0.0
 40
1.499999999999989
  0
LINE
  5
12C
330
70
100
AcDbEntity
  8
final_table_top_design v3_depths$1_4_
100
AcDbLine
 10
-230.7963298011051
 20
-112.9103834145322
 30
0.0
 11
-230.7963298011052
 21
-71.32368653504624
 31
0.0
  0
CIRCLE
  5
12D
330
70
100
AcDbEntity
  8
final_table_top_design v3_depths$1_4_
100
AcDbCircle
 10
-236.0896782404779
 20
-99.86703497454209
 30
0.0
 40
1.499999999999989
  0
CIRCLE
  5
12E
330
70
100
AcDbEntity
  8
final_table_top_design v3_depths$1_4_
100
AcDbCircle
 10
-236.0896782404779
 20
-80.49203497454211
 30
0.0
 40
1.499999999999989
  0
CIRCLE
  5
12F
330
70
100
AcDbEntity
  8
final_table_top_design v3_depths$1_4_
100
AcDbCircle
 10
-236.0896782404779
 20
-103.7420349745421
 30
0.0
 40
1.499999999999989
  0
LINE
  5
130
330
70
100
AcDbEntity
  8
final_table_top_design v3_depths$1_4_
100
AcDbLine
 10
-231.7650306976885
 20
-71.88296625845288
 30
0.0
 11
-230.7963298011052
 21
-71.32368653504624
 31
0.0
  0
CIRCLE
  5
131
330
70
100
AcDbEntity
  8
final_table_top_design v3_depths$1_4_
100
AcDbCircle
 10
-236.0896782404779
 20
-95.9920349745421
 30
0.0
 40
1.499999999999989
  0
POINT
  5
133
330
70
100
AcDbEntity
  8
final_table_top_design v3_depths$3_4_
100
AcDbPoint
 10
-228.6521782404778
 20
-31.80453497454211
 30
0.0
  0
POINT
  5
134
330
70
100
AcDbEntity
  8
final_table_top_design v3_depths$3_4_
100
AcDbPoint
 10
-228.6521782404778
 20
-31.80453497454211
 30
0.0
  0
POINT
  5
135
330
70
100
AcDbEntity
  8
final_table_top_design v3_depths$3_4_
100
AcDbPoint
 10
-228.6521782404778
 20
168.1954650254579
 30
0.0
  0
POINT
  5
136
330
70
100
AcDbEntity
  8
final_table_top_design v3_depths$3_4_
100
AcDbPoint
 10
-228.6521782404778
 20
168.1954650254579
 30
0.0
  0
POINT
  5
137
330
70
100
AcDbEntity
  8
final_table_top_design v3_depths$3_4_
100
AcDbPoint
 10
-275.1799062393974
 20
169.1736165193949
 30
0.0
  0
POINT
  5
138
330
70
100
AcDbEntity
  8
final_table_top_design v3_depths$3_4_
100
AcDbPoint
 10
-228.6521782404778
 20
408.1954650254577
 30
0.0
  0
POINT
  5
139
330
70
100
AcDbEntity
  8
final_table_top_design v3_depths$3_4_
100
AcDbPoint
 10
-228.6521782404778
 20
408.1954650254577
 30
0.0
  0
POINT
  5
13A
330
70
100
AcDbEntity
  8
final_table_top_design v3_depths$3_4_
100
AcDbPoint
 10
-228.6521782404778
 20
408.1954650254577
 30
0.0
  0
POINT
  5
13B
330
70
100
AcDbEntity
  8
final_table_top_design v3_depths$3_4_
100
AcDbPoint
 10
-228.6521782404778
 20
168.1954650254579
 30
0.0
  0
LINE
  5
13C
330
70
100
AcDbEntity
  8
final_table_top_design v3_depths$3_4_
100
AcDbLine
 10
-314.900559814165
 20
210.8643602011607
 30
0.0
 11
-314.900559814165
 21
210.2277767108394
 31
0.0
  0
LINE
  5
13D
330
70
100
AcDbEntity
  8
final_table_top_design v3_depths$3_4_
100
AcDbLine
 10
-315.0658711257327
 20
213.9791762882951
 30
0.0
 11
-315.0658711257327
 21
212.2496252169024
 31
0.0
  0
ARC
  5
13E
330
70
100
AcDbEntity
  8
final_table_top_design v3_depths$3_4_
100
AcDbCircle
 10
275.6521782404778
 20
408.1954650254577
 30
0.0
 40
11.49999999999994
210
0.0
220
0.0
230
-1.0
100
AcDbArc
 50
231.5000495907522
 51
245.9293853774332
  0
LINE
  5
13F
330
70
100
AcDbEntity
  8
final_table_top_design v3_depths$3_4_
100
AcDbLine
 10
-279.6359906716467
 20
405.9906990677882
 30
0.0
 11
-279.6359906716467
 21
406.6272825581094
 31
0.0
  0
LINE
  5
140
330
70
100
AcDbEntity
  8
final_table_top_design v3_depths$3_4_
100
AcDbLine
 10
-271.3106760033423
 20
403.2210966831319
 30
0.0
 11
-271.3106760033423
 21
411.221096683132
 31
0.0
  0
LINE
  5
141
330
70
100
AcDbEntity
  8
final_table_top_design v3_depths$3_4_
100
AcDbLine
 10
-311.9167473829961
 20
217.4996252169024
 30
0.0
 11
-311.9167473829961
 21
217.2496252169024
 31
0.0
  0
LINE
  5
142
330
70
100
AcDbEntity
  8
final_table_top_design v3_depths$3_4_
100
AcDbLine
 10
-315.5658711257327
 20
204.2496252169025
 30
0.0
 11
-315.5658711257327
 21
212.2496252169024
 31
0.0
  0
ARC
  5
143
330
70
100
AcDbEntity
  8
final_table_top_design v3_depths$3_4_
100
AcDbCircle
 10
-276.4530732200401
 20
407.2638660484308
 30
0.0
 40
1.27316698064268
100
AcDbArc
 50
325.6308959472999
 51
0.0
  0
ARC
  5
144
330
70
100
AcDbEntity
  8
final_table_top_design v3_depths$3_4_
100
AcDbCircle
 10
-311.7176423625584
 20
208.3180262398755
 30
0.0
 40
2.546333961285262
100
AcDbArc
 50
210.0000000000008
 51
282.4946401056688
  0
LINE
  5
145
330
70
100
AcDbEntity
  8
final_table_top_design v3_depths$3_4_
100
AcDbLine
 10
-228.6521782404778
 20
385.1954650254578
 30
0.0
 11
-228.6521782404778
 21
431.1954650254578
 31
0.0
  0
LINE
  5
146
330
70
100
AcDbEntity
  8
final_table_top_design v3_depths$3_4_
100
AcDbLine
 10
-311.9167473829961
 20
216.9729150233984
 30
0.0
 11
-311.9167473829961
 21
217.2496252169024
 31
0.0
  0
LINE
  5
147
330
70
100
AcDbEntity
  8
final_table_top_design v3_depths$3_4_
100
AcDbLine
 10
-315.0658711257327
 20
212.2496252169024
 30
0.0
 11
-315.0658711257327
 21
204.2496252169025
 31
0.0
  0
LINE
  5
148
330
70
100
AcDbEntity
  8
final_table_top_design v3_depths$3_4_
100
AcDbLine
 10
-315.0658711257327
 20
204.2496252169025
 30
0.0
 11
-315.0658711257327
 21
202.9336297451525
 31
0.0
  0
SPLINE
  5
149
330
70
100
AcDbEntity
  8
final_table_top_design v3_depths$3_4_
100
AcDbSpline
210
0.0
220
0.0
230
1.0
 70
     8
 71
     3
 72
    10
 73
     6
 74
     0
 42
0.000000001
 43
0.0000000001
 40
9.245404953865573
 40
9.245404953865573
 40
9.245404953865573
 40
9.245404953865573
 40
9.493123517299839
 40
9.803101115002416
 40
10.17054300509518
 40
10.17054300509518
 40
10.17054300509518
 40
10.17054300509518
 10
-314.8256870446045
 20
202.4336297451525
 30
0.0
 10
-314.7589423159066
 20
202.3849901470041
 30
0.0
 10
-314.6028957859627
 20
202.2837419262399
 30
0.0
 10
-314.3348938351702
 20
202.1310397108898
 30
0.0
 10
-314.1347509096597
 20
202.0264364203137
 30
0.0
 10
-314.0256498346504
 20
201.9707726065334
 30
0.0
  0
SPLINE
  5
14A
330
70
100
AcDbEntity
  8
final_table_top_design v3_depths$3_4_
100
AcDbSpline
210
0.0
220
0.0
230
1.0
 70
     8
 71
     3
 72
     8
 73
     4
 74
     0
 42
0.000000001
 43
0.0000000001
 40
30.27758522084027
 40
30.27758522084027
 40
30.27758522084027
 40
30.27758522084027
 40
30.45284224207364
 40
30.45284224207364
 40
30.45284224207364
 40
30.45284224207364
 10
-314.2151918116447
 20
201.4753990178911
 30
0.0
 10
-314.235664531498
 20
201.5080460545842
 30
0.0
 10
-314.2522920713443
 20
201.5237980977561
 30
0.0
 10
-314.2556452391212
 20
201.5268002473466
 30
0.0
  0
LINE
  5
14B
330
70
100
AcDbEntity
  8
final_table_top_design v3_depths$3_4_
100
AcDbLine
 10
-311.1667473829961
 20
217.9996252169024
 30
0.0
 11
-311.1667473829961
 21
217.8062597325668
 31
0.0
  0
SPLINE
  5
14C
330
70
100
AcDbEntity
  8
final_table_top_design v3_depths$3_4_
100
AcDbSpline
210
0.0
220
0.0
230
1.0
 70
     8
 71
     3
 72
    15
 73
    11
 74
     0
 42
0.000000001
 43
0.0000000001
 40
12.06186033677064
 40
12.06186033677064
 40
12.06186033677064
 40
12.06186033677064
 40
12.1490343381928
 40
12.24150365459525
 40
12.34335710797099
 40
12.45788798892955
 40
12.58758354113388
 40
12.84133159302973
 40
13.21185503523725
 40
13.65669739873473
 40
13.65669739873473
 40
13.65669739873473
 40
13.65669739873473
 10
-280.0906720619545
 20
401.6551012113821
 30
0.0
 10
-280.0906720619545
 20
401.626043210908
 30
0.0
 10
-280.0815836356424
 20
401.5662543028553
 30
0.0
 10
-280.0437505008517
 20
401.4796887147526
 30
0.0
 10
-279.984398020731
 20
401.3951410529029
 30
0.0
 10
-279.905161067424
 20
401.3110154216398
 30
0.0
 10
-279.7791793675963
 20
401.2026562534403
 30
0.0
 10
-279.57293315281
 20
401.0585160403831
 30
0.0
 10
-279.2653808157872
 20
400.8781700467312
 30
0.0
 10
-279.0246736825029
 20
400.7518734606988
 30
0.0
 10
-278.8925908106914
 20
400.6844842403867
 30
0.0
  0
LINE
  5
14D
330
70
100
AcDbEntity
  8
final_table_top_design v3_depths$3_4_
100
AcDbLine
 10
-311.1667473829961
 20
201.1497041927115
 30
0.0
 11
-314.0751918282787
 21
201.1497041927115
 31
0.0
  0
ARC
  5
14E
330
70
100
AcDbEntity
  8
final_table_top_design v3_depths$3_4_
100
AcDbCircle
 10
-276.4530732200401
 20
407.2638660484308
 30
0.0
 40
1.909750470963981
100
AcDbArc
 50
180.0
 51
286.7660428209184
  0
LINE
  5
14F
330
70
100
AcDbEntity
  8
final_table_top_design v3_depths$3_4_
100
AcDbLine
 10
-314.900559814165
 20
207.6814427495541
 30
0.0
 11
-314.1831196190435
 21
207.6814427495542
 31
0.0
  0
LINE
  5
150
330
70
100
AcDbEntity
  8
final_table_top_design v3_depths$3_4_
100
AcDbLine
 10
-273.2701557684335
 20
407.9004495387522
 30
0.0
 11
-273.9067392587548
 21
407.9004495387521
 31
0.0
  0
LINE
  5
151
330
70
100
AcDbEntity
  8
final_table_top_design v3_depths$3_4_
100
AcDbLine
 10
-312.990809343201
 20
210.2277767108394
 30
0.0
 11
-312.990809343201
 21
208.3180262398755
 31
0.0
  0
LINE
  5
152
330
70
100
AcDbEntity
  8
final_table_top_design v3_depths$3_4_
100
AcDbLine
 10
-314.0751918282786
 20
201.1497041927115
 30
0.0
 11
-314.1367242200348
 21
201.3102170822985
 31
0.0
  0
LINE
  5
153
330
70
100
AcDbEntity
  8
final_table_top_design v3_depths$3_4_
100
AcDbLine
 10
-273.4021782404778
 20
388.6954650254578
 30
0.0
 11
-273.4021782404778
 21
387.1954650254579
 31
0.0
  0
LINE
  5
154
330
70
100
AcDbEntity
  8
final_table_top_design v3_depths$3_4_
100
AcDbLine
 10
-275.4021782404779
 20
385.1954650254578
 30
0.0
 11
-275.4021782404779
 21
398.6987550688466
 31
0.0
  0
LINE
  5
155
330
70
100
AcDbEntity
  8
final_table_top_design v3_depths$3_4_
100
AcDbLine
 10
-311.1667473829961
 20
202.9336297451525
 30
0.0
 11
-311.1667473829961
 21
201.3997041927115
 31
0.0
  0
LINE
  5
156
330
70
100
AcDbEntity
  8
final_table_top_design v3_depths$3_4_
100
AcDbLine
 10
-228.6521782404778
 20
385.1954650254578
 30
0.0
 11
-228.6521782404778
 21
431.1954650254578
 31
0.0
  0
LINE
  5
157
330
70
100
AcDbEntity
  8
final_table_top_design v3_depths$3_4_
100
AcDbLine
 10
-228.6521782406393
 20
431.1657392649882
 30
0.0
 11
-228.6521782418515
 21
385.1469959876499
 31
0.0
  0
ARC
  5
158
330
70
100
AcDbEntity
  8
final_table_top_design v3_depths$3_4_
100
AcDbCircle
 10
275.6521782404778
 20
408.1954650254577
 30
0.0
 40
11.49999999999996
210
0.0
220
0.0
230
-1.0
100
AcDbArc
 50
322.5047502354413
 51
331.4281218576908
  0
SPLINE
  5
159
330
70
100
AcDbEntity
  8
final_table_top_design v3_depths$3_4_
100
AcDbSpline
210
0.0
220
0.0
230
1.0
 70
     8
 71
     3
 72
    17
 73
    13
 74
     0
 42
0.000000001
 43
0.0000000001
 40
43.58820121221286
 40
43.58820121221286
 40
43.58820121221286
 40
43.58820121221286
 40
43.92756913933635
 40
44.08081767699568
 40
44.22217933249913
 40
44.49808645012707
 40
44.64201703925517
 40
44.79878305336838
 40
45.16035189533007
 40
45.43005822836544
 40
45.78338581063536
 40
46.25446517347157
 40
46.25446517347157
 40
46.25446517347157
 40
46.25446517347157
 10
-315.5645076545827
 20
214.0188858040112
 30
0.0
 10
-315.5527092155095
 20
214.1313914885487
 30
0.0
 10
-315.5210733475061
 20
214.2929829351424
 30
0.0
 10
-315.464118684544
 20
214.496446257475
 30
0.0
 10
-315.4082993724939
 20
214.6782769122445
 30
0.0
 10
-315.3443520165154
 20
214.8542267833749
 30
0.0
 10
-315.2660377701204
 20
215.0298241464949
 30
0.0
 10
-315.1695525155383
 20
215.2283863592784
 30
0.0
 10
-315.0494741050393
 20
215.4620211977029
 30
0.0
 10
-314.9058414503582
 20
215.7571799479466
 30
0.0
 10
-314.7637180288808
 20
216.0932267008861
 30
0.0
 10
-314.6701925444761
 20
216.351705049443
 30
0.0
 10
-314.6198659014952
 20
216.5004482386975
 30
0.0
  0
ARC
  5
15A
330
70
100
AcDbEntity
  8
final_table_top_design v3_depths$3_4_
100
AcDbCircle
 10
-276.4530732200401
 20
407.2638660484308
 30
0.0
 40
0.6365834903213312
100
AcDbArc
 50
30.07237401961562
 51
329.9276259803958
  0
LINE
  5
15B
330
70
100
AcDbEntity
  8
final_table_top_design v3_depths$3_4_
100
AcDbLine
 10
-315.5658711257327
 20
212.2496252169024
 30
0.0
 11
-315.5658711257327
 21
214.0058842320137
 31
0.0
  0
LINE
  5
15C
330
70
100
AcDbEntity
  8
final_table_top_design v3_depths$3_4_
100
AcDbLine
 10
-313.6273928335223
 20
211.5009436914821
 30
0.0
 11
-313.6273928335223
 21
208.3180262398755
 31
0.0
  0
LINE
  5
15D
330
70
100
AcDbEntity
  8
final_table_top_design v3_depths$3_4_
100
AcDbLine
 10
-298.1884004590093
 20
417.1954650254578
 30
0.0
 11
-282.811088772116
 21
417.1954650254578
 31
0.0
  0
LINE
  5
15E
330
70
100
AcDbEntity
  8
final_table_top_design v3_depths$3_4_
100
AcDbLine
 10
-273.4021782404778
 20
424.1954650254577
 30
0.0
 11
-273.4021782404778
 21
425.6954650254578
 31
0.0
  0
LINE
  5
15F
330
70
100
AcDbEntity
  8
final_table_top_design v3_depths$3_4_
100
AcDbLine
 10
-294.7242988439601
 20
415.1954650254578
 30
0.0
 11
-284.7763220359251
 21
415.1954650254578
 31
0.0
  0
LINE
  5
160
330
70
100
AcDbEntity
  8
final_table_top_design v3_depths$3_4_
100
AcDbLine
 10
-314.900559814165
 20
207.0448592592328
 30
0.0
 11
-314.900559814165
 21
207.6814427495541
 31
0.0
  0
ARC
  5
161
330
70
100
AcDbEntity
  8
final_table_top_design v3_depths$3_4_
100
AcDbCircle
 10
-311.7176423625584
 20
208.3180262398755
 30
0.0
 40
0.6365834903213702
100
AcDbArc
 50
30.07237401961305
 51
329.927625980394
  0
SPLINE
  5
162
330
70
100
AcDbEntity
  8
final_table_top_design v3_depths$3_4_
100
AcDbSpline
210
0.0
220
0.0
230
1.0
 70
     8
 71
     3
 72
    15
 73
    11
 74
     0
 42
0.000000001
 43
0.0000000001
 40
30.45284224207364
 40
30.45284224207364
 40
30.45284224207364
 40
30.45284224207364
 40
30.8329185874387
 40
31.16630862856613
 40
31.45667041761297
 40
31.71059180858089
 40
31.92036874053456
 40
32.03579412783577
 40
32.1542087125757
 40
32.27610719495161
 40
32.27610719495161
 40
32.27610719495161
 40
32.27610719495161
 10
-314.2556452391212
 20
201.5268002473466
 30
0.0
 10
-314.3684880285697
 20
201.5843970953808
 30
0.0
 10
-314.5791916908339
 20
201.6947007371125
 30
0.0
 10
-314.8700522629507
 20
201.8603577601179
 30
0.0
 10
-315.1151046147907
 20
202.0204505811498
 30
0.0
 10
-315.3118288729874
 20
202.1777331610181
 30
0.0
 10
-315.4409399196736
 20
202.3225675406537
 30
0.0
 10
-315.5159744513387
 20
202.4506984594976
 30
0.0
 10
-315.5559846739285
 20
202.5629209497782
 30
0.0
 10
-315.5658711257327
 20
202.6429969176939
 30
0.0
 10
-315.5658711257327
 20
202.6836297451525
 30
0.0
  0
ARC
  5
163
330
70
100
AcDbEntity
  8
final_table_top_design v3_depths$3_4_
100
AcDbCircle
 10
-311.7176423625584
 20
208.3180262398755
 30
0.0
 40
1.909750470963892
100
AcDbArc
 50
180.0
 51
286.7660428209194
  0
LINE
  5
164
330
70
100
AcDbEntity
  8
final_table_top_design v3_depths$3_4_
100
AcDbLine
 10
-278.3628236910041
 20
410.4467835000375
 30
0.0
 11
-279.6359906716467
 21
409.8102000097161
 31
0.0
  0
LINE
  5
165
330
70
100
AcDbEntity
  8
final_table_top_design v3_depths$3_4_
100
AcDbLine
 10
-273.4021782404778
 20
395.6954650254578
 30
0.0
 11
-273.4021782404778
 21
394.1954650254578
 31
0.0
  0
LINE
  5
166
330
70
100
AcDbEntity
  8
final_table_top_design v3_depths$3_4_
100
AcDbLine
 10
-247.0166791029829
 20
420.6954650254577
 30
0.0
 11
-244.4186028916298
 21
422.1954650254578
 31
0.0
  0
SPLINE
  5
167
330
70
100
AcDbEntity
  8
final_table_top_design v3_depths$3_4_
100
AcDbSpline
210
0.0
220
0.0
230
1.0
 70
     8
 71
     3
 72
    16
 73
    12
 74
     0
 42
0.000000001
 43
0.0000000001
 40
-1.847742957211396
 40
-1.847742957211396
 40
-1.847742957211396
 40
-1.847742957211396
 40
-1.135536836793288
 40
-0.882240494027271
 40
-0.6771568338059862
 40
-0.3640922275044303
 40
-0.1299349170268229
 40
0.0782756735500749
 40
0.2896476975073377
 40
0.5231639563937774
 40
0.7717946200069066
 40
0.7717946200069066
 40
0.7717946200069066
 40
0.7717946200069066
 10
-279.1557777264335
 20
415.4044132653616
 30
0.0
 10
-279.2318645728602
 20
415.1795343635875
 30
0.0
 10
-279.3443551941049
 20
414.8777056437522
 30
0.0
 10
-279.5063794227309
 20
414.5225871763739
 30
0.0
 10
-279.6210382166512
 20
414.292411687213
 30
0.0
 10
-279.734670861168
 20
414.0688898459162
 30
0.0
 10
-279.8445122813584
 20
413.8422101853882
 30
0.0
 10
-279.9249108522138
 20
413.6394814347414
 30
0.0
 10
-279.9913984106805
 20
413.4321187340553
 30
0.0
 10
-280.0531050620189
 20
413.2092658920875
 30
0.0
 10
-280.0818134676914
 20
413.0508139265363
 30
0.0
 10
-280.0904573420883
 20
412.9683890396477
 30
0.0
  0
LINE
  5
168
330
70
100
AcDbEntity
  8
final_table_top_design v3_depths$3_4_
100
AcDbLine
 10
-315.5658711257327
 20
202.6836297451525
 30
0.0
 11
-315.5658711257327
 21
204.2496252169025
 31
0.0
  0
LINE
  5
169
330
70
100
AcDbEntity
  8
final_table_top_design v3_depths$3_4_
100
AcDbLine
 10
-273.4021782404778
 20
392.1954650254578
 30
0.0
 11
-273.4021782404778
 21
390.6954650254578
 31
0.0
  0
LINE
  5
16A
330
70
100
AcDbEntity
  8
final_table_top_design v3_depths$3_4_
100
AcDbLine
 10
-314.6198659014953
 20
216.5004482386975
 30
0.0
 11
-314.6013678790716
 21
216.5551201716662
 31
0.0
  0
LINE
  5
16B
330
70
100
AcDbEntity
  8
final_table_top_design v3_depths$3_4_
100
AcDbLine
 10
-247.0166791025413
 20
395.6954650254578
 30
0.0
 11
-244.4186028912544
 21
394.1954650254578
 31
0.0
  0
LINE
  5
16C
330
70
100
AcDbEntity
  8
final_table_top_design v3_depths$3_4_
100
AcDbLine
 10
-228.6521782404779
 20
387.4021165857148
 30
0.0
 11
-228.6521782404778
 21
428.9888134652007
 31
0.0
  0
LINE
  5
16D
330
70
100
AcDbEntity
  8
final_table_top_design v3_depths$3_4_
100
AcDbLine
 10
-278.9994071813254
 20
409.4919082645555
 30
0.0
 11
-279.6359906716467
 21
409.1736165193948
 31
0.0
  0
LINE
  5
16E
330
70
100
AcDbEntity
  8
final_table_top_design v3_depths$3_4_
100
AcDbLine
 10
-314.900559814165
 20
207.0448592592328
 30
0.0
 11
-313.9228322595505
 21
207.0448592592328
 31
0.0
  0
SPLINE
  5
16F
330
70
100
AcDbEntity
  8
final_table_top_design v3_depths$3_4_
100
AcDbSpline
210
0.0
220
0.0
230
1.0
 70
     8
 71
     3
 72
    15
 73
    11
 74
     0
 42
0.000000001
 43
0.0000000001
 40
1.5838431583226
 40
1.5838431583226
 40
1.5838431583226
 40
1.5838431583226
 40
1.609979889969593
 40
1.684202766061825
 40
1.772254418393869
 40
1.876971650271134
 40
1.999594675515629
 40
2.24545025272166
 40
2.610547490989776
 40
3.052577030845768
 40
3.052577030845768
 40
3.052577030845768
 40
3.052577030845768
 10
-280.0084260205214
 20
401.615731132642
 30
0.0
 10
-280.0069181220139
 20
401.6071472173686
 30
0.0
 10
-279.9993517698032
 20
401.5744911923205
 30
0.0
 10
-279.9736324397962
 20
401.51672780754
 30
0.0
 10
-279.922063562177
 20
401.443837054151
 30
0.0
 10
-279.8497018285229
 20
401.3673262664406
 30
0.0
 10
-279.7300442488726
 20
401.2642898944856
 30
0.0
 10
-279.5291970759203
 20
401.1242988219083
 30
0.0
 10
-279.2262804407954
 20
400.9467032896248
 30
0.0
 10
-278.9880534308795
 20
400.8215860756232
 30
0.0
 10
-278.8568057444168
 20
400.7546229702851
 30
0.0
  0
LINE
  5
170
330
70
100
AcDbEntity
  8
final_table_top_design v3_depths$3_4_
100
AcDbLine
 10
-311.1667473829961
 20
202.7318459431936
 30
0.0
 11
-311.1667473829961
 21
217.1810685781386
 31
0.0
  0
ARC
  5
171
330
70
100
AcDbEntity
  8
final_table_top_design v3_depths$3_4_
100
AcDbCircle
 10
-275.6521782404778
 20
408.1954650254577
 30
0.0
 40
11.49999999999996
100
AcDbArc
 50
142.5047502354413
 51
151.4281218576908
  0
LINE
  5
172
330
70
100
AcDbEntity
  8
final_table_top_design v3_depths$3_4_
100
AcDbLine
 10
-273.4021782404778
 20
392.1954650254578
 30
0.0
 11
-273.4021782404778
 21
390.6954650254578
 31
0.0
  0
ARC
  5
173
330
70
100
AcDbEntity
  8
final_table_top_design v3_depths$3_4_
100
AcDbCircle
 10
-276.4530732200401
 20
407.2638660484308
 30
0.0
 40
2.546333961285248
100
AcDbArc
 50
294.3751248381066
 51
318.5903778907296
  0
LINE
  5
174
330
70
100
AcDbEntity
  8
final_table_top_design v3_depths$3_4_
100
AcDbLine
 10
-311.1667473829961
 20
201.1497041927115
 30
0.0
 11
-311.1667473829961
 21
201.3997041927115
 31
0.0
  0
LINE
  5
175
330
70
100
AcDbEntity
  8
final_table_top_design v3_depths$3_4_
100
AcDbLine
 10
-285.7516831788398
 20
413.6954650254578
 30
0.0
 11
-292.1262226326732
 21
413.6954650254578
 31
0.0
  0
LINE
  5
176
330
70
100
AcDbEntity
  8
final_table_top_design v3_depths$3_4_
100
AcDbLine
 10
-315.0658711257327
 20
202.9336297451525
 30
0.0
 11
-311.1667473829961
 21
202.9336297451525
 31
0.0
  0
ARC
  5
177
330
70
100
AcDbEntity
  8
final_table_top_design v3_depths$3_4_
100
AcDbCircle
 10
-311.7176423625584
 20
208.3180262398755
 30
0.0
 40
2.546333961285249
100
AcDbArc
 50
180.0000000000013
 51
194.4775121859296
  0
ARC
  5
178
330
70
100
AcDbEntity
  8
final_table_top_design v3_depths$3_4_
100
AcDbCircle
 10
314.2485513176799
 20
216.7104487710521
 30
0.0
 40
0.2624788224735723
210
0.0
220
0.0
230
-1.0
100
AcDbArc
 50
19.67043473106184
 51
90.56074068180114
  0
LINE
  5
179
330
70
100
AcDbEntity
  8
final_table_top_design v3_depths$3_4_
100
AcDbLine
 10
-311.1667473829961
 20
216.4479825187057
 30
0.0
 11
-314.109773278377
 21
216.4479825187057
 31
0.0
  0
LINE
  5
17A
330
70
100
AcDbEntity
  8
final_table_top_design v3_depths$3_4_
100
AcDbLine
 10
-311.6667473829962
 20
201.6497041927115
 30
0.0
 11
-311.6667473829962
 21
202.4336297451525
 31
0.0
  0
SPLINE
  5
17B
330
70
100
AcDbEntity
  8
final_table_top_design v3_depths$3_4_
100
AcDbSpline
210
0.0
220
0.0
230
1.0
 70
     8
 71
     3
 72
     8
 73
     4
 74
     0
 42
0.000000001
 43
0.0000000001
 40
30.08221256288962
 40
30.08221256288962
 40
30.08221256288962
 40
30.08221256288962
 40
30.27758522084027
 40
30.27758522084027
 40
30.27758522084027
 40
30.27758522084027
 10
-314.1367242200349
 20
201.3102170822985
 30
0.0
 10
-314.1646943055988
 20
201.3831796167902
 30
0.0
 10
-314.1923692755483
 20
201.4390048221661
 30
0.0
 10
-314.2151918116447
 20
201.4753990178911
 30
0.0
  0
LINE
  5
17C
330
70
100
AcDbEntity
  8
final_table_top_design v3_depths$3_4_
100
AcDbLine
 10
-298.1884004590093
 20
-22.80453497454211
 30
0.0
 11
-282.811088772116
 21
-22.80453497454211
 31
0.0
  0
LINE
  5
17D
330
70
100
AcDbEntity
  8
final_table_top_design v3_depths$3_4_
100
AcDbLine
 10
-277.9021782404778
 20
-44.30453497454212
 30
0.0
 11
-277.9021782404778
 21
-45.80453497454211
 31
0.0
  0
LINE
  5
17E
330
70
100
AcDbEntity
  8
final_table_top_design v3_depths$3_4_
100
AcDbLine
 10
-294.95853389346
 20
-38.8045349745421
 30
0.0
 11
-284.7763220359251
 21
-38.80453497454212
 31
0.0
  0
LINE
  5
17F
330
70
100
AcDbEntity
  8
final_table_top_design v3_depths$3_4_
100
AcDbLine
 10
-278.6521782404778
 20
-10.80453497454211
 30
0.0
 11
-312.6521782404779
 21
-10.80453497454211
 31
0.0
  0
LINE
  5
180
330
70
100
AcDbEntity
  8
final_table_top_design v3_depths$3_4_
100
AcDbLine
 10
-277.9021782404778
 20
-51.30453497454209
 30
0.0
 11
-277.9021782404778
 21
-52.8045349745421
 31
0.0
  0
LINE
  5
181
330
70
100
AcDbEntity
  8
final_table_top_design v3_depths$3_4_
100
AcDbLine
 10
-253.0788569288775
 20
-40.8045349745421
 30
0.0
 11
-268.4932677088397
 21
-40.80453497454209
 31
0.0
  0
LINE
  5
182
330
70
100
AcDbEntity
  8
final_table_top_design v3_depths$3_4_
100
AcDbLine
 10
-238.6521782404778
 20
-14.30453497454211
 30
0.0
 11
-238.6521782404778
 21
-14.47528814993741
 31
0.0
  0
LINE
  5
183
330
70
100
AcDbEntity
  8
final_table_top_design v3_depths$3_4_
100
AcDbLine
 10
-247.0166791025413
 20
-44.30453497454212
 30
0.0
 11
-273.4021782404778
 21
-44.30453497454212
 31
0.0
  0
LINE
  5
184
330
70
100
AcDbEntity
  8
final_table_top_design v3_depths$3_4_
100
AcDbLine
 10
-256.5429585439269
 20
-38.8045349745421
 30
0.0
 11
-266.5280344450305
 21
-38.80453497454212
 31
0.0
  0
LINE
  5
185
330
70
100
AcDbEntity
  8
final_table_top_design v3_depths$3_4_
100
AcDbLine
 10
-285.7516831788398
 20
-26.3045349745421
 30
0.0
 11
-292.1262226326732
 21
-26.3045349745421
 31
0.0
  0
LINE
  5
186
330
70
100
AcDbEntity
  8
final_table_top_design v3_depths$3_4_
100
AcDbLine
 10
-273.4021782404778
 20
-19.30453497454211
 30
0.0
 11
-273.4021782404778
 21
-17.80453497454211
 31
0.0
  0
LINE
  5
187
330
70
100
AcDbEntity
  8
final_table_top_design v3_depths$3_4_
100
AcDbLine
 10
-294.7242988439601
 20
-24.80453497454211
 30
0.0
 11
-284.7763220359251
 21
-24.80453497454209
 31
0.0
  0
LINE
  5
188
330
70
100
AcDbEntity
  8
final_table_top_design v3_depths$3_4_
100
AcDbLine
 10
-298.2625986445523
 20
-40.8045349745421
 30
0.0
 11
-282.811088772116
 21
-40.80453497454209
 31
0.0
  0
LINE
  5
189
330
70
100
AcDbEntity
  8
final_table_top_design v3_depths$3_4_
100
AcDbLine
 10
-277.9021782404778
 20
-14.30453497454211
 30
0.0
 11
-312.6521782404779
 21
-14.30453497454211
 31
0.0
  0
LINE
  5
18A
330
70
100
AcDbEntity
  8
final_table_top_design v3_depths$3_4_
100
AcDbLine
 10
-277.9021782404778
 20
-49.30453497454212
 30
0.0
 11
-312.6521782404779
 21
-49.30453497454212
 31
0.0
  0
LINE
  5
18B
330
70
100
AcDbEntity
  8
final_table_top_design v3_depths$3_4_
100
AcDbLine
 10
-278.6521782404778
 20
-52.8045349745421
 30
0.0
 11
-312.6521782404779
 21
-52.8045349745421
 31
0.0
  0
LINE
  5
18C
330
70
100
AcDbEntity
  8
final_table_top_design v3_depths$3_4_
100
AcDbLine
 10
-273.4021782404778
 20
-52.8045349745421
 30
0.0
 11
-272.6521782404778
 21
-52.8045349745421
 31
0.0
  0
LINE
  5
18D
330
70
100
AcDbEntity
  8
final_table_top_design v3_depths$3_4_
100
AcDbLine
 10
-312.6521782404779
 20
-49.30453497454212
 30
0.0
 11
-312.6521782404779
 21
-49.11236262777622
 31
0.0
  0
LINE
  5
18E
330
70
100
AcDbEntity
  8
final_table_top_design v3_depths$3_4_
100
AcDbLine
 10
-247.0166791029829
 20
-19.30453497454211
 30
0.0
 11
-273.4021782404778
 21
-19.30453497454211
 31
0.0
  0
LINE
  5
18F
330
70
100
AcDbEntity
  8
final_table_top_design v3_depths$3_4_
100
AcDbLine
 10
-253.0788569294732
 20
-22.80453497454211
 30
0.0
 11
-268.4932677088397
 21
-22.80453497454211
 31
0.0
  0
LINE
  5
190
330
70
100
AcDbEntity
  8
final_table_top_design v3_depths$3_4_
100
AcDbLine
 10
-273.4021782404778
 20
-15.80453497454211
 30
0.0
 11
-273.4021782404778
 21
-14.30453497454211
 31
0.0
  0
LINE
  5
191
330
70
100
AcDbEntity
  8
final_table_top_design v3_depths$3_4_
100
AcDbLine
 10
-312.6521782404779
 20
-12.30453497454211
 30
0.0
 11
-277.9021782404778
 21
-12.30453497454211
 31
0.0
  0
LINE
  5
192
330
70
100
AcDbEntity
  8
final_table_top_design v3_depths$3_4_
100
AcDbLine
 10
-312.6521782404779
 20
-14.30453497454211
 30
0.0
 11
-312.6521782404779
 21
-14.453868978699
 31
0.0
  0
LINE
  5
193
330
70
100
AcDbEntity
  8
final_table_top_design v3_depths$3_4_
100
AcDbLine
 10
-238.6521782404778
 20
-12.30453497454211
 30
0.0
 11
-273.4021782404778
 21
-12.30453497454211
 31
0.0
  0
LINE
  5
194
330
70
100
AcDbEntity
  8
final_table_top_design v3_depths$3_4_
100
AcDbLine
 10
-277.9021782404778
 20
-17.8045349745421
 30
0.0
 11
-306.8486544966325
 21
-17.8045349745421
 31
0.0
  0
LINE
  5
195
330
70
100
AcDbEntity
  8
final_table_top_design v3_depths$3_4_
100
AcDbLine
 10
-277.9021782404778
 20
-12.30453497454211
 30
0.0
 11
-277.9021782404778
 21
-10.80453497454211
 31
0.0
  0
LINE
  5
196
330
70
100
AcDbEntity
  8
final_table_top_design v3_depths$3_4_
100
AcDbLine
 10
-312.6521782404779
 20
-10.80453497454211
 30
0.0
 11
-312.6521782404779
 21
-12.30453497454211
 31
0.0
  0
LINE
  5
197
330
70
100
AcDbEntity
  8
final_table_top_design v3_depths$3_4_
100
AcDbLine
 10
-270.9617624806544
 20
-42.3045349745421
 30
0.0
 11
-250.4807807175906
 21
-42.3045349745421
 31
0.0
  0
LINE
  5
198
330
70
100
AcDbEntity
  8
final_table_top_design v3_depths$3_4_
100
AcDbLine
 10
-265.5526733021157
 20
-37.30453497454211
 30
0.0
 11
-259.1410347552139
 21
-37.30453497454211
 31
0.0
  0
LINE
  5
199
330
70
100
AcDbEntity
  8
final_table_top_design v3_depths$3_4_
100
AcDbLine
 10
-240.9545012764925
 20
-15.80453497454211
 30
0.0
 11
-273.4021782404778
 21
-15.80453497454211
 31
0.0
  0
LINE
  5
19A
330
70
100
AcDbEntity
  8
final_table_top_design v3_depths$3_4_
100
AcDbLine
 10
-277.9021782404778
 20
-15.80453497454211
 30
0.0
 11
-277.9021782404778
 21
-14.30453497454211
 31
0.0
  0
LINE
  5
19B
330
70
100
AcDbEntity
  8
final_table_top_design v3_depths$3_4_
100
AcDbLine
 10
-280.3425940003011
 20
-21.30453497454211
 30
0.0
 11
-300.7864766702962
 21
-21.30453497454211
 31
0.0
  0
LINE
  5
19C
330
70
100
AcDbEntity
  8
final_table_top_design v3_depths$3_4_
100
AcDbLine
 10
-270.9617624806544
 20
-21.30453497454211
 30
0.0
 11
-250.4807807181202
 21
-21.30453497454211
 31
0.0
  0
LINE
  5
19D
330
70
100
AcDbEntity
  8
final_table_top_design v3_depths$3_4_
100
AcDbLine
 10
-256.5429585446106
 20
-24.8045349745421
 30
0.0
 11
-266.5280344450305
 21
-24.80453497454209
 31
0.0
  0
LINE
  5
19E
330
70
100
AcDbEntity
  8
final_table_top_design v3_depths$3_4_
100
AcDbLine
 10
-273.4021782404778
 20
-10.80453497454211
 30
0.0
 11
-272.6521782404778
 21
-10.80453497454211
 31
0.0
  0
LINE
  5
19F
330
70
100
AcDbEntity
  8
final_table_top_design v3_depths$3_4_
100
AcDbLine
 10
-280.3425940003011
 20
-42.3045349745421
 30
0.0
 11
-300.8606748559053
 21
-42.3045349745421
 31
0.0
  0
LINE
  5
1A0
330
70
100
AcDbEntity
  8
final_table_top_design v3_depths$3_4_
100
AcDbLine
 10
-277.9021782404778
 20
-47.80453497454211
 30
0.0
 11
-277.9021782404778
 21
-49.30453497454212
 31
0.0
  0
LINE
  5
1A1
330
70
100
AcDbEntity
  8
final_table_top_design v3_depths$3_4_
100
AcDbLine
 10
-273.4021782404778
 20
-47.80453497454211
 30
0.0
 11
-273.4021782404778
 21
-49.30453497454212
 31
0.0
  0
LINE
  5
1A2
330
70
100
AcDbEntity
  8
final_table_top_design v3_depths$3_4_
100
AcDbLine
 10
-272.6521782404778
 20
-52.8045349745421
 30
0.0
 11
-238.6521782404778
 21
-52.8045349745421
 31
0.0
  0
LINE
  5
1A3
330
70
100
AcDbEntity
  8
final_table_top_design v3_depths$3_4_
100
AcDbLine
 10
-277.9021782404778
 20
-52.8045349745421
 30
0.0
 11
-278.6521782404778
 21
-52.8045349745421
 31
0.0
  0
LINE
  5
1A4
330
70
100
AcDbEntity
  8
final_table_top_design v3_depths$3_4_
100
AcDbLine
 10
-312.6521782404779
 20
-51.30453497454211
 30
0.0
 11
-277.9021782404778
 21
-51.30453497454209
 31
0.0
  0
LINE
  5
1A5
330
70
100
AcDbEntity
  8
final_table_top_design v3_depths$3_4_
100
AcDbLine
 10
-265.5526733021157
 20
-26.3045349745421
 30
0.0
 11
-259.1410347559636
 21
-26.3045349745421
 31
0.0
  0
LINE
  5
1A6
330
70
100
AcDbEntity
  8
final_table_top_design v3_depths$3_4_
100
AcDbLine
 10
-238.6521782404778
 20
-49.30453497454212
 30
0.0
 11
-238.6521782404778
 21
-49.13378179901465
 31
0.0
  0
LINE
  5
1A7
330
70
100
AcDbEntity
  8
final_table_top_design v3_depths$3_4_
100
AcDbLine
 10
-312.6521782404779
 20
-52.8045349745421
 30
0.0
 11
-312.6521782404779
 21
-51.30453497454211
 31
0.0
  0
LINE
  5
1A8
330
70
100
AcDbEntity
  8
final_table_top_design v3_depths$3_4_
100
AcDbLine
 10
-277.9021782404778
 20
-10.80453497454211
 30
0.0
 11
-278.6521782404778
 21
-10.80453497454211
 31
0.0
  0
LINE
  5
1A9
330
70
100
AcDbEntity
  8
final_table_top_design v3_depths$3_4_
100
AcDbLine
 10
-238.6521782404778
 20
-52.8045349745421
 30
0.0
 11
-238.6521782404778
 21
-51.30453497454211
 31
0.0
  0
LINE
  5
1AA
330
70
100
AcDbEntity
  8
final_table_top_design v3_depths$3_4_
100
AcDbLine
 10
-272.6521782404778
 20
-10.80453497454211
 30
0.0
 11
-238.6521782404778
 21
-10.80453497454211
 31
0.0
  0
LINE
  5
1AB
330
70
100
AcDbEntity
  8
final_table_top_design v3_depths$3_4_
100
AcDbLine
 10
-310.3869542975331
 20
-47.80453497454211
 30
0.0
 11
-277.9021782404778
 21
-47.80453497454211
 31
0.0
  0
LINE
  5
1AC
330
70
100
AcDbEntity
  8
final_table_top_design v3_depths$3_4_
100
AcDbLine
 10
-285.7516831788398
 20
-37.30453497454211
 30
0.0
 11
-292.200420818062
 21
-37.30453497454211
 31
0.0
  0
LINE
  5
1AD
330
70
100
AcDbEntity
  8
final_table_top_design v3_depths$3_4_
100
AcDbLine
 10
-273.4021782404778
 20
-14.30453497454211
 30
0.0
 11
-238.6521782404778
 21
-14.30453497454211
 31
0.0
  0
LINE
  5
1AE
330
70
100
AcDbEntity
  8
final_table_top_design v3_depths$3_4_
100
AcDbLine
 10
-238.6521782404778
 20
-10.80453497454211
 30
0.0
 11
-238.6521782404778
 21
-12.30453497454211
 31
0.0
  0
LINE
  5
1AF
330
70
100
AcDbEntity
  8
final_table_top_design v3_depths$3_4_
100
AcDbLine
 10
-273.4021782404778
 20
-44.30453497454212
 30
0.0
 11
-273.4021782404778
 21
-45.80453497454211
 31
0.0
  0
LINE
  5
1B0
330
70
100
AcDbEntity
  8
final_table_top_design v3_depths$3_4_
100
AcDbLine
 10
-273.4021782404778
 20
-17.8045349745421
 30
0.0
 11
-244.4186028916299
 21
-17.8045349745421
 31
0.0
  0
LINE
  5
1B1
330
70
100
AcDbEntity
  8
final_table_top_design v3_depths$3_4_
100
AcDbLine
 10
-273.4021782404778
 20
-12.30453497454211
 30
0.0
 11
-273.4021782404778
 21
-10.80453497454211
 31
0.0
  0
LINE
  5
1B2
330
70
100
AcDbEntity
  8
final_table_top_design v3_depths$3_4_
100
AcDbLine
 10
-304.2505782853455
 20
-19.30453497454211
 30
0.0
 11
-277.9021782404778
 21
-19.30453497454211
 31
0.0
  0
LINE
  5
1B3
330
70
100
AcDbEntity
  8
final_table_top_design v3_depths$3_4_
100
AcDbLine
 10
-310.3127561116817
 20
-15.80453497454211
 30
0.0
 11
-277.9021782404778
 21
-15.80453497454211
 31
0.0
  0
LINE
  5
1B4
330
70
100
AcDbEntity
  8
final_table_top_design v3_depths$3_4_
100
AcDbLine
 10
-277.9021782404778
 20
-19.30453497454211
 30
0.0
 11
-277.9021782404778
 21
-17.80453497454211
 31
0.0
  0
CIRCLE
  5
1B5
330
70
100
AcDbEntity
  8
final_table_top_design v3_depths$3_4_
100
AcDbCircle
 10
-317.3588298008131
 20
-35.65811580317144
 30
0.0
 40
1.937500000000012
  0
LINE
  5
1B6
330
70
100
AcDbEntity
  8
final_table_top_design v3_depths$3_4_
100
AcDbLine
 10
-322.6521782404778
 20
-8.804534974542107
 30
0.0
 11
-322.6521782404778
 21
-54.80453497454211
 31
0.0
  0
CIRCLE
  5
1B7
330
70
100
AcDbEntity
  8
final_table_top_design v3_depths$3_4_
100
AcDbCircle
 10
-317.3588298008131
 20
-35.65811580317144
 30
0.0
 40
1.937500000000012
  0
LINE
  5
1B8
330
70
100
AcDbEntity
  8
final_table_top_design v3_depths$3_4_
100
AcDbLine
 10
-273.4021782404778
 20
-49.30453497454212
 30
0.0
 11
-238.6521782404778
 21
-49.30453497454212
 31
0.0
  0
LINE
  5
1B9
330
70
100
AcDbEntity
  8
final_table_top_design v3_depths$3_4_
100
AcDbLine
 10
-273.4021782404778
 20
-51.30453497454209
 30
0.0
 11
-273.4021782404778
 21
-52.8045349745421
 31
0.0
  0
CIRCLE
  5
1BA
330
70
100
AcDbEntity
  8
final_table_top_design v3_depths$3_4_
100
AcDbCircle
 10
-317.3588298008131
 20
-35.65811580317144
 30
0.0
 40
0.9999999999999927
  0
CIRCLE
  5
1BB
330
70
100
AcDbEntity
  8
final_table_top_design v3_depths$3_4_
100
AcDbCircle
 10
-239.4455266801426
 20
-94.05453497454208
 30
0.0
 40
0.9999999999999927
  0
CIRCLE
  5
1BC
330
70
100
AcDbEntity
  8
final_table_top_design v3_depths$3_4_
100
AcDbCircle
 10
-239.4455266801426
 20
-90.17953497454211
 30
0.0
 40
1.937500000000012
  0
ARC
  5
1BD
330
70
100
AcDbEntity
  8
final_table_top_design v3_depths$3_4_
100
AcDbCircle
 10
-275.6521782404778
 20
-31.80453497454211
 30
0.0
 40
11.50000000000001
100
AcDbArc
 50
322.5047502354413
 51
331.4281218576913
  0
CIRCLE
  5
1BE
330
70
100
AcDbEntity
  8
final_table_top_design v3_depths$3_4_
100
AcDbCircle
 10
-239.4455266801426
 20
-86.3045349745421
 30
0.0
 40
1.937500000000012
  0
LINE
  5
1BF
330
70
100
AcDbEntity
  8
final_table_top_design v3_depths$3_4_
100
AcDbLine
 10
-322.6521782404778
 20
-54.80453497454211
 30
0.0
 11
-275.9021782404778
 21
-54.80453497454211
 31
0.0
  0
LINE
  5
1C0
330
70
100
AcDbEntity
  8
final_table_top_design v3_depths$3_4_
100
AcDbLine
 10
-277.9021782404778
 20
-45.80453497454211
 30
0.0
 11
-306.9228526823956
 21
-45.8045349745421
 31
0.0
  0
ARC
  5
1C1
330
70
100
AcDbEntity
  8
final_table_top_design v3_depths$3_4_
100
AcDbCircle
 10
-275.6521782404778
 20
-31.80453497454211
 30
0.0
 40
9.499999999999998
100
AcDbArc
 50
271.5079577542388
 51
88.49204224576153
  0
CIRCLE
  5
1C2
330
70
100
AcDbEntity
  8
final_table_top_design v3_depths$3_4_
100
AcDbCircle
 10
-239.4455266801426
 20
-97.92953497454208
 30
0.0
 40
0.9999999999999927
  0
CIRCLE
  5
1C3
330
70
100
AcDbEntity
  8
final_table_top_design v3_depths$3_4_
100
AcDbCircle
 10
-239.4455266801426
 20
-94.0545349745421
 30
0.0
 40
1.499999999999989
  0
LINE
  5
1C4
330
70
100
AcDbEntity
  8
final_table_top_design v3_depths$3_4_
100
AcDbLine
 10
-304.3247764710427
 20
-44.30453497454212
 30
0.0
 11
-277.9021782404778
 21
-44.30453497454212
 31
0.0
  0
CIRCLE
  5
1C5
330
70
100
AcDbEntity
  8
final_table_top_design v3_depths$3_4_
100
AcDbCircle
 10
-239.4455266801426
 20
-86.3045349745421
 30
0.0
 40
1.499999999999989
  0
CIRCLE
  5
1C6
330
70
100
AcDbEntity
  8
final_table_top_design v3_depths$3_4_
100
AcDbCircle
 10
-321.1521782404779
 20
-53.30453497454212
 30
0.0
 40
0.9999999999999927
  0
CIRCLE
  5
1C7
330
70
100
AcDbEntity
  8
final_table_top_design v3_depths$3_4_
100
AcDbCircle
 10
-239.4455266801426
 20
-82.42953497454211
 30
0.0
 40
1.499999999999989
  0
ARC
  5
1C8
330
70
100
AcDbEntity
  8
final_table_top_design v3_depths$3_4_
100
AcDbCircle
 10
275.6521782404778
 20
-31.80453497454211
 30
0.0
 40
11.5
210
0.0
220
0.0
230
-1.0
100
AcDbArc
 50
51.50004959075211
 51
65.929385377434
  0
LINE
  5
1C9
330
70
100
AcDbEntity
  8
final_table_top_design v3_depths$3_4_
100
AcDbLine
 10
-322.6521782404778
 20
-54.80453497454211
 30
0.0
 11
-322.6521782404778
 21
-8.804534974542107
 31
0.0
  0
CIRCLE
  5
1CA
330
70
100
AcDbEntity
  8
final_table_top_design v3_depths$3_4_
100
AcDbCircle
 10
-239.4455266801426
 20
-90.17953497454207
 30
0.0
 40
0.9999999999999927
  0
CIRCLE
  5
1CB
330
70
100
AcDbEntity
  8
final_table_top_design v3_depths$3_4_
100
AcDbCircle
 10
-321.1521782404779
 20
-10.30453497454209
 30
0.0
 40
0.9999999999999927
  0
CIRCLE
  5
1CC
330
70
100
AcDbEntity
  8
final_table_top_design v3_depths$3_4_
100
AcDbCircle
 10
-239.4455266801426
 20
-82.42953497454211
 30
0.0
 40
1.937500000000012
  0
ARC
  5
1CD
330
70
100
AcDbEntity
  8
final_table_top_design v3_depths$3_4_
100
AcDbCircle
 10
-275.6521782404778
 20
-31.80453497454211
 30
0.0
 40
9.499999999999998
100
AcDbArc
 50
91.50795775423882
 51
268.4920422457615
  0
CIRCLE
  5
1CE
330
70
100
AcDbEntity
  8
final_table_top_design v3_depths$3_4_
100
AcDbCircle
 10
-239.4455266801426
 20
-82.42953497454207
 30
0.0
 40
0.9999999999999927
  0
ARC
  5
1CF
330
70
100
AcDbEntity
  8
final_table_top_design v3_depths$3_4_
100
AcDbCircle
 10
-275.6521782404778
 20
-31.80453497454211
 30
0.0
 40
11.49999999999997
100
AcDbArc
 50
142.5047502354412
 51
151.428121857691
  0
CIRCLE
  5
1D0
330
70
100
AcDbEntity
  8
final_table_top_design v3_depths$3_4_
100
AcDbCircle
 10
-239.4455266801426
 20
-78.5545349745421
 30
0.0
 40
1.937500000000012
  0
CIRCLE
  5
1D1
330
70
100
AcDbEntity
  8
final_table_top_design v3_depths$3_4_
100
AcDbCircle
 10
-236.0896782404779
 20
-107.6170349745421
 30
0.0
 40
1.937500000000012
  0
CIRCLE
  5
1D2
330
70
100
AcDbEntity
  8
final_table_top_design v3_depths$3_4_
100
AcDbCircle
 10
-242.8013751198091
 20
-103.7420349745446
 30
0.0
 40
1.937500000000012
  0
CIRCLE
  5
1D3
330
70
100
AcDbEntity
  8
final_table_top_design v3_depths$3_4_
100
AcDbCircle
 10
-242.8013751198091
 20
-103.7420349745446
 30
0.0
 40
1.499999999999989
  0
ARC
  5
1D4
330
70
100
AcDbEntity
  8
final_table_top_design v3_depths$3_4_
100
AcDbCircle
 10
275.6521782404778
 20
-31.80453497454211
 30
0.0
 40
11.50000000000001
210
0.0
220
0.0
230
-1.0
100
AcDbArc
 50
142.5047502354412
 51
151.4281218576915
  0
CIRCLE
  5
1D5
330
70
100
AcDbEntity
  8
final_table_top_design v3_depths$3_4_
100
AcDbCircle
 10
-317.3588298008131
 20
-35.65811580317144
 30
0.0
 40
1.499999999999989
  0
CIRCLE
  5
1D6
330
70
100
AcDbEntity
  8
final_table_top_design v3_depths$3_4_
100
AcDbCircle
 10
-239.4455266801426
 20
-101.804534974542
 30
0.0
 40
1.937500000000012
  0
CIRCLE
  5
1D7
330
70
100
AcDbEntity
  8
final_table_top_design v3_depths$3_4_
100
AcDbCircle
 10
-239.4455266801426
 20
-97.92953497454211
 30
0.0
 40
1.499999999999989
  0
CIRCLE
  5
1D8
330
70
100
AcDbEntity
  8
final_table_top_design v3_depths$3_4_
100
AcDbCircle
 10
-317.3588298008131
 20
-35.65811580317144
 30
0.0
 40
0.9999999999999927
  0
LINE
  5
1D9
330
70
100
AcDbEntity
  8
final_table_top_design v3_depths$3_4_
100
AcDbLine
 10
-240.9545012762051
 20
-47.80453497454211
 30
0.0
 11
-273.4021782404778
 21
-47.80453497454211
 31
0.0
  0
LINE
  5
1DA
330
70
100
AcDbEntity
  8
final_table_top_design v3_depths$3_4_
100
AcDbLine
 10
-273.4021782404778
 20
-45.80453497454211
 30
0.0
 11
-244.4186028912544
 21
-45.8045349745421
 31
0.0
  0
LINE
  5
1DB
330
70
100
AcDbEntity
  8
final_table_top_design v3_depths$3_4_
100
AcDbLine
 10
-275.9021782404778
 20
-8.804534974542107
 30
0.0
 11
-322.6521782404778
 21
-8.804534974542107
 31
0.0
  0
CIRCLE
  5
1DC
330
70
100
AcDbEntity
  8
final_table_top_design v3_depths$3_4_
100
AcDbCircle
 10
-239.4455266801426
 20
-105.679534974542
 30
0.0
 40
0.9999999999999927
  0
ARC
  5
1DD
330
70
100
AcDbEntity
  8
final_table_top_design v3_depths$3_4_
100
AcDbCircle
 10
-275.6521782404778
 20
-31.80453497454211
 30
0.0
 40
11.49999999999999
100
AcDbArc
 50
231.5000495907521
 51
245.929385377434
  0
CIRCLE
  5
1DE
330
70
100
AcDbEntity
  8
final_table_top_design v3_depths$3_4_
100
AcDbCircle
 10
-239.4455266801426
 20
-97.92953497454211
 30
0.0
 40
1.937500000000012
  0
CIRCLE
  5
1DF
330
70
100
AcDbEntity
  8
final_table_top_design v3_depths$3_4_
100
AcDbCircle
 10
-239.4455266801426
 20
-78.55453497454208
 30
0.0
 40
0.9999999999999927
  0
CIRCLE
  5
1E0
330
70
100
AcDbEntity
  8
final_table_top_design v3_depths$3_4_
100
AcDbCircle
 10
-242.8013751198091
 20
-103.7420349745446
 30
0.0
 40
0.9999999999999927
  0
ARC
  5
1E1
330
70
100
AcDbEntity
  8
final_table_top_design v3_depths$3_4_
100
AcDbCircle
 10
275.6521782404778
 20
-31.80453497454211
 30
0.0
 40
11.49999999999997
210
0.0
220
0.0
230
-1.0
100
AcDbArc
 50
322.5047502354413
 51
331.428121857691
  0
CIRCLE
  5
1E2
330
70
100
AcDbEntity
  8
final_table_top_design v3_depths$3_4_
100
AcDbCircle
 10
-239.4455266801426
 20
-101.804534974542
 30
0.0
 40
0.9999999999999927
  0
CIRCLE
  5
1E3
330
70
100
AcDbEntity
  8
final_table_top_design v3_depths$3_4_
100
AcDbCircle
 10
-321.1521782404779
 20
-10.30453497454209
 30
0.0
 40
1.937500000000012
  0
CIRCLE
  5
1E4
330
70
100
AcDbEntity
  8
final_table_top_design v3_depths$3_4_
100
AcDbCircle
 10
-317.3588298008131
 20
-35.65811580317144
 30
0.0
 40
1.499999999999989
  0
CIRCLE
  5
1E5
330
70
100
AcDbEntity
  8
final_table_top_design v3_depths$3_4_
100
AcDbCircle
 10
-239.4455266801426
 20
-86.30453497454208
 30
0.0
 40
0.9999999999999927
  0
ARC
  5
1E6
330
70
100
AcDbEntity
  8
final_table_top_design v3_depths$3_4_
100
AcDbCircle
 10
275.6521782404778
 20
-31.80453497454211
 30
0.0
 40
11.49999999999996
210
0.0
220
0.0
230
-1.0
100
AcDbArc
 50
231.5000495907522
 51
245.9293853774333
  0
CIRCLE
  5
1E7
330
70
100
AcDbEntity
  8
final_table_top_design v3_depths$3_4_
100
AcDbCircle
 10
-239.4455266801426
 20
-90.17953497454211
 30
0.0
 40
1.499999999999989
  0
CIRCLE
  5
1E8
330
70
100
AcDbEntity
  8
final_table_top_design v3_depths$3_4_
100
AcDbCircle
 10
-242.8013751198091
 20
-99.86703497454467
 30
0.0
 40
1.937500000000012
  0
CIRCLE
  5
1E9
330
70
100
AcDbEntity
  8
final_table_top_design v3_depths$3_4_
100
AcDbCircle
 10
-239.4455266801426
 20
-78.5545349745421
 30
0.0
 40
1.499999999999989
  0
CIRCLE
  5
1EA
330
70
100
AcDbEntity
  8
final_table_top_design v3_depths$3_4_
100
AcDbCircle
 10
-242.8013751198091
 20
-99.86703497454467
 30
0.0
 40
1.499999999999989
  0
CIRCLE
  5
1EB
330
70
100
AcDbEntity
  8
final_table_top_design v3_depths$3_4_
100
AcDbCircle
 10
-236.0896782404779
 20
-103.7420349745421
 30
0.0
 40
1.937500000000012
  0
ARC
  5
1EC
330
70
100
AcDbEntity
  8
final_table_top_design v3_depths$3_4_
100
AcDbCircle
 10
-275.6521782404778
 20
-31.80453497454211
 30
0.0
 40
11.49999999999997
100
AcDbArc
 50
51.50004959075231
 51
65.9293853774333
  0
CIRCLE
  5
1ED
330
70
100
AcDbEntity
  8
final_table_top_design v3_depths$3_4_
100
AcDbCircle
 10
-321.1521782404779
 20
-53.30453497454212
 30
0.0
 40
1.937500000000012
  0
LINE
  5
1EE
330
70
100
AcDbEntity
  8
final_table_top_design v3_depths$3_4_
100
AcDbLine
 10
-238.6521782404778
 20
-51.30453497454211
 30
0.0
 11
-273.4021782404778
 21
-51.30453497454209
 31
0.0
  0
CIRCLE
  5
1EF
330
70
100
AcDbEntity
  8
final_table_top_design v3_depths$3_4_
100
AcDbCircle
 10
-321.1521782404779
 20
-10.30453497454209
 30
0.0
 40
1.499999999999989
  0
CIRCLE
  5
1F0
330
70
100
AcDbEntity
  8
final_table_top_design v3_depths$3_4_
100
AcDbCircle
 10
-239.4455266801426
 20
-105.6795349745421
 30
0.0
 40
1.499999999999989
  0
CIRCLE
  5
1F1
330
70
100
AcDbEntity
  8
final_table_top_design v3_depths$3_4_
100
AcDbCircle
 10
-321.1521782404779
 20
-53.30453497454212
 30
0.0
 40
1.499999999999989
  0
CIRCLE
  5
1F2
330
70
100
AcDbEntity
  8
final_table_top_design v3_depths$3_4_
100
AcDbCircle
 10
-239.4455266801426
 20
-105.6795349745421
 30
0.0
 40
1.937500000000012
  0
CIRCLE
  5
1F3
330
70
100
AcDbEntity
  8
final_table_top_design v3_depths$3_4_
100
AcDbCircle
 10
-239.4455266801426
 20
-101.804534974542
 30
0.0
 40
1.499999999999989
  0
CIRCLE
  5
1F4
330
70
100
AcDbEntity
  8
final_table_top_design v3_depths$3_4_
100
AcDbCircle
 10
-239.4455266801426
 20
-94.0545349745421
 30
0.0
 40
1.937500000000012
  0
CIRCLE
  5
1F5
330
70
100
AcDbEntity
  8
final_table_top_design v3_depths$3_4_
100
AcDbCircle
 10
-246.1572235594739
 20
-82.42953497454466
 30
0.0
 40
0.9999999999999927
  0
CIRCLE
  5
1F6
330
70
100
AcDbEntity
  8
final_table_top_design v3_depths$3_4_
100
AcDbCircle
 10
-249.5130719991386
 20
-95.99203497454467
 30
0.0
 40
1.499999999999989
  0
CIRCLE
  5
1F7
330
70
100
AcDbEntity
  8
final_table_top_design v3_depths$3_4_
100
AcDbCircle
 10
-249.5130719991386
 20
-92.11703497454468
 30
0.0
 40
1.499999999999989
  0
CIRCLE
  5
1F8
330
70
100
AcDbEntity
  8
final_table_top_design v3_depths$3_4_
100
AcDbCircle
 10
-246.1572235594739
 20
-97.92953497454467
 30
0.0
 40
0.9999999999999927
  0
CIRCLE
  5
1F9
330
70
100
AcDbEntity
  8
final_table_top_design v3_depths$3_4_
100
AcDbCircle
 10
-242.8013751198091
 20
-88.24203497454465
 30
0.0
 40
0.9999999999999927
  0
CIRCLE
  5
1FA
330
70
100
AcDbEntity
  8
final_table_top_design v3_depths$3_4_
100
AcDbCircle
 10
-246.1572235594739
 20
-97.92953497454467
 30
0.0
 40
1.937500000000012
  0
CIRCLE
  5
1FB
330
70
100
AcDbEntity
  8
final_table_top_design v3_depths$3_4_
100
AcDbCircle
 10
-249.5130719991386
 20
-92.11703497454468
 30
0.0
 40
0.9999999999999927
  0
CIRCLE
  5
1FC
330
70
100
AcDbEntity
  8
final_table_top_design v3_depths$3_4_
100
AcDbCircle
 10
-252.8689204388033
 20
-94.05453497454464
 30
0.0
 40
1.937500000000012
  0
CIRCLE
  5
1FD
330
70
100
AcDbEntity
  8
final_table_top_design v3_depths$3_4_
100
AcDbCircle
 10
-246.1572235594739
 20
-94.05453497454466
 30
0.0
 40
1.499999999999989
  0
CIRCLE
  5
1FE
330
70
100
AcDbEntity
  8
final_table_top_design v3_depths$3_4_
100
AcDbCircle
 10
-252.8689204388033
 20
-90.17953497454465
 30
0.0
 40
0.9999999999999927
  0
CIRCLE
  5
1FF
330
70
100
AcDbEntity
  8
final_table_top_design v3_depths$3_4_
100
AcDbCircle
 10
-249.5130719991386
 20
-84.36703497454468
 30
0.0
 40
1.499999999999989
  0
CIRCLE
  5
200
330
70
100
AcDbEntity
  8
final_table_top_design v3_depths$3_4_
100
AcDbCircle
 10
-246.1572235594739
 20
-97.92953497454467
 30
0.0
 40
1.499999999999989
  0
CIRCLE
  5
201
330
70
100
AcDbEntity
  8
final_table_top_design v3_depths$3_4_
100
AcDbCircle
 10
-246.1572235594739
 20
-86.30453497454466
 30
0.0
 40
0.9999999999999927
  0
CIRCLE
  5
202
330
70
100
AcDbEntity
  8
final_table_top_design v3_depths$3_4_
100
AcDbCircle
 10
-252.8689204388033
 20
-90.17953497454465
 30
0.0
 40
1.499999999999989
  0
CIRCLE
  5
203
330
70
100
AcDbEntity
  8
final_table_top_design v3_depths$3_4_
100
AcDbCircle
 10
-252.8689204388033
 20
-86.30453497454466
 30
0.0
 40
1.937500000000012
  0
CIRCLE
  5
204
330
70
100
AcDbEntity
  8
final_table_top_design v3_depths$3_4_
100
AcDbCircle
 10
-242.8013751198091
 20
-80.49203497454465
 30
0.0
 40
0.9999999999999927
  0
CIRCLE
  5
205
330
70
100
AcDbEntity
  8
final_table_top_design v3_depths$3_4_
100
AcDbCircle
 10
-252.8689204388033
 20
-86.30453497454466
 30
0.0
 40
1.499999999999989
  0
CIRCLE
  5
206
330
70
100
AcDbEntity
  8
final_table_top_design v3_depths$3_4_
100
AcDbCircle
 10
-242.8013751198091
 20
-92.11703497454465
 30
0.0
 40
1.937500000000012
  0
CIRCLE
  5
207
330
70
100
AcDbEntity
  8
final_table_top_design v3_depths$3_4_
100
AcDbCircle
 10
-249.5130719991386
 20
-88.24203497454467
 30
0.0
 40
0.9999999999999927
  0
CIRCLE
  5
208
330
70
100
AcDbEntity
  8
final_table_top_design v3_depths$3_4_
100
AcDbCircle
 10
-246.1572235594739
 20
-86.30453497454466
 30
0.0
 40
1.937500000000012
  0
CIRCLE
  5
209
330
70
100
AcDbEntity
  8
final_table_top_design v3_depths$3_4_
100
AcDbCircle
 10
-242.8013751198091
 20
-92.11703497454465
 30
0.0
 40
1.499999999999989
  0
CIRCLE
  5
20A
330
70
100
AcDbEntity
  8
final_table_top_design v3_depths$3_4_
100
AcDbCircle
 10
-242.8013751198091
 20
-84.36703497454464
 30
0.0
 40
1.937500000000012
  0
CIRCLE
  5
20B
330
70
100
AcDbEntity
  8
final_table_top_design v3_depths$3_4_
100
AcDbCircle
 10
-242.8013751198091
 20
-80.49203497454465
 30
0.0
 40
1.937500000000012
  0
CIRCLE
  5
20C
330
70
100
AcDbEntity
  8
final_table_top_design v3_depths$3_4_
100
AcDbCircle
 10
-249.5130719991386
 20
-95.99203497454467
 30
0.0
 40
1.937500000000012
  0
CIRCLE
  5
20D
330
70
100
AcDbEntity
  8
final_table_top_design v3_depths$3_4_
100
AcDbCircle
 10
-246.1572235594739
 20
-82.42953497454466
 30
0.0
 40
1.937500000000012
  0
CIRCLE
  5
20E
330
70
100
AcDbEntity
  8
final_table_top_design v3_depths$3_4_
100
AcDbCircle
 10
-249.5130719991386
 20
-84.36703497454468
 30
0.0
 40
1.937500000000012
  0
CIRCLE
  5
20F
330
70
100
AcDbEntity
  8
final_table_top_design v3_depths$3_4_
100
AcDbCircle
 10
-246.1572235594739
 20
-86.30453497454466
 30
0.0
 40
1.499999999999989
  0
CIRCLE
  5
210
330
70
100
AcDbEntity
  8
final_table_top_design v3_depths$3_4_
100
AcDbCircle
 10
-252.8689204388033
 20
-86.30453497454466
 30
0.0
 40
0.9999999999999927
  0
CIRCLE
  5
211
330
70
100
AcDbEntity
  8
final_table_top_design v3_depths$3_4_
100
AcDbCircle
 10
-256.2247688784681
 20
-95.99203497454473
 30
0.0
 40
1.937500000000012
  0
CIRCLE
  5
212
330
70
100
AcDbEntity
  8
final_table_top_design v3_depths$3_4_
100
AcDbCircle
 10
-256.2247688784681
 20
-95.99203497454473
 30
0.0
 40
1.499999999999989
  0
CIRCLE
  5
213
330
70
100
AcDbEntity
  8
final_table_top_design v3_depths$3_4_
100
AcDbCircle
 10
-256.2247688784681
 20
-95.99203497454473
 30
0.0
 40
0.9999999999999927
  0
CIRCLE
  5
214
330
70
100
AcDbEntity
  8
final_table_top_design v3_depths$3_4_
100
AcDbCircle
 10
-246.1572235594739
 20
-90.17953497454467
 30
0.0
 40
0.9999999999999927
  0
CIRCLE
  5
215
330
70
100
AcDbEntity
  8
final_table_top_design v3_depths$3_4_
100
AcDbCircle
 10
-249.5130719991386
 20
-92.11703497454468
 30
0.0
 40
1.937500000000012
  0
CIRCLE
  5
216
330
70
100
AcDbEntity
  8
final_table_top_design v3_depths$3_4_
100
AcDbCircle
 10
-242.8013751198091
 20
-84.36703497454464
 30
0.0
 40
0.9999999999999927
  0
CIRCLE
  5
217
330
70
100
AcDbEntity
  8
final_table_top_design v3_depths$3_4_
100
AcDbCircle
 10
-252.8689204388033
 20
-97.92953497454465
 30
0.0
 40
0.9999999999999927
  0
CIRCLE
  5
218
330
70
100
AcDbEntity
  8
final_table_top_design v3_depths$3_4_
100
AcDbCircle
 10
-242.8013751198091
 20
-95.99203497454466
 30
0.0
 40
0.9999999999999927
  0
CIRCLE
  5
219
330
70
100
AcDbEntity
  8
final_table_top_design v3_depths$3_4_
100
AcDbCircle
 10
-242.8013751198091
 20
-95.99203497454466
 30
0.0
 40
1.499999999999989
  0
CIRCLE
  5
21A
330
70
100
AcDbEntity
  8
final_table_top_design v3_depths$3_4_
100
AcDbCircle
 10
-242.8013751198091
 20
-88.24203497454465
 30
0.0
 40
1.937500000000012
  0
CIRCLE
  5
21B
330
70
100
AcDbEntity
  8
final_table_top_design v3_depths$3_4_
100
AcDbCircle
 10
-246.1572235594739
 20
-101.8045349745447
 30
0.0
 40
1.937500000000012
  0
CIRCLE
  5
21C
330
70
100
AcDbEntity
  8
final_table_top_design v3_depths$3_4_
100
AcDbCircle
 10
-246.1572235594739
 20
-101.8045349745447
 30
0.0
 40
0.9999999999999927
  0
CIRCLE
  5
21D
330
70
100
AcDbEntity
  8
final_table_top_design v3_depths$3_4_
100
AcDbCircle
 10
-246.1572235594739
 20
-94.05453497454466
 30
0.0
 40
0.9999999999999927
  0
CIRCLE
  5
21E
330
70
100
AcDbEntity
  8
final_table_top_design v3_depths$3_4_
100
AcDbCircle
 10
-249.5130719991386
 20
-99.86703497454469
 30
0.0
 40
1.937500000000012
  0
CIRCLE
  5
21F
330
70
100
AcDbEntity
  8
final_table_top_design v3_depths$3_4_
100
AcDbCircle
 10
-249.5130719991386
 20
-95.99203497454467
 30
0.0
 40
0.9999999999999927
  0
CIRCLE
  5
220
330
70
100
AcDbEntity
  8
final_table_top_design v3_depths$3_4_
100
AcDbCircle
 10
-242.8013751198091
 20
-84.36703497454464
 30
0.0
 40
1.499999999999989
  0
CIRCLE
  5
221
330
70
100
AcDbEntity
  8
final_table_top_design v3_depths$3_4_
100
AcDbCircle
 10
-242.8013751198091
 20
-95.99203497454466
 30
0.0
 40
1.937500000000012
  0
CIRCLE
  5
222
330
70
100
AcDbEntity
  8
final_table_top_design v3_depths$3_4_
100
AcDbCircle
 10
-246.1572235594739
 20
-90.17953497454467
 30
0.0
 40
1.937500000000012
  0
CIRCLE
  5
223
330
70
100
AcDbEntity
  8
final_table_top_design v3_depths$3_4_
100
AcDbCircle
 10
-249.5130719991386
 20
-99.86703497454469
 30
0.0
 40
0.9999999999999927
  0
CIRCLE
  5
224
330
70
100
AcDbEntity
  8
final_table_top_design v3_depths$3_4_
100
AcDbCircle
 10
-246.1572235594739
 20
-82.42953497454466
 30
0.0
 40
1.499999999999989
  0
CIRCLE
  5
225
330
70
100
AcDbEntity
  8
final_table_top_design v3_depths$3_4_
100
AcDbCircle
 10
-252.8689204388033
 20
-97.92953497454465
 30
0.0
 40
1.499999999999989
  0
CIRCLE
  5
226
330
70
100
AcDbEntity
  8
final_table_top_design v3_depths$3_4_
100
AcDbCircle
 10
-242.8013751198091
 20
-88.24203497454465
 30
0.0
 40
1.499999999999989
  0
CIRCLE
  5
227
330
70
100
AcDbEntity
  8
final_table_top_design v3_depths$3_4_
100
AcDbCircle
 10
-246.1572235594739
 20
-94.05453497454466
 30
0.0
 40
1.937500000000012
  0
CIRCLE
  5
228
330
70
100
AcDbEntity
  8
final_table_top_design v3_depths$3_4_
100
AcDbCircle
 10
-252.8689204388033
 20
-94.05453497454464
 30
0.0
 40
1.499999999999989
  0
CIRCLE
  5
229
330
70
100
AcDbEntity
  8
final_table_top_design v3_depths$3_4_
100
AcDbCircle
 10
-252.8689204388033
 20
-94.05453497454464
 30
0.0
 40
0.9999999999999927
  0
CIRCLE
  5
22A
330
70
100
AcDbEntity
  8
final_table_top_design v3_depths$3_4_
100
AcDbCircle
 10
-252.8689204388033
 20
-90.17953497454465
 30
0.0
 40
1.937500000000012
  0
CIRCLE
  5
22B
330
70
100
AcDbEntity
  8
final_table_top_design v3_depths$3_4_
100
AcDbCircle
 10
-242.8013751198091
 20
-99.86703497454467
 30
0.0
 40
0.9999999999999927
  0
CIRCLE
  5
22C
330
70
100
AcDbEntity
  8
final_table_top_design v3_depths$3_4_
100
AcDbCircle
 10
-242.8013751198091
 20
-92.11703497454465
 30
0.0
 40
0.9999999999999927
  0
CIRCLE
  5
22D
330
70
100
AcDbEntity
  8
final_table_top_design v3_depths$3_4_
100
AcDbCircle
 10
-242.8013751198091
 20
-80.49203497454465
 30
0.0
 40
1.499999999999989
  0
CIRCLE
  5
22E
330
70
100
AcDbEntity
  8
final_table_top_design v3_depths$3_4_
100
AcDbCircle
 10
-246.1572235594739
 20
-101.8045349745447
 30
0.0
 40
1.499999999999989
  0
CIRCLE
  5
22F
330
70
100
AcDbEntity
  8
final_table_top_design v3_depths$3_4_
100
AcDbCircle
 10
-246.1572235594739
 20
-90.17953497454467
 30
0.0
 40
1.499999999999989
  0
CIRCLE
  5
230
330
70
100
AcDbEntity
  8
final_table_top_design v3_depths$3_4_
100
AcDbCircle
 10
-249.5130719991386
 20
-99.86703497454469
 30
0.0
 40
1.499999999999989
  0
CIRCLE
  5
231
330
70
100
AcDbEntity
  8
final_table_top_design v3_depths$3_4_
100
AcDbCircle
 10
-249.5130719991386
 20
-88.24203497454467
 30
0.0
 40
1.937500000000012
  0
CIRCLE
  5
232
330
70
100
AcDbEntity
  8
final_table_top_design v3_depths$3_4_
100
AcDbCircle
 10
-249.5130719991386
 20
-88.24203497454467
 30
0.0
 40
1.499999999999989
  0
CIRCLE
  5
233
330
70
100
AcDbEntity
  8
final_table_top_design v3_depths$3_4_
100
AcDbCircle
 10
-249.5130719991386
 20
-84.36703497454468
 30
0.0
 40
0.9999999999999927
  0
CIRCLE
  5
234
330
70
100
AcDbEntity
  8
final_table_top_design v3_depths$3_4_
100
AcDbCircle
 10
-252.8689204388033
 20
-97.92953497454465
 30
0.0
 40
1.937500000000012
  0
CIRCLE
  5
235
330
70
100
AcDbEntity
  8
final_table_top_design v3_depths$3_4_
100
AcDbCircle
 10
-242.8013751198091
 20
-229.8670349745446
 30
0.0
 40
1.937500000000012
  0
CIRCLE
  5
236
330
70
100
AcDbEntity
  8
final_table_top_design v3_depths$3_4_
100
AcDbCircle
 10
-239.4455266801426
 20
-231.804534974542
 30
0.0
 40
0.9999999999999927
  0
CIRCLE
  5
237
330
70
100
AcDbEntity
  8
final_table_top_design v3_depths$3_4_
100
AcDbCircle
 10
-246.1572235594739
 20
-212.4295349745446
 30
0.0
 40
0.9999999999999927
  0
CIRCLE
  5
238
330
70
100
AcDbEntity
  8
final_table_top_design v3_depths$3_4_
100
AcDbCircle
 10
-256.2247688784681
 20
-92.11703497454472
 30
0.0
 40
0.9999999999999927
  0
CIRCLE
  5
239
330
70
100
AcDbEntity
  8
final_table_top_design v3_depths$3_4_
100
AcDbCircle
 10
-259.5806173181338
 20
-224.0545349745462
 30
0.0
 40
1.499999999999989
  0
CIRCLE
  5
23A
330
70
100
AcDbEntity
  8
final_table_top_design v3_depths$3_4_
100
AcDbCircle
 10
-242.8013751198091
 20
-229.8670349745446
 30
0.0
 40
1.499999999999989
  0
CIRCLE
  5
23B
330
70
100
AcDbEntity
  8
final_table_top_design v3_depths$3_4_
100
AcDbCircle
 10
-246.1572235594739
 20
-231.8045349745447
 30
0.0
 40
1.937500000000012
  0
CIRCLE
  5
23C
330
70
100
AcDbEntity
  8
final_table_top_design v3_depths$3_4_
100
AcDbCircle
 10
-246.1572235594739
 20
-231.8045349745447
 30
0.0
 40
0.9999999999999927
  0
CIRCLE
  5
23D
330
70
100
AcDbEntity
  8
final_table_top_design v3_depths$3_4_
100
AcDbCircle
 10
-242.8013751198091
 20
-210.4920349745446
 30
0.0
 40
1.937500000000012
  0
CIRCLE
  5
23E
330
70
100
AcDbEntity
  8
final_table_top_design v3_depths$3_4_
100
AcDbCircle
 10
-239.4455266801426
 20
-220.1795349745421
 30
0.0
 40
0.9999999999999927
  0
CIRCLE
  5
23F
330
70
100
AcDbEntity
  8
final_table_top_design v3_depths$3_4_
100
AcDbCircle
 10
-246.1572235594739
 20
-231.8045349745447
 30
0.0
 40
1.499999999999989
  0
CIRCLE
  5
240
330
70
100
AcDbEntity
  8
final_table_top_design v3_depths$3_4_
100
AcDbCircle
 10
-252.8689204388033
 20
-220.1795349745446
 30
0.0
 40
1.499999999999989
  0
CIRCLE
  5
241
330
70
100
AcDbEntity
  8
final_table_top_design v3_depths$3_4_
100
AcDbCircle
 10
-252.8689204388033
 20
-220.1795349745446
 30
0.0
 40
0.9999999999999927
  0
CIRCLE
  5
242
330
70
100
AcDbEntity
  8
final_table_top_design v3_depths$3_4_
100
AcDbCircle
 10
-239.4455266801426
 20
-212.4295349745421
 30
0.0
 40
1.937500000000012
  0
CIRCLE
  5
243
330
70
100
AcDbEntity
  8
final_table_top_design v3_depths$3_4_
100
AcDbCircle
 10
-259.5806173181338
 20
-94.05453497454622
 30
0.0
 40
0.9999999999999927
  0
CIRCLE
  5
244
330
70
100
AcDbEntity
  8
final_table_top_design v3_depths$3_4_
100
AcDbCircle
 10
-259.5806173181338
 20
-224.0545349745462
 30
0.0
 40
0.9999999999999927
  0
CIRCLE
  5
245
330
70
100
AcDbEntity
  8
final_table_top_design v3_depths$3_4_
100
AcDbCircle
 10
-256.2247688784681
 20
-218.2420349745447
 30
0.0
 40
0.9999999999999927
  0
CIRCLE
  5
246
330
70
100
AcDbEntity
  8
final_table_top_design v3_depths$3_4_
100
AcDbCircle
 10
-242.8013751198091
 20
-218.2420349745446
 30
0.0
 40
1.937500000000012
  0
CIRCLE
  5
247
330
70
100
AcDbEntity
  8
final_table_top_design v3_depths$3_4_
100
AcDbCircle
 10
-262.9364657577986
 20
-222.1170349745462
 30
0.0
 40
0.9999999999999927
  0
CIRCLE
  5
248
330
70
100
AcDbEntity
  8
final_table_top_design v3_depths$3_4_
100
AcDbCircle
 10
-246.1572235594739
 20
-212.4295349745446
 30
0.0
 40
1.937500000000012
  0
CIRCLE
  5
249
330
70
100
AcDbEntity
  8
final_table_top_design v3_depths$3_4_
100
AcDbCircle
 10
-239.4455266801426
 20
-208.5545349745421
 30
0.0
 40
1.499999999999989
  0
CIRCLE
  5
24A
330
70
100
AcDbEntity
  8
final_table_top_design v3_depths$3_4_
100
AcDbCircle
 10
-246.1572235594739
 20
-216.3045349745447
 30
0.0
 40
0.9999999999999927
  0
CIRCLE
  5
24B
330
70
100
AcDbEntity
  8
final_table_top_design v3_depths$3_4_
100
AcDbCircle
 10
-239.4455266801426
 20
-220.1795349745421
 30
0.0
 40
1.937500000000012
  0
CIRCLE
  5
24C
330
70
100
AcDbEntity
  8
final_table_top_design v3_depths$3_4_
100
AcDbCircle
 10
-239.4455266801426
 20
-235.6795349745421
 30
0.0
 40
1.937500000000012
  0
CIRCLE
  5
24D
330
70
100
AcDbEntity
  8
final_table_top_design v3_depths$3_4_
100
AcDbCircle
 10
-249.5130719991386
 20
-214.3670349745447
 30
0.0
 40
0.9999999999999927
  0
CIRCLE
  5
24E
330
70
100
AcDbEntity
  8
final_table_top_design v3_depths$3_4_
100
AcDbCircle
 10
-259.5806173181338
 20
-94.05453497454622
 30
0.0
 40
1.499999999999989
  0
CIRCLE
  5
24F
330
70
100
AcDbEntity
  8
final_table_top_design v3_depths$3_4_
100
AcDbCircle
 10
-262.9364657577986
 20
-92.11703497454617
 30
0.0
 40
1.499999999999989
  0
CIRCLE
  5
250
330
70
100
AcDbEntity
  8
final_table_top_design v3_depths$3_4_
100
AcDbCircle
 10
-256.2247688784681
 20
-88.24203497454472
 30
0.0
 40
0.9999999999999927
  0
CIRCLE
  5
251
330
70
100
AcDbEntity
  8
final_table_top_design v3_depths$3_4_
100
AcDbCircle
 10
-259.5806173181338
 20
-94.05453497454622
 30
0.0
 40
1.937500000000012
  0
CIRCLE
  5
252
330
70
100
AcDbEntity
  8
final_table_top_design v3_depths$3_4_
100
AcDbCircle
 10
-236.0896782404779
 20
-233.7420349745421
 30
0.0
 40
1.937500000000012
  0
CIRCLE
  5
253
330
70
100
AcDbEntity
  8
final_table_top_design v3_depths$3_4_
100
AcDbCircle
 10
-249.5130719991386
 20
-229.8670349745446
 30
0.0
 40
1.937500000000012
  0
CIRCLE
  5
254
330
70
100
AcDbEntity
  8
final_table_top_design v3_depths$3_4_
100
AcDbCircle
 10
-262.9364657577986
 20
-222.1170349745462
 30
0.0
 40
1.937500000000012
  0
CIRCLE
  5
255
330
70
100
AcDbEntity
  8
final_table_top_design v3_depths$3_4_
100
AcDbCircle
 10
-239.4455266801426
 20
-231.8045349745421
 30
0.0
 40
1.937500000000012
  0
CIRCLE
  5
256
330
70
100
AcDbEntity
  8
final_table_top_design v3_depths$3_4_
100
AcDbCircle
 10
-259.5806173181338
 20
-90.17953497454623
 30
0.0
 40
1.499999999999989
  0
CIRCLE
  5
257
330
70
100
AcDbEntity
  8
final_table_top_design v3_depths$3_4_
100
AcDbCircle
 10
-239.4455266801426
 20
-235.6795349745421
 30
0.0
 40
1.499999999999989
  0
CIRCLE
  5
258
330
70
100
AcDbEntity
  8
final_table_top_design v3_depths$3_4_
100
AcDbCircle
 10
-249.5130719991386
 20
-229.8670349745446
 30
0.0
 40
0.9999999999999927
  0
CIRCLE
  5
259
330
70
100
AcDbEntity
  8
final_table_top_design v3_depths$3_4_
100
AcDbCircle
 10
-256.2247688784681
 20
-92.11703497454472
 30
0.0
 40
1.499999999999989
  0
CIRCLE
  5
25A
330
70
100
AcDbEntity
  8
final_table_top_design v3_depths$3_4_
100
AcDbCircle
 10
-242.8013751198091
 20
-229.8670349745446
 30
0.0
 40
0.9999999999999927
  0
CIRCLE
  5
25B
330
70
100
AcDbEntity
  8
final_table_top_design v3_depths$3_4_
100
AcDbCircle
 10
-256.2247688784681
 20
-88.24203497454472
 30
0.0
 40
1.937500000000012
  0
CIRCLE
  5
25C
330
70
100
AcDbEntity
  8
final_table_top_design v3_depths$3_4_
100
AcDbCircle
 10
-239.4455266801426
 20
-220.1795349745421
 30
0.0
 40
1.499999999999989
  0
CIRCLE
  5
25D
330
70
100
AcDbEntity
  8
final_table_top_design v3_depths$3_4_
100
AcDbCircle
 10
-262.9364657577986
 20
-92.11703497454617
 30
0.0
 40
1.937500000000012
  0
CIRCLE
  5
25E
330
70
100
AcDbEntity
  8
final_table_top_design v3_depths$3_4_
100
AcDbCircle
 10
-246.1572235594739
 20
-220.1795349745446
 30
0.0
 40
1.937500000000012
  0
CIRCLE
  5
25F
330
70
100
AcDbEntity
  8
final_table_top_design v3_depths$3_4_
100
AcDbCircle
 10
-239.4455266801426
 20
-231.8045349745421
 30
0.0
 40
1.499999999999989
  0
CIRCLE
  5
260
330
70
100
AcDbEntity
  8
final_table_top_design v3_depths$3_4_
100
AcDbCircle
 10
-239.4455266801426
 20
-208.5545349745421
 30
0.0
 40
1.937500000000012
  0
CIRCLE
  5
261
330
70
100
AcDbEntity
  8
final_table_top_design v3_depths$3_4_
100
AcDbCircle
 10
-259.5806173181338
 20
-220.1795349745462
 30
0.0
 40
1.937500000000012
  0
CIRCLE
  5
262
330
70
100
AcDbEntity
  8
final_table_top_design v3_depths$3_4_
100
AcDbCircle
 10
-262.9364657577986
 20
-222.1170349745462
 30
0.0
 40
1.499999999999989
  0
CIRCLE
  5
263
330
70
100
AcDbEntity
  8
final_table_top_design v3_depths$3_4_
100
AcDbCircle
 10
-246.1572235594739
 20
-220.1795349745446
 30
0.0
 40
1.499999999999989
  0
CIRCLE
  5
264
330
70
100
AcDbEntity
  8
final_table_top_design v3_depths$3_4_
100
AcDbCircle
 10
-246.1572235594739
 20
-220.1795349745446
 30
0.0
 40
0.9999999999999927
  0
CIRCLE
  5
265
330
70
100
AcDbEntity
  8
final_table_top_design v3_depths$3_4_
100
AcDbCircle
 10
-249.5130719991386
 20
-214.3670349745447
 30
0.0
 40
1.499999999999989
  0
CIRCLE
  5
266
330
70
100
AcDbEntity
  8
final_table_top_design v3_depths$3_4_
100
AcDbCircle
 10
-259.5806173181338
 20
-90.17953497454623
 30
0.0
 40
1.937500000000012
  0
CIRCLE
  5
267
330
70
100
AcDbEntity
  8
final_table_top_design v3_depths$3_4_
100
AcDbCircle
 10
-242.8013751198091
 20
-233.7420349745447
 30
0.0
 40
0.9999999999999927
  0
CIRCLE
  5
268
330
70
100
AcDbEntity
  8
final_table_top_design v3_depths$3_4_
100
AcDbCircle
 10
-252.8689204388033
 20
-220.1795349745446
 30
0.0
 40
1.937500000000012
  0
CIRCLE
  5
269
330
70
100
AcDbEntity
  8
final_table_top_design v3_depths$3_4_
100
AcDbCircle
 10
-256.2247688784681
 20
-92.11703497454472
 30
0.0
 40
1.937500000000012
  0
CIRCLE
  5
26A
330
70
100
AcDbEntity
  8
final_table_top_design v3_depths$3_4_
100
AcDbCircle
 10
-236.0896782404779
 20
-237.6170349745421
 30
0.0
 40
1.937500000000012
  0
CIRCLE
  5
26B
330
70
100
AcDbEntity
  8
final_table_top_design v3_depths$3_4_
100
AcDbCircle
 10
-242.8013751198091
 20
-233.7420349745447
 30
0.0
 40
1.937500000000012
  0
CIRCLE
  5
26C
330
70
100
AcDbEntity
  8
final_table_top_design v3_depths$3_4_
100
AcDbCircle
 10
-256.2247688784681
 20
-88.24203497454472
 30
0.0
 40
1.499999999999989
  0
CIRCLE
  5
26D
330
70
100
AcDbEntity
  8
final_table_top_design v3_depths$3_4_
100
AcDbCircle
 10
-259.5806173181338
 20
-220.1795349745462
 30
0.0
 40
0.9999999999999927
  0
CIRCLE
  5
26E
330
70
100
AcDbEntity
  8
final_table_top_design v3_depths$3_4_
100
AcDbCircle
 10
-262.9364657577986
 20
-92.11703497454616
 30
0.0
 40
0.9999999999999927
  0
CIRCLE
  5
26F
330
70
100
AcDbEntity
  8
final_table_top_design v3_depths$3_4_
100
AcDbCircle
 10
-259.5806173181338
 20
-224.0545349745462
 30
0.0
 40
1.937500000000012
  0
CIRCLE
  5
270
330
70
100
AcDbEntity
  8
final_table_top_design v3_depths$3_4_
100
AcDbCircle
 10
-259.5806173181338
 20
-220.1795349745462
 30
0.0
 40
1.499999999999989
  0
CIRCLE
  5
271
330
70
100
AcDbEntity
  8
final_table_top_design v3_depths$3_4_
100
AcDbCircle
 10
-259.5806173181338
 20
-90.17953497454623
 30
0.0
 40
0.9999999999999927
  0
CIRCLE
  5
272
330
70
100
AcDbEntity
  8
final_table_top_design v3_depths$3_4_
100
AcDbCircle
 10
-242.8013751198091
 20
-233.7420349745447
 30
0.0
 40
1.499999999999989
  0
CIRCLE
  5
273
330
70
100
AcDbEntity
  8
final_table_top_design v3_depths$3_4_
100
AcDbCircle
 10
-239.4455266801426
 20
-216.3045349745421
 30
0.0
 40
1.937500000000012
  0
CIRCLE
  5
274
330
70
100
AcDbEntity
  8
final_table_top_design v3_depths$3_4_
100
AcDbCircle
 10
-239.4455266801426
 20
-235.6795349745421
 30
0.0
 40
0.9999999999999927
  0
CIRCLE
  5
275
330
70
100
AcDbEntity
  8
final_table_top_design v3_depths$3_4_
100
AcDbCircle
 10
-252.8689204388033
 20
-216.3045349745447
 30
0.0
 40
1.937500000000012
  0
CIRCLE
  5
276
330
70
100
AcDbEntity
  8
final_table_top_design v3_depths$3_4_
100
AcDbCircle
 10
-252.8689204388033
 20
-224.0545349745446
 30
0.0
 40
1.499999999999989
  0
CIRCLE
  5
277
330
70
100
AcDbEntity
  8
final_table_top_design v3_depths$3_4_
100
AcDbCircle
 10
-249.5130719991386
 20
-225.9920349745446
 30
0.0
 40
1.937500000000012
  0
CIRCLE
  5
278
330
70
100
AcDbEntity
  8
final_table_top_design v3_depths$3_4_
100
AcDbCircle
 10
-239.4455266801426
 20
-224.0545349745421
 30
0.0
 40
1.499999999999989
  0
CIRCLE
  5
279
330
70
100
AcDbEntity
  8
final_table_top_design v3_depths$3_4_
100
AcDbCircle
 10
-256.2247688784681
 20
-218.2420349745447
 30
0.0
 40
1.937500000000012
  0
CIRCLE
  5
27A
330
70
100
AcDbEntity
  8
final_table_top_design v3_depths$3_4_
100
AcDbCircle
 10
-252.8689204388033
 20
-224.0545349745446
 30
0.0
 40
1.937500000000012
  0
CIRCLE
  5
27B
330
70
100
AcDbEntity
  8
final_table_top_design v3_depths$3_4_
100
AcDbCircle
 10
-246.1572235594739
 20
-224.0545349745446
 30
0.0
 40
0.9999999999999927
  0
CIRCLE
  5
27C
330
70
100
AcDbEntity
  8
final_table_top_design v3_depths$3_4_
100
AcDbCircle
 10
-249.5130719991386
 20
-225.9920349745446
 30
0.0
 40
0.9999999999999927
  0
CIRCLE
  5
27D
330
70
100
AcDbEntity
  8
final_table_top_design v3_depths$3_4_
100
AcDbCircle
 10
-252.8689204388033
 20
-216.3045349745447
 30
0.0
 40
0.9999999999999927
  0
CIRCLE
  5
27E
330
70
100
AcDbEntity
  8
final_table_top_design v3_depths$3_4_
100
AcDbCircle
 10
-249.5130719991386
 20
-218.2420349745447
 30
0.0
 40
1.937500000000012
  0
CIRCLE
  5
27F
330
70
100
AcDbEntity
  8
final_table_top_design v3_depths$3_4_
100
AcDbCircle
 10
-242.8013751198091
 20
-225.9920349745446
 30
0.0
 40
0.9999999999999927
  0
CIRCLE
  5
280
330
70
100
AcDbEntity
  8
final_table_top_design v3_depths$3_4_
100
AcDbCircle
 10
-242.8013751198091
 20
-222.1170349745446
 30
0.0
 40
0.9999999999999927
  0
CIRCLE
  5
281
330
70
100
AcDbEntity
  8
final_table_top_design v3_depths$3_4_
100
AcDbCircle
 10
-239.4455266801426
 20
-216.304534974542
 30
0.0
 40
0.9999999999999927
  0
CIRCLE
  5
282
330
70
100
AcDbEntity
  8
final_table_top_design v3_depths$3_4_
100
AcDbCircle
 10
-242.8013751198091
 20
-214.3670349745447
 30
0.0
 40
1.499999999999989
  0
CIRCLE
  5
283
330
70
100
AcDbEntity
  8
final_table_top_design v3_depths$3_4_
100
AcDbCircle
 10
-256.2247688784681
 20
-225.9920349745447
 30
0.0
 40
0.9999999999999927
  0
CIRCLE
  5
284
330
70
100
AcDbEntity
  8
final_table_top_design v3_depths$3_4_
100
AcDbCircle
 10
-239.4455266801426
 20
-208.5545349745421
 30
0.0
 40
0.9999999999999927
  0
CIRCLE
  5
285
330
70
100
AcDbEntity
  8
final_table_top_design v3_depths$3_4_
100
AcDbCircle
 10
-242.8013751198091
 20
-222.1170349745446
 30
0.0
 40
1.499999999999989
  0
CIRCLE
  5
286
330
70
100
AcDbEntity
  8
final_table_top_design v3_depths$3_4_
100
AcDbCircle
 10
-256.2247688784681
 20
-218.2420349745447
 30
0.0
 40
1.499999999999989
  0
CIRCLE
  5
287
330
70
100
AcDbEntity
  8
final_table_top_design v3_depths$3_4_
100
AcDbCircle
 10
-239.4455266801426
 20
-227.9295349745421
 30
0.0
 40
1.499999999999989
  0
CIRCLE
  5
288
330
70
100
AcDbEntity
  8
final_table_top_design v3_depths$3_4_
100
AcDbCircle
 10
-239.4455266801426
 20
-212.4295349745421
 30
0.0
 40
0.9999999999999927
  0
CIRCLE
  5
289
330
70
100
AcDbEntity
  8
final_table_top_design v3_depths$3_4_
100
AcDbCircle
 10
-242.8013751198091
 20
-214.3670349745447
 30
0.0
 40
0.9999999999999927
  0
CIRCLE
  5
28A
330
70
100
AcDbEntity
  8
final_table_top_design v3_depths$3_4_
100
AcDbCircle
 10
-249.5130719991386
 20
-218.2420349745447
 30
0.0
 40
1.499999999999989
  0
CIRCLE
  5
28B
330
70
100
AcDbEntity
  8
final_table_top_design v3_depths$3_4_
100
AcDbCircle
 10
-246.1572235594739
 20
-227.9295349745447
 30
0.0
 40
1.937500000000012
  0
CIRCLE
  5
28C
330
70
100
AcDbEntity
  8
final_table_top_design v3_depths$3_4_
100
AcDbCircle
 10
-246.1572235594739
 20
-224.0545349745446
 30
0.0
 40
1.937500000000012
  0
CIRCLE
  5
28D
330
70
100
AcDbEntity
  8
final_table_top_design v3_depths$3_4_
100
AcDbCircle
 10
-242.8013751198091
 20
-218.2420349745446
 30
0.0
 40
0.9999999999999927
  0
CIRCLE
  5
28E
330
70
100
AcDbEntity
  8
final_table_top_design v3_depths$3_4_
100
AcDbCircle
 10
-242.8013751198091
 20
-210.4920349745446
 30
0.0
 40
0.9999999999999927
  0
CIRCLE
  5
28F
330
70
100
AcDbEntity
  8
final_table_top_design v3_depths$3_4_
100
AcDbCircle
 10
-242.8013751198091
 20
-225.9920349745446
 30
0.0
 40
1.499999999999989
  0
CIRCLE
  5
290
330
70
100
AcDbEntity
  8
final_table_top_design v3_depths$3_4_
100
AcDbCircle
 10
-256.2247688784681
 20
-225.9920349745447
 30
0.0
 40
1.937500000000012
  0
CIRCLE
  5
291
330
70
100
AcDbEntity
  8
final_table_top_design v3_depths$3_4_
100
AcDbCircle
 10
-249.5130719991386
 20
-229.8670349745446
 30
0.0
 40
1.499999999999989
  0
CIRCLE
  5
292
330
70
100
AcDbEntity
  8
final_table_top_design v3_depths$3_4_
100
AcDbCircle
 10
-239.4455266801426
 20
-224.0545349745421
 30
0.0
 40
1.937500000000012
  0
CIRCLE
  5
293
330
70
100
AcDbEntity
  8
final_table_top_design v3_depths$3_4_
100
AcDbCircle
 10
-252.8689204388033
 20
-227.9295349745447
 30
0.0
 40
0.9999999999999927
  0
CIRCLE
  5
294
330
70
100
AcDbEntity
  8
final_table_top_design v3_depths$3_4_
100
AcDbCircle
 10
-246.1572235594739
 20
-212.4295349745446
 30
0.0
 40
1.499999999999989
  0
CIRCLE
  5
295
330
70
100
AcDbEntity
  8
final_table_top_design v3_depths$3_4_
100
AcDbCircle
 10
-242.8013751198091
 20
-210.4920349745446
 30
0.0
 40
1.499999999999989
  0
CIRCLE
  5
296
330
70
100
AcDbEntity
  8
final_table_top_design v3_depths$3_4_
100
AcDbCircle
 10
-239.4455266801426
 20
-224.0545349745421
 30
0.0
 40
0.9999999999999927
  0
CIRCLE
  5
297
330
70
100
AcDbEntity
  8
final_table_top_design v3_depths$3_4_
100
AcDbCircle
 10
-256.2247688784681
 20
-225.9920349745447
 30
0.0
 40
1.499999999999989
  0
CIRCLE
  5
298
330
70
100
AcDbEntity
  8
final_table_top_design v3_depths$3_4_
100
AcDbCircle
 10
-256.2247688784681
 20
-222.1170349745447
 30
0.0
 40
1.499999999999989
  0
CIRCLE
  5
299
330
70
100
AcDbEntity
  8
final_table_top_design v3_depths$3_4_
100
AcDbCircle
 10
-239.4455266801426
 20
-227.9295349745421
 30
0.0
 40
1.937500000000012
  0
CIRCLE
  5
29A
330
70
100
AcDbEntity
  8
final_table_top_design v3_depths$3_4_
100
AcDbCircle
 10
-239.4455266801426
 20
-216.3045349745421
 30
0.0
 40
1.499999999999989
  0
CIRCLE
  5
29B
330
70
100
AcDbEntity
  8
final_table_top_design v3_depths$3_4_
100
AcDbCircle
 10
-246.1572235594739
 20
-216.3045349745447
 30
0.0
 40
1.499999999999989
  0
CIRCLE
  5
29C
330
70
100
AcDbEntity
  8
final_table_top_design v3_depths$3_4_
100
AcDbCircle
 10
-239.4455266801426
 20
-227.9295349745421
 30
0.0
 40
0.9999999999999927
  0
CIRCLE
  5
29D
330
70
100
AcDbEntity
  8
final_table_top_design v3_depths$3_4_
100
AcDbCircle
 10
-252.8689204388033
 20
-216.3045349745447
 30
0.0
 40
1.499999999999989
  0
CIRCLE
  5
29E
330
70
100
AcDbEntity
  8
final_table_top_design v3_depths$3_4_
100
AcDbCircle
 10
-242.8013751198091
 20
-214.3670349745447
 30
0.0
 40
1.937500000000012
  0
CIRCLE
  5
29F
330
70
100
AcDbEntity
  8
final_table_top_design v3_depths$3_4_
100
AcDbCircle
 10
-246.1572235594739
 20
-227.9295349745447
 30
0.0
 40
1.499999999999989
  0
CIRCLE
  5
2A0
330
70
100
AcDbEntity
  8
final_table_top_design v3_depths$3_4_
100
AcDbCircle
 10
-256.2247688784681
 20
-222.1170349745447
 30
0.0
 40
1.937500000000012
  0
CIRCLE
  5
2A1
330
70
100
AcDbEntity
  8
final_table_top_design v3_depths$3_4_
100
AcDbCircle
 10
-242.8013751198091
 20
-222.1170349745446
 30
0.0
 40
1.937500000000012
  0
CIRCLE
  5
2A2
330
70
100
AcDbEntity
  8
final_table_top_design v3_depths$3_4_
100
AcDbCircle
 10
-249.5130719991386
 20
-222.1170349745447
 30
0.0
 40
0.9999999999999927
  0
CIRCLE
  5
2A3
330
70
100
AcDbEntity
  8
final_table_top_design v3_depths$3_4_
100
AcDbCircle
 10
-252.8689204388033
 20
-224.0545349745446
 30
0.0
 40
0.9999999999999927
  0
CIRCLE
  5
2A4
330
70
100
AcDbEntity
  8
final_table_top_design v3_depths$3_4_
100
AcDbCircle
 10
-249.5130719991386
 20
-222.1170349745447
 30
0.0
 40
1.499999999999989
  0
CIRCLE
  5
2A5
330
70
100
AcDbEntity
  8
final_table_top_design v3_depths$3_4_
100
AcDbCircle
 10
-256.2247688784681
 20
-222.1170349745447
 30
0.0
 40
0.9999999999999927
  0
CIRCLE
  5
2A6
330
70
100
AcDbEntity
  8
final_table_top_design v3_depths$3_4_
100
AcDbCircle
 10
-249.5130719991386
 20
-225.9920349745446
 30
0.0
 40
1.499999999999989
  0
CIRCLE
  5
2A7
330
70
100
AcDbEntity
  8
final_table_top_design v3_depths$3_4_
100
AcDbCircle
 10
-249.5130719991386
 20
-218.2420349745447
 30
0.0
 40
0.9999999999999927
  0
LINE
  5
2A8
330
70
100
AcDbEntity
  8
final_table_top_design v3_depths$3_4_
100
AcDbLine
 10
-232.042424017157
 20
-112.1909505834407
 30
0.0
 11
-266.8114657577612
 21
-92.11703497452491
 31
0.0
  0
LINE
  5
2A9
330
70
100
AcDbEntity
  8
final_table_top_design v3_depths$3_4_
100
AcDbLine
 10
-231.7650306976885
 20
-71.88296625845288
 30
0.0
 11
-266.8114657577612
 21
-92.11703497452491
 31
0.0
  0
CIRCLE
  5
2AA
330
70
100
AcDbEntity
  8
final_table_top_design v3_depths$3_4_
100
AcDbCircle
 10
-249.5130719991386
 20
-222.1170349745447
 30
0.0
 40
1.937500000000012
  0
CIRCLE
  5
2AB
330
70
100
AcDbEntity
  8
final_table_top_design v3_depths$3_4_
100
AcDbCircle
 10
-232.7338298011052
 20
-109.5545349748247
 30
0.0
 40
1.937500000000012
  0
CIRCLE
  5
2AC
330
70
100
AcDbEntity
  8
final_table_top_design v3_depths$3_4_
100
AcDbCircle
 10
-252.8689204388033
 20
-227.9295349745447
 30
0.0
 40
1.499999999999989
  0
CIRCLE
  5
2AD
330
70
100
AcDbEntity
  8
final_table_top_design v3_depths$3_4_
100
AcDbCircle
 10
-242.8013751198091
 20
-225.9920349745446
 30
0.0
 40
1.937500000000012
  0
CIRCLE
  5
2AE
330
70
100
AcDbEntity
  8
final_table_top_design v3_depths$3_4_
100
AcDbCircle
 10
-246.1572235594739
 20
-224.0545349745446
 30
0.0
 40
1.499999999999989
  0
CIRCLE
  5
2AF
330
70
100
AcDbEntity
  8
final_table_top_design v3_depths$3_4_
100
AcDbCircle
 10
-246.1572235594739
 20
-227.9295349745447
 30
0.0
 40
0.9999999999999927
  0
CIRCLE
  5
2B0
330
70
100
AcDbEntity
  8
final_table_top_design v3_depths$3_4_
100
AcDbCircle
 10
-246.1572235594739
 20
-216.3045349745447
 30
0.0
 40
1.937500000000012
  0
CIRCLE
  5
2B1
330
70
100
AcDbEntity
  8
final_table_top_design v3_depths$3_4_
100
AcDbCircle
 10
-252.8689204388033
 20
-227.9295349745447
 30
0.0
 40
1.937500000000012
  0
CIRCLE
  5
2B2
330
70
100
AcDbEntity
  8
final_table_top_design v3_depths$3_4_
100
AcDbCircle
 10
-249.5130719991386
 20
-214.3670349745447
 30
0.0
 40
1.937500000000012
  0
CIRCLE
  5
2B3
330
70
100
AcDbEntity
  8
final_table_top_design v3_depths$3_4_
100
AcDbCircle
 10
-242.8013751198091
 20
-218.2420349745446
 30
0.0
 40
1.499999999999989
  0
CIRCLE
  5
2B4
330
70
100
AcDbEntity
  8
final_table_top_design v3_depths$3_4_
100
AcDbCircle
 10
-239.4455266801426
 20
-212.4295349745421
 30
0.0
 40
1.499999999999989
  0
LINE
  5
2B5
330
70
100
AcDbEntity
  8
final_table_top_design v3_depths$3_4_
100
AcDbLine
 10
-294.95853389346
 20
-38.8045349745421
 30
0.0
 11
-284.7763220359251
 21
-38.80453497454212
 31
0.0
  0
LINE
  5
2B6
330
70
100
AcDbEntity
  8
final_table_top_design v3_depths$3_4_
100
AcDbLine
 10
-273.4021782404778
 20
-52.8045349745421
 30
0.0
 11
-272.6521782404778
 21
-52.8045349745421
 31
0.0
  0
CIRCLE
  5
2B7
330
70
100
AcDbEntity
  8
final_table_top_design v3_depths$3_4_
100
AcDbCircle
 10
-317.3588298008131
 20
-35.65811580317144
 30
0.0
 40
1.937500000000012
  0
LINE
  5
2B8
330
70
100
AcDbEntity
  8
final_table_top_design v3_depths$3_4_
100
AcDbLine
 10
-280.3425940003011
 20
-42.3045349745421
 30
0.0
 11
-300.8606748559053
 21
-42.3045349745421
 31
0.0
  0
LINE
  5
2B9
330
70
100
AcDbEntity
  8
final_table_top_design v3_depths$3_4_
100
AcDbLine
 10
-312.6521782404779
 20
-51.30453497454211
 30
0.0
 11
-277.9021782404778
 21
-51.30453497454209
 31
0.0
  0
LINE
  5
2BA
330
70
100
AcDbEntity
  8
final_table_top_design v3_depths$3_4_
100
AcDbLine
 10
-273.4021782404778
 20
-44.30453497454212
 30
0.0
 11
-273.4021782404778
 21
-45.80453497454211
 31
0.0
  0
LINE
  5
2BB
330
70
100
AcDbEntity
  8
final_table_top_design v3_depths$3_4_
100
AcDbLine
 10
-310.3869542975331
 20
-47.80453497454211
 30
0.0
 11
-277.9021782404778
 21
-47.80453497454211
 31
0.0
  0
LINE
  5
2BC
330
70
100
AcDbEntity
  8
final_table_top_design v3_depths$3_4_
100
AcDbLine
 10
-277.9021782404778
 20
-17.8045349745421
 30
0.0
 11
-306.8486544966325
 21
-17.8045349745421
 31
0.0
  0
LINE
  5
2BD
330
70
100
AcDbEntity
  8
final_table_top_design v3_depths$3_4_
100
AcDbLine
 10
-322.6521782404778
 20
-54.80453497454211
 30
0.0
 11
-275.9021782404778
 21
-54.80453497454211
 31
0.0
  0
CIRCLE
  5
2BE
330
70
100
AcDbEntity
  8
final_table_top_design v3_depths$3_4_
100
AcDbCircle
 10
-321.1521782404779
 20
-10.30453497454209
 30
0.0
 40
1.937500000000012
  0
LINE
  5
2BF
330
70
100
AcDbEntity
  8
final_table_top_design v3_depths$3_4_
100
AcDbLine
 10
-275.9021782404778
 20
-8.804534974542107
 30
0.0
 11
-322.6521782404778
 21
-8.804534974542107
 31
0.0
  0
CIRCLE
  5
2C0
330
70
100
AcDbEntity
  8
final_table_top_design v3_depths$3_4_
100
AcDbCircle
 10
-317.3588298008131
 20
-35.65811580317144
 30
0.0
 40
1.499999999999989
  0
ARC
  5
2C1
330
70
100
AcDbEntity
  8
final_table_top_design v3_depths$3_4_
100
AcDbCircle
 10
-275.6521782404778
 20
-31.80453497454211
 30
0.0
 40
11.49999999999999
100
AcDbArc
 50
231.5000495907521
 51
245.929385377434
  0
LINE
  5
2C2
330
70
100
AcDbEntity
  8
final_table_top_design v3_depths$3_4_
100
AcDbLine
 10
-278.6521782404778
 20
-52.8045349745421
 30
0.0
 11
-312.6521782404779
 21
-52.8045349745421
 31
0.0
  0
ARC
  5
2C3
330
70
100
AcDbEntity
  8
final_table_top_design v3_depths$3_4_
100
AcDbCircle
 10
-275.6521782404778
 20
-31.80453497454211
 30
0.0
 40
9.499999999999998
100
AcDbArc
 50
271.5079577542388
 51
88.49204224576153
  0
LINE
  5
2C4
330
70
100
AcDbEntity
  8
final_table_top_design v3_depths$3_4_
100
AcDbLine
 10
-256.5429585446106
 20
-24.8045349745421
 30
0.0
 11
-266.5280344450305
 21
-24.80453497454209
 31
0.0
  0
LINE
  5
2C5
330
70
100
AcDbEntity
  8
final_table_top_design v3_depths$3_4_
100
AcDbLine
 10
-298.2625986445523
 20
-40.8045349745421
 30
0.0
 11
-282.811088772116
 21
-40.80453497454209
 31
0.0
  0
LINE
  5
2C6
330
70
100
AcDbEntity
  8
final_table_top_design v3_depths$3_4_
100
AcDbLine
 10
-304.3247764710427
 20
-44.30453497454212
 30
0.0
 11
-277.9021782404778
 21
-44.30453497454212
 31
0.0
  0
LINE
  5
2C7
330
70
100
AcDbEntity
  8
final_table_top_design v3_depths$3_4_
100
AcDbLine
 10
-230.7963298011051
 20
-112.9103834145322
 30
0.0
 11
-230.7963298011052
 21
-71.32368653504624
 31
0.0
  0
LINE
  5
2C8
330
70
100
AcDbEntity
  8
final_table_top_design v3_depths$3_4_
100
AcDbLine
 10
-298.1884004590093
 20
-22.80453497454211
 30
0.0
 11
-282.811088772116
 21
-22.80453497454211
 31
0.0
  0
LINE
  5
2C9
330
70
100
AcDbEntity
  8
final_table_top_design v3_depths$3_4_
100
AcDbLine
 10
-247.0166791029829
 20
-19.30453497454211
 30
0.0
 11
-273.4021782404778
 21
-19.30453497454211
 31
0.0
  0
LINE
  5
2CA
330
70
100
AcDbEntity
  8
final_table_top_design v3_depths$3_4_
100
AcDbLine
 10
-228.6521782404779
 20
-52.59788341428507
 30
0.0
 11
-228.6521782404778
 21
-11.01118653479915
 31
0.0
  0
CIRCLE
  5
2CB
330
70
100
AcDbEntity
  8
final_table_top_design v3_depths$3_4_
100
AcDbCircle
 10
-321.1521782404779
 20
-10.30453497454209
 30
0.0
 40
1.499999999999989
  0
LINE
  5
2CC
330
70
100
AcDbEntity
  8
final_table_top_design v3_depths$3_4_
100
AcDbLine
 10
-273.4021782404778
 20
-51.30453497454209
 30
0.0
 11
-273.4021782404778
 21
-52.8045349745421
 31
0.0
  0
LINE
  5
2CD
330
70
100
AcDbEntity
  8
final_table_top_design v3_depths$3_4_
100
AcDbLine
 10
-238.6521782404778
 20
-52.8045349745421
 30
0.0
 11
-238.6521782404778
 21
-51.30453497454211
 31
0.0
  0
LINE
  5
2CE
330
70
100
AcDbEntity
  8
final_table_top_design v3_depths$3_4_
100
AcDbLine
 10
-277.9021782404778
 20
-44.30453497454212
 30
0.0
 11
-277.9021782404778
 21
-45.80453497454211
 31
0.0
  0
LINE
  5
2CF
330
70
100
AcDbEntity
  8
final_table_top_design v3_depths$3_4_
100
AcDbLine
 10
-273.4021782404778
 20
-15.80453497454211
 30
0.0
 11
-273.4021782404778
 21
-14.30453497454211
 31
0.0
  0
ARC
  5
2D0
330
70
100
AcDbEntity
  8
final_table_top_design v3_depths$3_4_
100
AcDbCircle
 10
-275.6521782404778
 20
-31.80453497454211
 30
0.0
 40
11.49999999999997
100
AcDbArc
 50
51.50004959075231
 51
65.9293853774333
  0
LINE
  5
2D1
330
70
100
AcDbEntity
  8
final_table_top_design v3_depths$3_4_
100
AcDbLine
 10
-273.4021782404778
 20
-10.80453497454211
 30
0.0
 11
-272.6521782404778
 21
-10.80453497454211
 31
0.0
  0
LINE
  5
2D2
330
70
100
AcDbEntity
  8
final_table_top_design v3_depths$3_4_
100
AcDbLine
 10
-278.6521782404778
 20
-10.80453497454211
 30
0.0
 11
-312.6521782404779
 21
-10.80453497454211
 31
0.0
  0
LINE
  5
2D3
330
70
100
AcDbEntity
  8
final_table_top_design v3_depths$3_4_
100
AcDbLine
 10
-304.2505782853455
 20
-19.30453497454211
 30
0.0
 11
-277.9021782404778
 21
-19.30453497454211
 31
0.0
  0
LINE
  5
2D4
330
70
100
AcDbEntity
  8
final_table_top_design v3_depths$3_4_
100
AcDbLine
 10
-312.6521782404779
 20
-12.30453497454211
 30
0.0
 11
-277.9021782404778
 21
-12.30453497454211
 31
0.0
  0
LINE
  5
2D5
330
70
100
AcDbEntity
  8
final_table_top_design v3_depths$3_4_
100
AcDbLine
 10
-238.6521782404778
 20
-10.80453497454211
 30
0.0
 11
-238.6521782404778
 21
-12.30453497454211
 31
0.0
  0
LINE
  5
2D6
330
70
100
AcDbEntity
  8
final_table_top_design v3_depths$3_4_
100
AcDbLine
 10
-277.9021782404778
 20
-10.80453497454211
 30
0.0
 11
-278.6521782404778
 21
-10.80453497454211
 31
0.0
  0
LINE
  5
2D7
330
70
100
AcDbEntity
  8
final_table_top_design v3_depths$3_4_
100
AcDbLine
 10
-285.7516831788398
 20
-37.30453497454211
 30
0.0
 11
-292.200420818062
 21
-37.30453497454211
 31
0.0
  0
LINE
  5
2D8
330
70
100
AcDbEntity
  8
final_table_top_design v3_depths$3_4_
100
AcDbLine
 10
-273.4021782404778
 20
-12.30453497454211
 30
0.0
 11
-273.4021782404778
 21
-10.80453497454211
 31
0.0
  0
LINE
  5
2D9
330
70
100
AcDbEntity
  8
final_table_top_design v3_depths$3_4_
100
AcDbLine
 10
-277.9021782404778
 20
-49.30453497454212
 30
0.0
 11
-312.6521782404779
 21
-49.30453497454212
 31
0.0
  0
CIRCLE
  5
2DA
330
70
100
AcDbEntity
  8
final_table_top_design v3_depths$3_4_
100
AcDbCircle
 10
-317.3588298008131
 20
-35.65811580317144
 30
0.0
 40
0.9999999999999927
  0
LINE
  5
2DB
330
70
100
AcDbEntity
  8
final_table_top_design v3_depths$3_4_
100
AcDbLine
 10
-312.6521782404779
 20
-10.80453497454211
 30
0.0
 11
-312.6521782404779
 21
-12.30453497454211
 31
0.0
  0
LINE
  5
2DC
330
70
100
AcDbEntity
  8
final_table_top_design v3_depths$3_4_
100
AcDbLine
 10
-277.9021782404778
 20
-52.8045349745421
 30
0.0
 11
-278.6521782404778
 21
-52.8045349745421
 31
0.0
  0
ARC
  5
2DD
330
70
100
AcDbEntity
  8
final_table_top_design v3_depths$3_4_
100
AcDbCircle
 10
275.6521782404778
 20
-31.80453497454211
 30
0.0
 40
11.5
210
0.0
220
0.0
230
-1.0
100
AcDbArc
 50
51.50004959075211
 51
65.929385377434
  0
CIRCLE
  5
2DE
330
70
100
AcDbEntity
  8
final_table_top_design v3_depths$3_4_
100
AcDbCircle
 10
-232.7338298011052
 20
-109.5545349748247
 30
0.0
 40
1.937500000000012
  0
CIRCLE
  5
2DF
330
70
100
AcDbEntity
  8
final_table_top_design v3_depths$3_4_
100
AcDbCircle
 10
-317.3588298008131
 20
-35.65811580317144
 30
0.0
 40
1.499999999999989
  0
CIRCLE
  5
2E0
330
70
100
AcDbEntity
  8
final_table_top_design v3_depths$3_4_
100
AcDbCircle
 10
-317.3588298008131
 20
-35.65811580317144
 30
0.0
 40
0.9999999999999927
  0
LINE
  5
2E1
330
70
100
AcDbEntity
  8
final_table_top_design v3_depths$3_4_
100
AcDbLine
 10
-312.6521782404779
 20
-14.30453497454211
 30
0.0
 11
-312.6521782404779
 21
-14.453868978699
 31
0.0
  0
LINE
  5
2E2
330
70
100
AcDbEntity
  8
final_table_top_design v3_depths$3_4_
100
AcDbLine
 10
-277.9021782404778
 20
-19.30453497454211
 30
0.0
 11
-277.9021782404778
 21
-17.80453497454211
 31
0.0
  0
LINE
  5
2E3
330
70
100
AcDbEntity
  8
final_table_top_design v3_depths$3_4_
100
AcDbLine
 10
-228.6521782404779
 20
-52.59788341428507
 30
0.0
 11
-228.6521782404778
 21
-11.01118653479915
 31
0.0
  0
ARC
  5
2E4
330
70
100
AcDbEntity
  8
final_table_top_design v3_depths$3_4_
100
AcDbCircle
 10
275.6521782404778
 20
-31.80453497454211
 30
0.0
 40
11.49999999999996
210
0.0
220
0.0
230
-1.0
100
AcDbArc
 50
231.5000495907522
 51
245.9293853774333
  0
LINE
  5
2E5
330
70
100
AcDbEntity
  8
final_table_top_design v3_depths$3_4_
100
AcDbLine
 10
-273.4021782404778
 20
-19.30453497454211
 30
0.0
 11
-273.4021782404778
 21
-17.80453497454211
 31
0.0
  0
LINE
  5
2E6
330
70
100
AcDbEntity
  8
final_table_top_design v3_depths$3_4_
100
AcDbLine
 10
-277.9021782404778
 20
-51.30453497454209
 30
0.0
 11
-277.9021782404778
 21
-52.8045349745421
 31
0.0
  0
ARC
  5
2E7
330
70
100
AcDbEntity
  8
final_table_top_design v3_depths$3_4_
100
AcDbCircle
 10
-275.6521782404778
 20
-31.80453497454211
 30
0.0
 40
11.49999999999997
100
AcDbArc
 50
142.5047502354412
 51
151.428121857691
  0
ARC
  5
2E8
330
70
100
AcDbEntity
  8
final_table_top_design v3_depths$3_4_
100
AcDbCircle
 10
275.6521782404778
 20
-31.80453497454211
 30
0.0
 40
11.49999999999997
210
0.0
220
0.0
230
-1.0
100
AcDbArc
 50
322.5047502354413
 51
331.428121857691
  0
LINE
  5
2E9
330
70
100
AcDbEntity
  8
final_table_top_design v3_depths$3_4_
100
AcDbLine
 10
-277.9021782404778
 20
-47.80453497454211
 30
0.0
 11
-277.9021782404778
 21
-49.30453497454212
 31
0.0
  0
LINE
  5
2EA
330
70
100
AcDbEntity
  8
final_table_top_design v3_depths$3_4_
100
AcDbLine
 10
-277.9021782404778
 20
-45.80453497454211
 30
0.0
 11
-306.9228526823956
 21
-45.8045349745421
 31
0.0
  0
LINE
  5
2EB
330
70
100
AcDbEntity
  8
final_table_top_design v3_depths$3_4_
100
AcDbLine
 10
-277.9021782404778
 20
-15.80453497454211
 30
0.0
 11
-277.9021782404778
 21
-14.30453497454211
 31
0.0
  0
ARC
  5
2EC
330
70
100
AcDbEntity
  8
final_table_top_design v3_depths$3_4_
100
AcDbCircle
 10
-275.6521782404778
 20
-31.80453497454211
 30
0.0
 40
11.50000000000001
100
AcDbArc
 50
322.5047502354413
 51
331.4281218576913
  0
LINE
  5
2ED
330
70
100
AcDbEntity
  8
final_table_top_design v3_depths$3_4_
100
AcDbLine
 10
-231.7650306976885
 20
-71.88296625845288
 30
0.0
 11
-230.7963298011052
 21
-71.32368653504624
 31
0.0
  0
CIRCLE
  5
2EE
330
70
100
AcDbEntity
  8
final_table_top_design v3_depths$3_4_
100
AcDbCircle
 10
-232.7338298011052
 20
-78.55453497482471
 30
0.0
 40
1.937500000000012
  0
LINE
  5
2EF
330
70
100
AcDbEntity
  8
final_table_top_design v3_depths$3_4_
100
AcDbLine
 10
-273.4021782404778
 20
-47.80453497454211
 30
0.0
 11
-273.4021782404778
 21
-49.30453497454212
 31
0.0
  0
LINE
  5
2F0
330
70
100
AcDbEntity
  8
final_table_top_design v3_depths$3_4_
100
AcDbLine
 10
-232.042424017157
 20
-112.1909505834407
 30
0.0
 11
-230.7963298011051
 21
-112.9103834145322
 31
0.0
  0
CIRCLE
  5
2F1
330
70
100
AcDbEntity
  8
final_table_top_design v3_depths$3_4_
100
AcDbCircle
 10
-321.1521782404779
 20
-10.30453497454209
 30
0.0
 40
0.9999999999999927
  0
LINE
  5
2F2
330
70
100
AcDbEntity
  8
final_table_top_design v3_depths$3_4_
100
AcDbLine
 10
-238.6521782404778
 20
-49.30453497454212
 30
0.0
 11
-238.6521782404778
 21
-49.13378179901465
 31
0.0
  0
ARC
  5
2F3
330
70
100
AcDbEntity
  8
final_table_top_design v3_depths$3_4_
100
AcDbCircle
 10
275.6521782404778
 20
-31.80453497454211
 30
0.0
 40
11.50000000000001
210
0.0
220
0.0
230
-1.0
100
AcDbArc
 50
142.5047502354412
 51
151.4281218576915
  0
LINE
  5
2F4
330
70
100
AcDbEntity
  8
final_table_top_design v3_depths$3_4_
100
AcDbLine
 10
-285.7516831788398
 20
-26.3045349745421
 30
0.0
 11
-292.1262226326732
 21
-26.3045349745421
 31
0.0
  0
LINE
  5
2F5
330
70
100
AcDbEntity
  8
final_table_top_design v3_depths$3_4_
100
AcDbLine
 10
-236.6521782405013
 20
-15.62998868833019
 30
0.0
 11
-264.6673141971338
 21
-31.80453497427777
 31
0.0
  0
LINE
  5
2F6
330
70
100
AcDbEntity
  8
final_table_top_design v3_depths$3_4_
100
AcDbLine
 10
-259.1410347552138
 20
-37.30453497454211
 30
0.0
 11
-256.5429585439269
 21
-38.8045349745421
 31
0.0
  0
LINE
  5
2F7
330
70
100
AcDbEntity
  8
final_table_top_design v3_depths$3_4_
100
AcDbLine
 10
-247.0166791025413
 20
-44.30453497454212
 30
0.0
 11
-244.4186028912544
 21
-45.8045349745421
 31
0.0
  0
LINE
  5
2F8
330
70
100
AcDbEntity
  8
final_table_top_design v3_depths$3_4_
100
AcDbLine
 10
-256.5429585439269
 20
-38.8045349745421
 30
0.0
 11
-266.5280344450305
 21
-38.80453497454212
 31
0.0
  0
LINE
  5
2F9
330
70
100
AcDbEntity
  8
final_table_top_design v3_depths$3_4_
100
AcDbLine
 10
-270.9617624806544
 20
-42.3045349745421
 30
0.0
 11
-250.4807807175906
 21
-42.3045349745421
 31
0.0
  0
ARC
  5
2FA
330
70
100
AcDbEntity
  8
final_table_top_design v3_depths$3_4_
100
AcDbCircle
 10
-275.6521782404778
 20
-31.80453497454211
 30
0.0
 40
9.499999999999998
100
AcDbArc
 50
91.50795775423882
 51
268.4920422457615
  0
LINE
  5
2FB
330
70
100
AcDbEntity
  8
final_table_top_design v3_depths$3_4_
100
AcDbLine
 10
-334.659398616623
 20
-121.4916018731339
 30
0.0
 11
-298.6442626599671
 21
-100.6982534336552
 31
0.0
  0
LINE
  5
2FC
330
70
100
AcDbEntity
  8
final_table_top_design v3_depths$3_4_
100
AcDbLine
 10
-273.4021782404778
 20
-14.30453497454211
 30
0.0
 11
-238.6521782404778
 21
-14.30453497454211
 31
0.0
  0
LINE
  5
2FD
330
70
100
AcDbEntity
  8
final_table_top_design v3_depths$3_4_
100
AcDbLine
 10
-314.6521782404778
 20
-47.95766208939697
 30
0.0
 11
-286.6370422838219
 21
-31.78311580343589
 31
0.0
  0
LINE
  5
2FE
330
70
100
AcDbEntity
  8
final_table_top_design v3_depths$3_4_
100
AcDbLine
 10
-322.6521782404778
 20
-8.804534974542107
 30
0.0
 11
-322.6521782404778
 21
-54.80453497454211
 31
0.0
  0
LINE
  5
2FF
330
70
100
AcDbEntity
  8
final_table_top_design v3_depths$3_4_
100
AcDbLine
 10
-253.0788569294732
 20
-22.80453497454211
 30
0.0
 11
-250.4807807181202
 21
-21.30453497454211
 31
0.0
  0
LINE
  5
300
330
70
100
AcDbEntity
  8
final_table_top_design v3_depths$3_4_
100
AcDbLine
 10
-253.0788569288775
 20
-40.8045349745421
 30
0.0
 11
-250.4807807175906
 21
-42.3045349745421
 31
0.0
  0
LINE
  5
301
330
70
100
AcDbEntity
  8
final_table_top_design v3_depths$3_4_
100
AcDbLine
 10
-240.9545012762051
 20
-47.80453497454211
 30
0.0
 11
-273.4021782404778
 21
-47.80453497454211
 31
0.0
  0
CIRCLE
  5
302
330
70
100
AcDbEntity
  8
final_table_top_design v3_depths$3_4_
100
AcDbCircle
 10
-321.1521782404779
 20
-53.30453497454212
 30
0.0
 40
1.499999999999989
  0
LINE
  5
303
330
70
100
AcDbEntity
  8
final_table_top_design v3_depths$3_4_
100
AcDbLine
 10
-322.6521782404778
 20
-54.80453497454211
 30
0.0
 11
-322.6521782404778
 21
-8.804534974542107
 31
0.0
  0
LINE
  5
304
330
70
100
AcDbEntity
  8
final_table_top_design v3_depths$3_4_
100
AcDbLine
 10
-273.4021782404778
 20
-17.8045349745421
 30
0.0
 11
-244.4186028916299
 21
-17.8045349745421
 31
0.0
  0
LINE
  5
305
330
70
100
AcDbEntity
  8
final_table_top_design v3_depths$3_4_
100
AcDbLine
 10
-367.5475852069792
 20
-33.3556100875807
 30
0.0
 11
-367.5475852069791
 21
-74.94230696706665
 31
0.0
  0
LINE
  5
306
330
70
100
AcDbEntity
  8
final_table_top_design v3_depths$3_4_
100
AcDbLine
 10
-314.6521782404778
 20
-47.95766208939697
 30
0.0
 11
-286.6370422838219
 21
-31.78311580343589
 31
0.0
  0
LINE
  5
307
330
70
100
AcDbEntity
  8
final_table_top_design v3_depths$3_4_
100
AcDbLine
 10
-236.6521782405013
 20
-15.62998868833019
 30
0.0
 11
-264.6673141971338
 21
-31.80453497427777
 31
0.0
  0
LINE
  5
308
330
70
100
AcDbEntity
  8
final_table_top_design v3_depths$3_4_
100
AcDbLine
 10
-310.3127561116817
 20
-15.80453497454211
 30
0.0
 11
-312.6521782404779
 21
-14.453868978699
 31
0.0
  0
LINE
  5
309
330
70
100
AcDbEntity
  8
final_table_top_design v3_depths$3_4_
100
AcDbLine
 10
-292.1262226326732
 20
-26.3045349745421
 30
0.0
 11
-294.7242988439601
 21
-24.80453497454211
 31
0.0
  0
LINE
  5
30A
330
70
100
AcDbEntity
  8
final_table_top_design v3_depths$3_4_
100
AcDbLine
 10
-298.1884004590093
 20
-22.80453497454211
 30
0.0
 11
-300.7864766702962
 21
-21.30453497454211
 31
0.0
  0
LINE
  5
30B
330
70
100
AcDbEntity
  8
final_table_top_design v3_depths$3_4_
100
AcDbLine
 10
-259.1410347559636
 20
-26.3045349745421
 30
0.0
 11
-256.5429585446106
 21
-24.8045349745421
 31
0.0
  0
LINE
  5
30C
330
70
100
AcDbEntity
  8
final_table_top_design v3_depths$3_4_
100
AcDbLine
 10
-232.042424017157
 20
-112.1909505834407
 30
0.0
 11
-230.7963298011051
 21
-112.9103834145322
 31
0.0
  0
LINE
  5
30D
330
70
100
AcDbEntity
  8
final_table_top_design v3_depths$3_4_
100
AcDbLine
 10
-304.2505782853455
 20
-19.30453497454211
 30
0.0
 11
-306.8486544966325
 21
-17.80453497454211
 31
0.0
  0
LINE
  5
30E
330
70
100
AcDbEntity
  8
final_table_top_design v3_depths$3_4_
100
AcDbLine
 10
-238.6521782404778
 20
-14.30453497454211
 30
0.0
 11
-238.6521782404778
 21
-14.47528814993741
 31
0.0
  0
LINE
  5
30F
330
70
100
AcDbEntity
  8
final_table_top_design v3_depths$3_4_
100
AcDbLine
 10
-273.4021782404778
 20
-49.30453497454212
 30
0.0
 11
-238.6521782404778
 21
-49.30453497454212
 31
0.0
  0
LINE
  5
310
330
70
100
AcDbEntity
  8
final_table_top_design v3_depths$3_4_
100
AcDbLine
 10
-270.9617624806544
 20
-21.30453497454211
 30
0.0
 11
-250.4807807181202
 21
-21.30453497454211
 31
0.0
  0
CIRCLE
  5
311
330
70
100
AcDbEntity
  8
final_table_top_design v3_depths$3_4_
100
AcDbCircle
 10
-321.1521782404779
 20
-53.30453497454212
 30
0.0
 40
1.937500000000012
  0
LINE
  5
312
330
70
100
AcDbEntity
  8
final_table_top_design v3_depths$3_4_
100
AcDbLine
 10
-240.9545012762051
 20
-47.80453497454211
 30
0.0
 11
-238.6521782404778
 21
-49.13378179901465
 31
0.0
  0
LINE
  5
313
330
70
100
AcDbEntity
  8
final_table_top_design v3_depths$3_4_
100
AcDbLine
 10
-310.3127561116817
 20
-15.80453497454211
 30
0.0
 11
-277.9021782404778
 21
-15.80453497454211
 31
0.0
  0
LINE
  5
314
330
70
100
AcDbEntity
  8
final_table_top_design v3_depths$3_4_
100
AcDbLine
 10
-277.9021782404778
 20
-12.30453497454211
 30
0.0
 11
-277.9021782404778
 21
-10.80453497454211
 31
0.0
  0
LINE
  5
315
330
70
100
AcDbEntity
  8
final_table_top_design v3_depths$3_4_
100
AcDbLine
 10
-334.6593986166232
 20
-79.90490499364788
 30
0.0
 11
-298.6442626599671
 21
-100.6982534336552
 31
0.0
  0
LINE
  5
316
330
70
100
AcDbEntity
  8
final_table_top_design v3_depths$3_4_
100
AcDbLine
 10
-272.6521782404778
 20
-52.8045349745421
 30
0.0
 11
-238.6521782404778
 21
-52.8045349745421
 31
0.0
  0
LINE
  5
317
330
70
100
AcDbEntity
  8
final_table_top_design v3_depths$3_4_
100
AcDbLine
 10
-230.7963298011051
 20
-112.9103834145322
 30
0.0
 11
-230.7963298011052
 21
-71.32368653504624
 31
0.0
  0
LINE
  5
318
330
70
100
AcDbEntity
  8
final_table_top_design v3_depths$3_4_
100
AcDbLine
 10
-280.3425940003011
 20
-21.30453497454211
 30
0.0
 11
-300.7864766702962
 21
-21.30453497454211
 31
0.0
  0
LINE
  5
319
330
70
100
AcDbEntity
  8
final_table_top_design v3_depths$3_4_
100
AcDbLine
 10
-253.0788569294732
 20
-22.80453497454211
 30
0.0
 11
-268.4932677088397
 21
-22.80453497454211
 31
0.0
  0
LINE
  5
31A
330
70
100
AcDbEntity
  8
final_table_top_design v3_depths$3_4_
100
AcDbLine
 10
-314.6521782404778
 20
-15.60856951706349
 30
0.0
 11
-286.6370422838219
 21
-31.78311580343589
 31
0.0
  0
CIRCLE
  5
31B
330
70
100
AcDbEntity
  8
final_table_top_design v3_depths$3_4_
100
AcDbCircle
 10
-317.3588298008131
 20
-35.65811580317144
 30
0.0
 40
1.937500000000012
  0
CIRCLE
  5
31C
330
70
100
AcDbEntity
  8
final_table_top_design v3_depths$3_4_
100
AcDbCircle
 10
-321.1521782404779
 20
-53.30453497454212
 30
0.0
 40
0.9999999999999927
  0
LINE
  5
31D
330
70
100
AcDbEntity
  8
final_table_top_design v3_depths$3_4_
100
AcDbLine
 10
-312.6521782404779
 20
-52.8045349745421
 30
0.0
 11
-312.6521782404779
 21
-51.30453497454211
 31
0.0
  0
LINE
  5
31E
330
70
100
AcDbEntity
  8
final_table_top_design v3_depths$3_4_
100
AcDbLine
 10
-240.9545012764925
 20
-15.80453497454211
 30
0.0
 11
-238.6521782404778
 21
-14.47528814993741
 31
0.0
  0
LINE
  5
31F
330
70
100
AcDbEntity
  8
final_table_top_design v3_depths$3_4_
100
AcDbLine
 10
-236.6521782410946
 20
-47.97908126029401
 30
0.0
 11
-264.6673141971338
 21
-31.80453497427777
 31
0.0
  0
LINE
  5
320
330
70
100
AcDbEntity
  8
final_table_top_design v3_depths$3_4_
100
AcDbLine
 10
-367.5475852069791
 20
-74.94230696706665
 30
0.0
 11
-331.5324492503233
 21
-54.14895852758789
 31
0.0
  0
LINE
  5
321
330
70
100
AcDbEntity
  8
final_table_top_design v3_depths$3_4_
100
AcDbLine
 10
-253.0788569288775
 20
-40.8045349745421
 30
0.0
 11
-268.4932677088397
 21
-40.80453497454209
 31
0.0
  0
LINE
  5
322
330
70
100
AcDbEntity
  8
final_table_top_design v3_depths$3_4_
100
AcDbLine
 10
-238.6521782404778
 20
-51.30453497454211
 30
0.0
 11
-273.4021782404778
 21
-51.30453497454209
 31
0.0
  0
LINE
  5
323
330
70
100
AcDbEntity
  8
final_table_top_design v3_depths$3_4_
100
AcDbLine
 10
-247.0166791029829
 20
-19.30453497454211
 30
0.0
 11
-244.4186028916298
 21
-17.80453497454211
 31
0.0
  0
LINE
  5
324
330
70
100
AcDbEntity
  8
final_table_top_design v3_depths$3_4_
100
AcDbLine
 10
-236.6521782410946
 20
-47.97908126029401
 30
0.0
 11
-264.6673141971338
 21
-31.80453497427777
 31
0.0
  0
LINE
  5
325
330
70
100
AcDbEntity
  8
final_table_top_design v3_depths$3_4_
100
AcDbLine
 10
-314.6521782404778
 20
-15.60856951706349
 30
0.0
 11
-286.6370422838219
 21
-31.78311580343589
 31
0.0
  0
LINE
  5
326
330
70
100
AcDbEntity
  8
final_table_top_design v3_depths$3_4_
100
AcDbLine
 10
-265.5526733021157
 20
-26.3045349745421
 30
0.0
 11
-259.1410347559636
 21
-26.3045349745421
 31
0.0
  0
LINE
  5
327
330
70
100
AcDbEntity
  8
final_table_top_design v3_depths$3_4_
100
AcDbLine
 10
-334.6593986166232
 20
-79.90490499364788
 30
0.0
 11
-334.6593986166231
 21
-121.4916018731339
 31
0.0
  0
LINE
  5
328
330
70
100
AcDbEntity
  8
final_table_top_design v3_depths$3_4_
100
AcDbLine
 10
-232.042424017157
 20
-112.1909505834407
 30
0.0
 11
-266.8114657577612
 21
-92.11703497452491
 31
0.0
  0
LINE
  5
329
330
70
100
AcDbEntity
  8
final_table_top_design v3_depths$3_4_
100
AcDbLine
 10
-231.7650306976885
 20
-71.88296625845288
 30
0.0
 11
-266.8114657577612
 21
-92.11703497452491
 31
0.0
  0
LINE
  5
32A
330
70
100
AcDbEntity
  8
final_table_top_design v3_depths$3_4_
100
AcDbLine
 10
-367.5475852069792
 20
-33.3556100875807
 30
0.0
 11
-331.5324492503233
 21
-54.14895852758789
 31
0.0
  0
LINE
  5
32B
330
70
100
AcDbEntity
  8
final_table_top_design v3_depths$3_4_
100
AcDbLine
 10
-231.7650306976885
 20
-71.88296625845288
 30
0.0
 11
-230.7963298011052
 21
-71.32368653504624
 31
0.0
  0
LINE
  5
32C
330
70
100
AcDbEntity
  8
final_table_top_design v3_depths$3_4_
100
AcDbLine
 10
-312.6521782404779
 20
-49.30453497454212
 30
0.0
 11
-312.6521782404779
 21
-49.11236262777622
 31
0.0
  0
LINE
  5
32D
330
70
100
AcDbEntity
  8
final_table_top_design v3_depths$3_4_
100
AcDbLine
 10
-277.9021782404778
 20
-14.30453497454211
 30
0.0
 11
-312.6521782404779
 21
-14.30453497454211
 31
0.0
  0
LINE
  5
32E
330
70
100
AcDbEntity
  8
final_table_top_design v3_depths$3_4_
100
AcDbLine
 10
-294.7242988439601
 20
-24.80453497454211
 30
0.0
 11
-284.7763220359251
 21
-24.80453497454209
 31
0.0
  0
LINE
  5
32F
330
70
100
AcDbEntity
  8
final_table_top_design v3_depths$3_4_
100
AcDbLine
 10
-238.6521782404778
 20
-12.30453497454211
 30
0.0
 11
-273.4021782404778
 21
-12.30453497454211
 31
0.0
  0
LINE
  5
330
330
70
100
AcDbEntity
  8
final_table_top_design v3_depths$3_4_
100
AcDbLine
 10
-272.6521782404778
 20
-10.80453497454211
 30
0.0
 11
-238.6521782404778
 21
-10.80453497454211
 31
0.0
  0
LINE
  5
331
330
70
100
AcDbEntity
  8
final_table_top_design v3_depths$3_4_
100
AcDbLine
 10
-265.5526733021157
 20
-37.30453497454211
 30
0.0
 11
-259.1410347552139
 21
-37.30453497454211
 31
0.0
  0
LINE
  5
332
330
70
100
AcDbEntity
  8
final_table_top_design v3_depths$3_4_
100
AcDbLine
 10
-273.4021782404778
 20
-45.80453497454211
 30
0.0
 11
-244.4186028912544
 21
-45.8045349745421
 31
0.0
  0
LINE
  5
333
330
70
100
AcDbEntity
  8
final_table_top_design v3_depths$3_4_
100
AcDbLine
 10
-247.0166791025413
 20
-44.30453497454212
 30
0.0
 11
-273.4021782404778
 21
-44.30453497454212
 31
0.0
  0
LINE
  5
334
330
70
100
AcDbEntity
  8
final_table_top_design v3_depths$3_4_
100
AcDbLine
 10
-240.9545012764925
 20
-15.80453497454211
 30
0.0
 11
-273.4021782404778
 21
-15.80453497454211
 31
0.0
  0
LINE
  5
335
330
70
100
AcDbEntity
  8
final_table_top_design v3_depths$3_4_
100
AcDbLine
 10
-294.7984970294149
 20
-38.8045349745421
 30
0.0
 11
-292.2004208180619
 21
-37.30453497454211
 31
0.0
  0
LINE
  5
336
330
70
100
AcDbEntity
  8
final_table_top_design v3_depths$3_4_
100
AcDbLine
 10
-306.9228526823957
 20
-45.8045349745421
 30
0.0
 11
-304.3247764710427
 21
-44.30453497454212
 31
0.0
  0
LINE
  5
337
330
70
100
AcDbEntity
  8
final_table_top_design v3_depths$3_4_
100
AcDbLine
 10
-322.2343278554671
 20
168.2168841968285
 30
0.0
 11
-322.6521782404778
 21
168.2168841968285
 31
0.0
  0
CIRCLE
  5
338
330
70
100
AcDbEntity
  8
final_table_top_design v3_depths$3_4_
100
AcDbCircle
 10
-320.7146782404779
 20
174.0293841968285
 30
0.0
 40
1.499999999999989
  0
CIRCLE
  5
339
330
70
100
AcDbEntity
  8
final_table_top_design v3_depths$3_4_
100
AcDbCircle
 10
-230.1521782404778
 20
189.6655042445216
 30
0.0
 40
1.499999999999989
  0
LINE
  5
33A
330
70
100
AcDbEntity
  8
final_table_top_design v3_depths$3_4_
100
AcDbLine
 10
-277.9021782404778
 20
180.6954650254579
 30
0.0
 11
-277.9021782404778
 21
182.1954650254579
 31
0.0
  0
LINE
  5
33B
330
70
100
AcDbEntity
  8
final_table_top_design v3_depths$3_4_
100
AcDbLine
 10
-228.6521782404778
 20
145.1954650254578
 30
0.0
 11
-228.6521782404778
 21
191.1954650254578
 31
0.0
  0
CIRCLE
  5
33C
330
70
100
AcDbEntity
  8
final_table_top_design v3_depths$3_4_
100
AcDbCircle
 10
-314.0029813611484
 20
170.1543841968284
 30
0.0
 40
0.9999999999999927
  0
LINE
  5
33D
330
70
100
AcDbEntity
  8
final_table_top_design v3_depths$3_4_
100
AcDbLine
 10
-273.4021782404778
 20
187.6954650254578
 30
0.0
 11
-273.4021782404778
 21
189.1954650254579
 31
0.0
  0
CIRCLE
  5
33E
330
70
100
AcDbEntity
  8
final_table_top_design v3_depths$3_4_
100
AcDbCircle
 10
-320.7146782404779
 20
174.0293841968285
 30
0.0
 40
0.9999999999999927
  0
LINE
  5
33F
330
70
100
AcDbEntity
  8
final_table_top_design v3_depths$3_4_
100
AcDbLine
 10
-277.9021782404778
 20
180.6954650254579
 30
0.0
 11
-277.9021782404778
 21
182.1954650254579
 31
0.0
  0
CIRCLE
  5
340
330
70
100
AcDbEntity
  8
final_table_top_design v3_depths$3_4_
100
AcDbCircle
 10
-320.7146782404779
 20
174.0293841968285
 30
0.0
 40
1.937500000000012
  0
LINE
  5
341
330
70
100
AcDbEntity
  8
final_table_top_design v3_depths$3_4_
100
AcDbLine
 10
-314.6521782404778
 20
152.042337910603
 30
0.0
 11
-286.6370422838219
 21
168.2168841965641
 31
0.0
  0
LINE
  5
342
330
70
100
AcDbEntity
  8
final_table_top_design v3_depths$3_4_
100
AcDbLine
 10
-273.4021782404778
 20
180.6954650254579
 30
0.0
 11
-273.4021782404778
 21
182.1954650254579
 31
0.0
  0
LINE
  5
343
330
70
100
AcDbEntity
  8
final_table_top_design v3_depths$3_4_
100
AcDbLine
 10
-275.4021782404779
 20
177.1919921331811
 30
0.0
 11
-275.4021782404779
 21
176.9454650254578
 31
0.0
  0
LINE
  5
344
330
70
100
AcDbEntity
  8
final_table_top_design v3_depths$3_4_
100
AcDbLine
 10
-228.6521782404778
 20
145.1954650254578
 30
0.0
 11
-228.6521782404778
 21
191.1954650254578
 31
0.0
  0
LINE
  5
345
330
70
100
AcDbEntity
  8
final_table_top_design v3_depths$3_4_
100
AcDbLine
 10
-236.6521782405013
 20
184.3700113116698
 30
0.0
 11
-264.6673141971338
 21
168.1954650257222
 31
0.0
  0
LINE
  5
346
330
70
100
AcDbEntity
  8
final_table_top_design v3_depths$3_4_
100
AcDbLine
 10
-277.9021782404778
 20
187.6954650254578
 30
0.0
 11
-277.9021782404778
 21
189.1954650254579
 31
0.0
  0
ARC
  5
347
330
70
100
AcDbEntity
  8
final_table_top_design v3_depths$3_4_
100
AcDbCircle
 10
-275.6521782404778
 20
168.1954650254579
 30
0.0
 40
11.49999999999997
100
AcDbArc
 50
142.5047502354413
 51
151.428121857691
  0
LINE
  5
348
330
70
100
AcDbEntity
  8
final_table_top_design v3_depths$3_4_
100
AcDbLine
 10
-277.9021782404778
 20
189.1954650254579
 30
0.0
 11
-278.6521782404778
 21
189.1954650254579
 31
0.0
  0
LINE
  5
349
330
70
100
AcDbEntity
  8
final_table_top_design v3_depths$3_4_
100
AcDbLine
 10
-247.0166791029829
 20
180.6954650254579
 30
0.0
 11
-244.4186028916298
 21
182.1954650254579
 31
0.0
  0
LINE
  5
34A
330
70
100
AcDbEntity
  8
final_table_top_design v3_depths$3_4_
100
AcDbLine
 10
-275.9021782404778
 20
177.6921749820691
 30
0.0
 11
-275.9021782404778
 21
191.1954650254578
 31
0.0
  0
LINE
  5
34B
330
70
100
AcDbEntity
  8
final_table_top_design v3_depths$3_4_
100
AcDbLine
 10
-275.9021782404778
 20
176.7520995411222
 30
0.0
 11
-275.9021782404778
 21
176.9454650254579
 31
0.0
  0
ARC
  5
34C
330
70
100
AcDbEntity
  8
final_table_top_design v3_depths$3_4_
100
AcDbCircle
 10
-275.6521782404778
 20
168.1954650254579
 30
0.0
 40
11.49999999999997
100
AcDbArc
 50
51.50004959075233
 51
65.92938537743333
  0
LINE
  5
34D
330
70
100
AcDbEntity
  8
final_table_top_design v3_depths$3_4_
100
AcDbLine
 10
-275.9021782404779
 20
177.1919921331812
 30
0.0
 11
-275.9021782404778
 21
176.9454650254578
 31
0.0
  0
LINE
  5
34E
330
70
100
AcDbEntity
  8
final_table_top_design v3_depths$3_4_
100
AcDbLine
 10
-292.1262226326732
 20
173.6954650254578
 30
0.0
 11
-294.7242988439601
 21
175.1954650254579
 31
0.0
  0
LINE
  5
34F
330
70
100
AcDbEntity
  8
final_table_top_design v3_depths$3_4_
100
AcDbLine
 10
-294.7242988439601
 20
175.1954650254579
 30
0.0
 11
-284.7763220359251
 21
175.1954650254579
 31
0.0
  0
ARC
  5
350
330
70
100
AcDbEntity
  8
final_table_top_design v3_depths$3_4_
100
AcDbCircle
 10
-275.6521782404778
 20
168.1954650254579
 30
0.0
 40
11.49999999999997
100
AcDbArc
 50
142.5047502354413
 51
151.428121857691
  0
ARC
  5
351
330
70
100
AcDbEntity
  8
final_table_top_design v3_depths$3_4_
100
AcDbCircle
 10
275.6521782404778
 20
168.1954650254579
 30
0.0
 40
11.50000000000001
210
0.0
220
0.0
230
-1.0
100
AcDbArc
 50
142.5047502354413
 51
151.4281218576913
  0
CIRCLE
  5
352
330
70
100
AcDbEntity
  8
final_table_top_design v3_depths$3_4_
100
AcDbCircle
 10
-320.7146782404779
 20
170.1543841968285
 30
0.0
 40
1.499999999999989
  0
CIRCLE
  5
353
330
70
100
AcDbEntity
  8
final_table_top_design v3_depths$3_4_
100
AcDbCircle
 10
-314.0029813611484
 20
170.1543841968284
 30
0.0
 40
1.937500000000012
  0
LINE
  5
354
330
70
100
AcDbEntity
  8
final_table_top_design v3_depths$3_4_
100
AcDbLine
 10
-298.1884004590093
 20
177.1954650254579
 30
0.0
 11
-282.811088772116
 21
177.1954650254579
 31
0.0
  0
LINE
  5
355
330
70
100
AcDbEntity
  8
final_table_top_design v3_depths$3_4_
100
AcDbLine
 10
-312.6521782404779
 20
-49.11236262777622
 30
0.0
 11
-310.3869542975331
 21
-47.80453497454211
 31
0.0
  0
LINE
  5
356
330
70
100
AcDbEntity
  8
final_table_top_design v3_depths$3_4_
100
AcDbLine
 10
-277.9021782404778
 20
187.6954650254578
 30
0.0
 11
-277.9021782404778
 21
189.1954650254579
 31
0.0
  0
LINE
  5
357
330
70
100
AcDbEntity
  8
final_table_top_design v3_depths$3_4_
100
AcDbLine
 10
-285.7516831788398
 20
173.6954650254578
 30
0.0
 11
-292.1262226326732
 21
173.6954650254578
 31
0.0
  0
LINE
  5
358
330
70
100
AcDbEntity
  8
final_table_top_design v3_depths$3_4_
100
AcDbLine
 10
-238.6521782404778
 20
189.1954650254579
 30
0.0
 11
-238.6521782404778
 21
187.6954650254578
 31
0.0
  0
LINE
  5
359
330
70
100
AcDbEntity
  8
final_table_top_design v3_depths$3_4_
100
AcDbLine
 10
-273.4021782404778
 20
187.6954650254578
 30
0.0
 11
-273.4021782404778
 21
189.1954650254579
 31
0.0
  0
LINE
  5
35A
330
70
100
AcDbEntity
  8
final_table_top_design v3_depths$3_4_
100
AcDbLine
 10
-275.4021782404779
 20
176.7520995411222
 30
0.0
 11
-275.4021782404779
 21
176.126908386694
 31
0.0
  0
LINE
  5
35B
330
70
100
AcDbEntity
  8
final_table_top_design v3_depths$3_4_
100
AcDbLine
 10
-298.1884004590093
 20
177.1954650254579
 30
0.0
 11
-282.811088772116
 21
177.1954650254579
 31
0.0
  0
LINE
  5
35C
330
70
100
AcDbEntity
  8
final_table_top_design v3_depths$3_4_
100
AcDbLine
 10
-236.6521782405013
 20
184.3700113116698
 30
0.0
 11
-264.6673141971338
 21
168.1954650257222
 31
0.0
  0
LINE
  5
35D
330
70
100
AcDbEntity
  8
final_table_top_design v3_depths$3_4_
100
AcDbLine
 10
-285.7516831788398
 20
173.6954650254578
 30
0.0
 11
-292.1262226326732
 21
173.6954650254578
 31
0.0
  0
LINE
  5
35E
330
70
100
AcDbEntity
  8
final_table_top_design v3_depths$3_4_
100
AcDbLine
 10
-273.4021782404778
 20
180.6954650254579
 30
0.0
 11
-273.4021782404778
 21
182.1954650254579
 31
0.0
  0
LINE
  5
35F
330
70
100
AcDbEntity
  8
final_table_top_design v3_depths$3_4_
100
AcDbLine
 10
-265.5526733021157
 20
173.6954650254578
 30
0.0
 11
-259.1410347559636
 21
173.6954650254578
 31
0.0
  0
CIRCLE
  5
360
330
70
100
AcDbEntity
  8
final_table_top_design v3_depths$3_4_
100
AcDbCircle
 10
-233.9455266801426
 20
172.0704650254577
 30
0.0
 40
1.499999999999989
  0
LINE
  5
361
330
70
100
AcDbEntity
  8
final_table_top_design v3_depths$3_4_
100
AcDbLine
 10
-323.6521782404778
 20
192.1954650254578
 30
0.0
 11
-227.6521782404778
 21
192.1954650254578
 31
0.0
  0
LINE
  5
362
330
70
100
AcDbEntity
  8
final_table_top_design v3_depths$3_4_
100
AcDbLine
 10
-294.7242988439601
 20
175.1954650254579
 30
0.0
 11
-284.7763220359251
 21
175.1954650254579
 31
0.0
  0
LINE
  5
363
330
70
100
AcDbEntity
  8
final_table_top_design v3_depths$3_4_
100
AcDbLine
 10
-275.9021782404778
 20
176.7520995411222
 30
0.0
 11
-275.9021782404778
 21
176.126908386694
 31
0.0
  0
LINE
  5
364
330
70
100
AcDbEntity
  8
final_table_top_design v3_depths$3_4_
100
AcDbLine
 10
-238.6521782404778
 20
189.1954650254579
 30
0.0
 11
-238.6521782404778
 21
187.6954650254578
 31
0.0
  0
CIRCLE
  5
365
330
70
100
AcDbEntity
  8
final_table_top_design v3_depths$3_4_
100
AcDbCircle
 10
-230.1521782404778
 20
189.6655042445216
 30
0.0
 40
0.9999999999999927
  0
LINE
  5
366
330
70
100
AcDbEntity
  8
final_table_top_design v3_depths$3_4_
100
AcDbLine
 10
-275.4021782404779
 20
161.6944712901223
 30
0.0
 11
-275.4021782404779
 21
176.126908386694
 31
0.0
  0
LINE
  5
367
330
70
100
AcDbEntity
  8
final_table_top_design v3_depths$3_4_
100
AcDbLine
 10
-273.4021782404778
 20
189.1954650254579
 30
0.0
 11
-272.6521782404778
 21
189.1954650254579
 31
0.0
  0
LINE
  5
368
330
70
100
AcDbEntity
  8
final_table_top_design v3_depths$3_4_
100
AcDbLine
 10
-259.1410347559636
 20
173.6954650254578
 30
0.0
 11
-256.5429585446106
 21
175.1954650254579
 31
0.0
  0
LINE
  5
369
330
70
100
AcDbEntity
  8
final_table_top_design v3_depths$3_4_
100
AcDbLine
 10
-275.9021782404778
 20
177.6921749820691
 30
0.0
 11
-275.9021782404779
 21
177.1919921331811
 31
0.0
  0
CIRCLE
  5
36A
330
70
100
AcDbEntity
  8
final_table_top_design v3_depths$3_4_
100
AcDbCircle
 10
-320.7146782404779
 20
170.1543841968285
 30
0.0
 40
0.9999999999999927
  0
LINE
  5
36B
330
70
100
AcDbEntity
  8
final_table_top_design v3_depths$3_4_
100
AcDbLine
 10
-236.6521782405013
 20
184.3700113116698
 30
0.0
 11
-236.6521782405017
 21
191.1644859206785
 31
0.0
  0
LINE
  5
36C
330
70
100
AcDbEntity
  8
final_table_top_design v3_depths$3_4_
100
AcDbLine
 10
-275.4021782404779
 20
177.6921749820691
 30
0.0
 11
-275.4021782404779
 21
177.1919921331811
 31
0.0
  0
LINE
  5
36D
330
70
100
AcDbEntity
  8
final_table_top_design v3_depths$3_4_
100
AcDbLine
 10
-277.9021782404778
 20
184.1954650254578
 30
0.0
 11
-277.9021782404778
 21
185.6954650254579
 31
0.0
  0
LINE
  5
36E
330
70
100
AcDbEntity
  8
final_table_top_design v3_depths$3_4_
100
AcDbLine
 10
-300.8606748559053
 20
-42.3045349745421
 30
0.0
 11
-298.2625986445523
 21
-40.8045349745421
 31
0.0
  0
LINE
  5
36F
330
70
100
AcDbEntity
  8
final_table_top_design v3_depths$3_4_
100
AcDbLine
 10
-227.6521782404778
 20
144.1954650254578
 30
0.0
 11
-323.6521782404778
 21
144.1954650254578
 31
0.0
  0
LINE
  5
370
330
70
100
AcDbEntity
  8
final_table_top_design v3_depths$3_4_
100
AcDbLine
 10
-273.4021782404778
 20
189.1954650254579
 30
0.0
 11
-272.6521782404778
 21
189.1954650254579
 31
0.0
  0
LINE
  5
371
330
70
100
AcDbEntity
  8
final_table_top_design v3_depths$3_4_
100
AcDbLine
 10
-277.9021782404778
 20
184.1954650254578
 30
0.0
 11
-277.9021782404778
 21
185.6954650254579
 31
0.0
  0
LINE
  5
372
330
70
100
AcDbEntity
  8
final_table_top_design v3_depths$3_4_
100
AcDbLine
 10
-273.4021782404778
 20
184.1954650254578
 30
0.0
 11
-273.4021782404778
 21
185.6954650254579
 31
0.0
  0
LINE
  5
373
330
70
100
AcDbEntity
  8
final_table_top_design v3_depths$3_4_
100
AcDbLine
 10
-273.4021782404778
 20
184.1954650254578
 30
0.0
 11
-273.4021782404778
 21
185.6954650254579
 31
0.0
  0
LINE
  5
374
330
70
100
AcDbEntity
  8
final_table_top_design v3_depths$3_4_
100
AcDbLine
 10
-277.9021782404778
 20
189.1954650254579
 30
0.0
 11
-278.6521782404778
 21
189.1954650254579
 31
0.0
  0
LINE
  5
375
330
70
100
AcDbEntity
  8
final_table_top_design v3_depths$3_4_
100
AcDbLine
 10
-240.9545012764925
 20
184.1954650254578
 30
0.0
 11
-273.4021782404778
 21
184.1954650254578
 31
0.0
  0
LINE
  5
376
330
70
100
AcDbEntity
  8
final_table_top_design v3_depths$3_4_
100
AcDbLine
 10
-322.6521782404778
 20
191.1954650254578
 30
0.0
 11
-322.6521782404778
 21
145.1954650254578
 31
0.0
  0
LINE
  5
377
330
70
100
AcDbEntity
  8
final_table_top_design v3_depths$3_4_
100
AcDbLine
 10
-228.6521782404778
 20
145.1954650254578
 30
0.0
 11
-228.6521782404778
 21
191.1954650254578
 31
0.0
  0
CIRCLE
  5
378
330
70
100
AcDbEntity
  8
final_table_top_design v3_depths$3_4_
100
AcDbCircle
 10
-320.7146782404779
 20
174.0293841968285
 30
0.0
 40
0.9999999999999927
  0
LINE
  5
379
330
70
100
AcDbEntity
  8
final_table_top_design v3_depths$3_4_
100
AcDbLine
 10
-264.4701782404778
 20
168.1954650254579
 30
0.0
 11
-228.6521782404778
 21
168.1954650254579
 31
0.0
  0
CIRCLE
  5
37A
330
70
100
AcDbEntity
  8
final_table_top_design v3_depths$3_4_
100
AcDbCircle
 10
-310.6471329214837
 20
168.2168841968285
 30
0.0
 40
1.937500000000012
  0
LINE
  5
37B
330
70
100
AcDbEntity
  8
final_table_top_design v3_depths$3_4_
100
AcDbLine
 10
-236.6521782410946
 20
152.0209187397059
 30
0.0
 11
-264.6673141971338
 21
168.1954650257222
 31
0.0
  0
LINE
  5
37C
330
70
100
AcDbEntity
  8
final_table_top_design v3_depths$3_4_
100
AcDbLine
 10
-236.6521782410946
 20
152.0209187397059
 30
0.0
 11
-264.6673141971338
 21
168.1954650257222
 31
0.0
  0
CIRCLE
  5
37D
330
70
100
AcDbEntity
  8
final_table_top_design v3_depths$3_4_
100
AcDbCircle
 10
-320.7146782404779
 20
174.0293841968285
 30
0.0
 40
1.937500000000012
  0
LINE
  5
37E
330
70
100
AcDbEntity
  8
final_table_top_design v3_depths$3_4_
100
AcDbLine
 10
-314.6521782404778
 20
184.3914304829364
 30
0.0
 11
-286.6370422838219
 21
168.2168841965641
 31
0.0
  0
LINE
  5
37F
330
70
100
AcDbEntity
  8
final_table_top_design v3_depths$3_4_
100
AcDbLine
 10
-238.6521782404778
 20
187.6954650254578
 30
0.0
 11
-273.4021782404778
 21
187.6954650254578
 31
0.0
  0
LINE
  5
380
330
70
100
AcDbEntity
  8
final_table_top_design v3_depths$3_4_
100
AcDbLine
 10
-228.6521782404778
 20
147.4021165857148
 30
0.0
 11
-228.6521782404779
 21
188.9888134652009
 31
0.0
  0
LINE
  5
381
330
70
100
AcDbEntity
  8
final_table_top_design v3_depths$3_4_
100
AcDbLine
 10
-228.6521782404779
 20
147.4021165857149
 30
0.0
 11
-228.6521782404778
 21
188.9888134652008
 31
0.0
  0
CIRCLE
  5
382
330
70
100
AcDbEntity
  8
final_table_top_design v3_depths$3_4_
100
AcDbCircle
 10
-240.657223559472
 20
168.1954650254578
 30
0.0
 40
1.499999999999989
  0
CIRCLE
  5
383
330
70
100
AcDbEntity
  8
final_table_top_design v3_depths$3_4_
100
AcDbCircle
 10
-317.3588298008131
 20
168.2168841968285
 30
0.0
 40
1.499999999999989
  0
CIRCLE
  5
384
330
70
100
AcDbEntity
  8
final_table_top_design v3_depths$3_4_
100
AcDbCircle
 10
-320.7146782404779
 20
174.0293841968285
 30
0.0
 40
1.499999999999989
  0
CIRCLE
  5
385
330
70
100
AcDbEntity
  8
final_table_top_design v3_depths$3_4_
100
AcDbCircle
 10
-310.6471329214837
 20
168.2168841968285
 30
0.0
 40
0.9999999999999927
  0
CIRCLE
  5
386
330
70
100
AcDbEntity
  8
final_table_top_design v3_depths$3_4_
100
AcDbCircle
 10
-310.6471329214837
 20
168.2168841968285
 30
0.0
 40
1.499999999999989
  0
LINE
  5
387
330
70
100
AcDbEntity
  8
final_table_top_design v3_depths$3_4_
100
AcDbLine
 10
-228.6521782404778
 20
145.1954650254578
 30
0.0
 11
-228.6521782404778
 21
191.1954650254578
 31
0.0
  0
LINE
  5
388
330
70
100
AcDbEntity
  8
final_table_top_design v3_depths$3_4_
100
AcDbLine
 10
-275.6521782404778
 20
144.1954650254578
 30
0.0
 11
-275.6521782404778
 21
192.1954650254578
 31
0.0
  0
CIRCLE
  5
389
330
70
100
AcDbEntity
  8
final_table_top_design v3_depths$3_4_
100
AcDbCircle
 10
-317.3588298008131
 20
172.0918841968285
 30
0.0
 40
1.937500000000012
  0
LINE
  5
38A
330
70
100
AcDbEntity
  8
final_table_top_design v3_depths$3_4_
100
AcDbLine
 10
-310.3127561116817
 20
184.1954650254578
 30
0.0
 11
-277.9021782404778
 21
184.1954650254578
 31
0.0
  0
CIRCLE
  5
38B
330
70
100
AcDbEntity
  8
final_table_top_design v3_depths$3_4_
100
AcDbCircle
 10
-320.7146782404779
 20
174.0293841968285
 30
0.0
 40
0.9999999999999927
  0
CIRCLE
  5
38C
330
70
100
AcDbEntity
  8
final_table_top_design v3_depths$3_4_
100
AcDbCircle
 10
-233.9455266801426
 20
168.1954650254577
 30
0.0
 40
0.9999999999999927
  0
LINE
  5
38D
330
70
100
AcDbEntity
  8
final_table_top_design v3_depths$3_4_
100
AcDbLine
 10
-253.0788569294732
 20
177.1954650254579
 30
0.0
 11
-268.4932677088397
 21
177.1954650254579
 31
0.0
  0
CIRCLE
  5
38E
330
70
100
AcDbEntity
  8
final_table_top_design v3_depths$3_4_
100
AcDbCircle
 10
-317.3588298008131
 20
172.0918841968285
 30
0.0
 40
1.499999999999989
  0
LINE
  5
38F
330
70
100
AcDbEntity
  8
final_table_top_design v3_depths$3_4_
100
AcDbLine
 10
-270.9617624806544
 20
178.6954650254578
 30
0.0
 11
-250.4807807181202
 21
178.6954650254578
 31
0.0
  0
LINE
  5
390
330
70
100
AcDbEntity
  8
final_table_top_design v3_depths$3_4_
100
AcDbLine
 10
-238.6521782404778
 20
187.6954650254578
 30
0.0
 11
-273.4021782404778
 21
187.6954650254578
 31
0.0
  0
LINE
  5
391
330
70
100
AcDbEntity
  8
final_table_top_design v3_depths$3_4_
100
AcDbLine
 10
-304.2505782853455
 20
180.6954650254579
 30
0.0
 11
-277.9021782404778
 21
180.6954650254579
 31
0.0
  0
LINE
  5
392
330
70
100
AcDbEntity
  8
final_table_top_design v3_depths$3_4_
100
AcDbLine
 10
-277.9021782404778
 20
150.6954650254578
 30
0.0
 11
-312.6521782404779
 21
150.6954650254578
 31
0.0
  0
LINE
  5
393
330
70
100
AcDbEntity
  8
final_table_top_design v3_depths$3_4_
100
AcDbLine
 10
-322.6521782404778
 20
145.1954650254578
 30
0.0
 11
-322.6521782404778
 21
191.1954650254578
 31
0.0
  0
CIRCLE
  5
394
330
70
100
AcDbEntity
  8
final_table_top_design v3_depths$3_4_
100
AcDbCircle
 10
-317.3588298008131
 20
168.2168841968285
 30
0.0
 40
1.937500000000012
  0
CIRCLE
  5
395
330
70
100
AcDbEntity
  8
final_table_top_design v3_depths$3_4_
100
AcDbCircle
 10
-314.0029813611484
 20
166.2793841968284
 30
0.0
 40
1.499999999999989
  0
CIRCLE
  5
396
330
70
100
AcDbEntity
  8
final_table_top_design v3_depths$3_4_
100
AcDbCircle
 10
-240.657223559472
 20
168.1954650254578
 30
0.0
 40
0.9999999999999927
  0
LINE
  5
397
330
70
100
AcDbEntity
  8
final_table_top_design v3_depths$3_4_
100
AcDbLine
 10
-256.5429585446106
 20
175.1954650254579
 30
0.0
 11
-266.5280344450305
 21
175.1954650254579
 31
0.0
  0
LINE
  5
398
330
70
100
AcDbEntity
  8
final_table_top_design v3_depths$3_4_
100
AcDbLine
 10
-228.6521782404779
 20
147.4021165857149
 30
0.0
 11
-228.6521782404778
 21
188.9888134652008
 31
0.0
  0
LINE
  5
399
330
70
100
AcDbEntity
  8
final_table_top_design v3_depths$3_4_
100
AcDbLine
 10
-227.6521782404778
 20
192.1954650254578
 30
0.0
 11
-227.6521782404778
 21
144.1954650254578
 31
0.0
  0
LINE
  5
39A
330
70
100
AcDbEntity
  8
final_table_top_design v3_depths$3_4_
100
AcDbLine
 10
-236.6521782405013
 20
184.3700113116698
 30
0.0
 11
-264.6673141971338
 21
168.1954650257222
 31
0.0
  0
CIRCLE
  5
39B
330
70
100
AcDbEntity
  8
final_table_top_design v3_depths$3_4_
100
AcDbCircle
 10
-320.7146782404779
 20
166.2793841968285
 30
0.0
 40
1.937500000000012
  0
LINE
  5
39C
330
70
100
AcDbEntity
  8
final_table_top_design v3_depths$3_4_
100
AcDbLine
 10
-228.6521782406393
 20
191.1657392649883
 30
0.0
 11
-228.6521782418515
 21
145.14699598765
 31
0.0
  0
CIRCLE
  5
39D
330
70
100
AcDbEntity
  8
final_table_top_design v3_depths$3_4_
100
AcDbCircle
 10
-320.7146782404779
 20
174.0293841968285
 30
0.0
 40
1.499999999999989
  0
LINE
  5
39E
330
70
100
AcDbEntity
  8
final_table_top_design v3_depths$3_4_
100
AcDbLine
 10
-298.1884004590093
 20
177.1954650254579
 30
0.0
 11
-300.7864766702962
 21
178.6954650254578
 31
0.0
  0
LINE
  5
39F
330
70
100
AcDbEntity
  8
final_table_top_design v3_depths$3_4_
100
AcDbLine
 10
-314.6521782404778
 20
184.3914304829364
 30
0.0
 11
-286.6370422838219
 21
168.2168841965641
 31
0.0
  0
LINE
  5
3A0
330
70
100
AcDbEntity
  8
final_table_top_design v3_depths$3_4_
100
AcDbLine
 10
-312.6521782404779
 20
187.6954650254578
 30
0.0
 11
-277.9021782404778
 21
187.6954650254578
 31
0.0
  0
LINE
  5
3A1
330
70
100
AcDbEntity
  8
final_table_top_design v3_depths$3_4_
100
AcDbLine
 10
-256.5429585446106
 20
175.1954650254579
 30
0.0
 11
-266.5280344450305
 21
175.1954650254579
 31
0.0
  0
LINE
  5
3A2
330
70
100
AcDbEntity
  8
final_table_top_design v3_depths$3_4_
100
AcDbLine
 10
-314.6521782404778
 20
152.042337910603
 30
0.0
 11
-286.6370422838219
 21
168.2168841965641
 31
0.0
  0
LINE
  5
3A3
330
70
100
AcDbEntity
  8
final_table_top_design v3_depths$3_4_
100
AcDbLine
 10
-273.4021782404778
 20
185.6954650254579
 30
0.0
 11
-238.6521782404778
 21
185.6954650254579
 31
0.0
  0
CIRCLE
  5
3A4
330
70
100
AcDbEntity
  8
final_table_top_design v3_depths$3_4_
100
AcDbCircle
 10
-314.0029813611484
 20
170.1543841968284
 30
0.0
 40
1.499999999999989
  0
LINE
  5
3A5
330
70
100
AcDbEntity
  8
final_table_top_design v3_depths$3_4_
100
AcDbLine
 10
-322.6521782404778
 20
145.1954650254578
 30
0.0
 11
-322.6521782404778
 21
191.1954650254578
 31
0.0
  0
LINE
  5
3A6
330
70
100
AcDbEntity
  8
final_table_top_design v3_depths$3_4_
100
AcDbLine
 10
-253.0788569294732
 20
177.1954650254579
 30
0.0
 11
-268.4932677088397
 21
177.1954650254579
 31
0.0
  0
CIRCLE
  5
3A7
330
70
100
AcDbEntity
  8
final_table_top_design v3_depths$3_4_
100
AcDbCircle
 10
-314.0029813611484
 20
166.2793841968284
 30
0.0
 40
1.937500000000012
  0
CIRCLE
  5
3A8
330
70
100
AcDbEntity
  8
final_table_top_design v3_depths$3_4_
100
AcDbCircle
 10
-240.657223559472
 20
168.1954650254578
 30
0.0
 40
1.937500000000012
  0
LINE
  5
3A9
330
70
100
AcDbEntity
  8
final_table_top_design v3_depths$3_4_
100
AcDbLine
 10
-265.5526733021157
 20
173.6954650254578
 30
0.0
 11
-259.1410347559636
 21
173.6954650254578
 31
0.0
  0
LINE
  5
3AA
330
70
100
AcDbEntity
  8
final_table_top_design v3_depths$3_4_
100
AcDbLine
 10
-323.6521782404778
 20
144.1954650254578
 30
0.0
 11
-323.6521782404778
 21
192.1954650254578
 31
0.0
  0
CIRCLE
  5
3AB
330
70
100
AcDbEntity
  8
final_table_top_design v3_depths$3_4_
100
AcDbCircle
 10
-320.7146782404779
 20
174.0293841968285
 30
0.0
 40
1.937500000000012
  0
LINE
  5
3AC
330
70
100
AcDbEntity
  8
final_table_top_design v3_depths$3_4_
100
AcDbLine
 10
-240.9545012764925
 20
184.1954650254578
 30
0.0
 11
-273.4021782404778
 21
184.1954650254578
 31
0.0
  0
CIRCLE
  5
3AD
330
70
100
AcDbEntity
  8
final_table_top_design v3_depths$3_4_
100
AcDbCircle
 10
-320.7146782404779
 20
174.0293841968285
 30
0.0
 40
1.937500000000012
  0
LINE
  5
3AE
330
70
100
AcDbEntity
  8
final_table_top_design v3_depths$3_4_
100
AcDbLine
 10
-236.6521782405018
 20
191.1644859206785
 30
0.0
 11
-228.6521782406393
 21
191.1657392649883
 31
0.0
  0
LINE
  5
3AF
330
70
100
AcDbEntity
  8
final_table_top_design v3_depths$3_4_
100
AcDbLine
 10
-275.9021782404778
 20
161.6776857517491
 30
0.0
 11
-275.9021782404778
 21
176.126908386694
 31
0.0
  0
CIRCLE
  5
3B0
330
70
100
AcDbEntity
  8
final_table_top_design v3_depths$3_4_
100
AcDbCircle
 10
-233.9455266801426
 20
168.1954650254577
 30
0.0
 40
1.937500000000012
  0
LINE
  5
3B1
330
70
100
AcDbEntity
  8
final_table_top_design v3_depths$3_4_
100
AcDbLine
 10
-277.9021782404778
 20
182.1954650254579
 30
0.0
 11
-306.8486544966325
 21
182.1954650254579
 31
0.0
  0
LINE
  5
3B2
330
70
100
AcDbEntity
  8
final_table_top_design v3_depths$3_4_
100
AcDbLine
 10
-228.6521782404778
 20
191.1954650254578
 30
0.0
 11
-275.4021782404779
 21
191.1954650254578
 31
0.0
  0
LINE
  5
3B3
330
70
100
AcDbEntity
  8
final_table_top_design v3_depths$3_4_
100
AcDbLine
 10
-270.9617624806544
 20
178.6954650254578
 30
0.0
 11
-250.4807807181202
 21
178.6954650254578
 31
0.0
  0
LINE
  5
3B4
330
70
100
AcDbEntity
  8
final_table_top_design v3_depths$3_4_
100
AcDbLine
 10
-322.6521782404778
 20
191.1954650254578
 30
0.0
 11
-322.6521782404778
 21
145.1954650254578
 31
0.0
  0
LINE
  5
3B5
330
70
100
AcDbEntity
  8
final_table_top_design v3_depths$3_4_
100
AcDbLine
 10
-322.6521782404778
 20
145.1954650254578
 30
0.0
 11
-275.9021782404778
 21
145.1954650254578
 31
0.0
  0
LINE
  5
3B6
330
70
100
AcDbEntity
  8
final_table_top_design v3_depths$3_4_
100
AcDbLine
 10
-277.9021782404778
 20
182.1954650254579
 30
0.0
 11
-306.8486544966325
 21
182.1954650254579
 31
0.0
  0
LINE
  5
3B7
330
70
100
AcDbEntity
  8
final_table_top_design v3_depths$3_4_
100
AcDbLine
 10
-247.0166791029829
 20
180.6954650254579
 30
0.0
 11
-273.4021782404778
 21
180.6954650254579
 31
0.0
  0
LINE
  5
3B8
330
70
100
AcDbEntity
  8
final_table_top_design v3_depths$3_4_
100
AcDbLine
 10
-322.6521782404778
 20
191.1954650254578
 30
0.0
 11
-322.6521782404778
 21
145.1954650254578
 31
0.0
  0
LINE
  5
3B9
330
70
100
AcDbEntity
  8
final_table_top_design v3_depths$3_4_
100
AcDbLine
 10
-272.6521782404778
 20
147.1954650254578
 30
0.0
 11
-238.6521782404778
 21
147.1954650254578
 31
0.0
  0
LINE
  5
3BA
330
70
100
AcDbEntity
  8
final_table_top_design v3_depths$3_4_
100
AcDbLine
 10
-240.9545012762051
 20
152.1954650254579
 30
0.0
 11
-273.4021782404778
 21
152.1954650254579
 31
0.0
  0
LINE
  5
3BB
330
70
100
AcDbEntity
  8
final_table_top_design v3_depths$3_4_
100
AcDbLine
 10
-240.9545012762051
 20
152.1954650254579
 30
0.0
 11
-273.4021782404778
 21
152.1954650254579
 31
0.0
  0
LINE
  5
3BC
330
70
100
AcDbEntity
  8
final_table_top_design v3_depths$3_4_
100
AcDbLine
 10
-312.6521782404779
 20
148.6954650254578
 30
0.0
 11
-277.9021782404778
 21
148.6954650254578
 31
0.0
  0
LINE
  5
3BD
330
70
100
AcDbEntity
  8
final_table_top_design v3_depths$3_4_
100
AcDbLine
 10
-273.4021782404778
 20
182.1954650254579
 30
0.0
 11
-244.4186028916299
 21
182.1954650254579
 31
0.0
  0
ARC
  5
3BE
330
70
100
AcDbEntity
  8
final_table_top_design v3_depths$3_4_
100
AcDbCircle
 10
-275.6521782404778
 20
168.1954650254579
 30
0.0
 40
11.49999999999999
100
AcDbArc
 50
231.500049590752
 51
245.9293853774339
  0
LINE
  5
3BF
330
70
100
AcDbEntity
  8
final_table_top_design v3_depths$3_4_
100
AcDbLine
 10
-275.4021782404779
 20
145.1954650254578
 30
0.0
 11
-228.6521782404778
 21
145.1954650254578
 31
0.0
  0
LINE
  5
3C0
330
70
100
AcDbEntity
  8
final_table_top_design v3_depths$3_4_
100
AcDbLine
 10
-273.4021782404778
 20
182.1954650254579
 30
0.0
 11
-244.4186028916299
 21
182.1954650254579
 31
0.0
  0
LINE
  5
3C1
330
70
100
AcDbEntity
  8
final_table_top_design v3_depths$3_4_
100
AcDbLine
 10
-253.0788569288775
 20
159.1954650254578
 30
0.0
 11
-268.4932677088397
 21
159.1954650254579
 31
0.0
  0
LINE
  5
3C2
330
70
100
AcDbEntity
  8
final_table_top_design v3_depths$3_4_
100
AcDbLine
 10
-304.2505782853455
 20
180.6954650254579
 30
0.0
 11
-277.9021782404778
 21
180.6954650254579
 31
0.0
  0
LINE
  5
3C3
330
70
100
AcDbEntity
  8
final_table_top_design v3_depths$3_4_
100
AcDbLine
 10
-322.6521782404778
 20
145.1954650254578
 30
0.0
 11
-275.9021782404778
 21
145.1954650254578
 31
0.0
  0
LINE
  5
3C4
330
70
100
AcDbEntity
  8
final_table_top_design v3_depths$3_4_
100
AcDbLine
 10
-275.9021782404778
 20
191.1954650254578
 30
0.0
 11
-322.6521782404778
 21
191.1954650254578
 31
0.0
  0
LINE
  5
3C5
330
70
100
AcDbEntity
  8
final_table_top_design v3_depths$3_4_
100
AcDbLine
 10
-273.4021782404778
 20
185.6954650254579
 30
0.0
 11
-238.6521782404778
 21
185.6954650254579
 31
0.0
  0
LINE
  5
3C6
330
70
100
AcDbEntity
  8
final_table_top_design v3_depths$3_4_
100
AcDbLine
 10
-310.3869542975331
 20
152.1954650254579
 30
0.0
 11
-277.9021782404778
 21
152.1954650254579
 31
0.0
  0
LINE
  5
3C7
330
70
100
AcDbEntity
  8
final_table_top_design v3_depths$3_4_
100
AcDbLine
 10
-273.4021782404778
 20
154.1954650254579
 30
0.0
 11
-244.4186028912544
 21
154.1954650254579
 31
0.0
  0
LINE
  5
3C8
330
70
100
AcDbEntity
  8
final_table_top_design v3_depths$3_4_
100
AcDbLine
 10
-247.0166791029829
 20
180.6954650254579
 30
0.0
 11
-273.4021782404778
 21
180.6954650254579
 31
0.0
  0
LINE
  5
3C9
330
70
100
AcDbEntity
  8
final_table_top_design v3_depths$3_4_
100
AcDbLine
 10
-277.9021782404778
 20
154.1954650254579
 30
0.0
 11
-306.9228526823956
 21
154.1954650254579
 31
0.0
  0
LINE
  5
3CA
330
70
100
AcDbEntity
  8
final_table_top_design v3_depths$3_4_
100
AcDbLine
 10
-272.6521782404778
 20
147.1954650254578
 30
0.0
 11
-238.6521782404778
 21
147.1954650254578
 31
0.0
  0
LINE
  5
3CB
330
70
100
AcDbEntity
  8
final_table_top_design v3_depths$3_4_
100
AcDbLine
 10
-304.3247764710427
 20
155.6954650254579
 30
0.0
 11
-277.9021782404778
 21
155.6954650254579
 31
0.0
  0
LINE
  5
3CC
330
70
100
AcDbEntity
  8
final_table_top_design v3_depths$3_4_
100
AcDbLine
 10
-280.3425940003011
 20
157.6954650254578
 30
0.0
 11
-300.8606748559053
 21
157.6954650254578
 31
0.0
  0
LINE
  5
3CD
330
70
100
AcDbEntity
  8
final_table_top_design v3_depths$3_4_
100
AcDbLine
 10
-238.6521782404778
 20
148.6954650254578
 30
0.0
 11
-273.4021782404778
 21
148.6954650254578
 31
0.0
  0
LINE
  5
3CE
330
70
100
AcDbEntity
  8
final_table_top_design v3_depths$3_4_
100
AcDbLine
 10
-322.6521782404778
 20
189.0102326365715
 30
0.0
 11
-322.6521782404778
 21
147.4235357570854
 31
0.0
  0
LINE
  5
3CF
330
70
100
AcDbEntity
  8
final_table_top_design v3_depths$3_4_
100
AcDbLine
 10
-272.6521782404778
 20
189.1954650254579
 30
0.0
 11
-238.6521782404778
 21
189.1954650254579
 31
0.0
  0
LINE
  5
3D0
330
70
100
AcDbEntity
  8
final_table_top_design v3_depths$3_4_
100
AcDbLine
 10
-280.3425940003011
 20
178.6954650254578
 30
0.0
 11
-300.7864766702962
 21
178.6954650254578
 31
0.0
  0
LINE
  5
3D1
330
70
100
AcDbEntity
  8
final_table_top_design v3_depths$3_4_
100
AcDbLine
 10
-278.6521782404778
 20
189.1954650254579
 30
0.0
 11
-312.6521782404779
 21
189.1954650254579
 31
0.0
  0
LINE
  5
3D2
330
70
100
AcDbEntity
  8
final_table_top_design v3_depths$3_4_
100
AcDbLine
 10
-322.6521782404778
 20
145.1954650254578
 30
0.0
 11
-275.9021782404778
 21
145.1954650254578
 31
0.0
  0
LINE
  5
3D3
330
70
100
AcDbEntity
  8
final_table_top_design v3_depths$3_4_
100
AcDbLine
 10
-278.6521782404778
 20
147.1954650254578
 30
0.0
 11
-312.6521782404779
 21
147.1954650254578
 31
0.0
  0
LINE
  5
3D4
330
70
100
AcDbEntity
  8
final_table_top_design v3_depths$3_4_
100
AcDbLine
 10
-277.9021782404778
 20
185.6954650254579
 30
0.0
 11
-312.6521782404779
 21
185.6954650254579
 31
0.0
  0
LINE
  5
3D5
330
70
100
AcDbEntity
  8
final_table_top_design v3_depths$3_4_
100
AcDbLine
 10
-314.6521782404778
 20
184.3914304829364
 30
0.0
 11
-286.6370422838219
 21
168.2168841965641
 31
0.0
  0
LINE
  5
3D6
330
70
100
AcDbEntity
  8
final_table_top_design v3_depths$3_4_
100
AcDbLine
 10
-265.5526733021157
 20
162.6954650254579
 30
0.0
 11
-259.1410347552139
 21
162.6954650254579
 31
0.0
  0
LINE
  5
3D7
330
70
100
AcDbEntity
  8
final_table_top_design v3_depths$3_4_
100
AcDbLine
 10
-278.6521782404778
 20
147.1954650254578
 30
0.0
 11
-312.6521782404779
 21
147.1954650254578
 31
0.0
  0
LINE
  5
3D8
330
70
100
AcDbEntity
  8
final_table_top_design v3_depths$3_4_
100
AcDbLine
 10
-277.9021782404778
 20
150.6954650254578
 30
0.0
 11
-312.6521782404779
 21
150.6954650254578
 31
0.0
  0
LINE
  5
3D9
330
70
100
AcDbEntity
  8
final_table_top_design v3_depths$3_4_
100
AcDbLine
 10
-247.0166791025413
 20
155.6954650254579
 30
0.0
 11
-273.4021782404778
 21
155.6954650254579
 31
0.0
  0
LINE
  5
3DA
330
70
100
AcDbEntity
  8
final_table_top_design v3_depths$3_4_
100
AcDbLine
 10
-270.9617624806544
 20
157.6954650254578
 30
0.0
 11
-250.4807807175906
 21
157.6954650254578
 31
0.0
  0
LINE
  5
3DB
330
70
100
AcDbEntity
  8
final_table_top_design v3_depths$3_4_
100
AcDbLine
 10
-273.4021782404778
 20
150.6954650254578
 30
0.0
 11
-238.6521782404778
 21
150.6954650254578
 31
0.0
  0
LINE
  5
3DC
330
70
100
AcDbEntity
  8
final_table_top_design v3_depths$3_4_
100
AcDbLine
 10
-310.3127561116817
 20
184.1954650254578
 30
0.0
 11
-277.9021782404778
 21
184.1954650254578
 31
0.0
  0
LINE
  5
3DD
330
70
100
AcDbEntity
  8
final_table_top_design v3_depths$3_4_
100
AcDbLine
 10
-256.5429585439269
 20
161.1954650254578
 30
0.0
 11
-266.5280344450305
 21
161.1954650254578
 31
0.0
  0
LINE
  5
3DE
330
70
100
AcDbEntity
  8
final_table_top_design v3_depths$3_4_
100
AcDbLine
 10
-272.6521782404778
 20
189.1954650254579
 30
0.0
 11
-238.6521782404778
 21
189.1954650254579
 31
0.0
  0
LINE
  5
3DF
330
70
100
AcDbEntity
  8
final_table_top_design v3_depths$3_4_
100
AcDbLine
 10
-310.3869542975331
 20
152.1954650254579
 30
0.0
 11
-277.9021782404778
 21
152.1954650254579
 31
0.0
  0
LINE
  5
3E0
330
70
100
AcDbEntity
  8
final_table_top_design v3_depths$3_4_
100
AcDbLine
 10
-306.9228526823957
 20
154.1954650254579
 30
0.0
 11
-304.3247764710427
 21
155.6954650254579
 31
0.0
  0
LINE
  5
3E1
330
70
100
AcDbEntity
  8
final_table_top_design v3_depths$3_4_
100
AcDbLine
 10
-312.6521782404779
 20
148.6954650254578
 30
0.0
 11
-277.9021782404778
 21
148.6954650254578
 31
0.0
  0
LINE
  5
3E2
330
70
100
AcDbEntity
  8
final_table_top_design v3_depths$3_4_
100
AcDbLine
 10
-238.6521782404778
 20
148.6954650254578
 30
0.0
 11
-273.4021782404778
 21
148.6954650254578
 31
0.0
  0
LINE
  5
3E3
330
70
100
AcDbEntity
  8
final_table_top_design v3_depths$3_4_
100
AcDbLine
 10
-314.6521782404778
 20
145.1954650254578
 30
0.0
 11
-322.6521782404778
 21
145.1954650254578
 31
0.0
  0
LINE
  5
3E4
330
70
100
AcDbEntity
  8
final_table_top_design v3_depths$3_4_
100
AcDbLine
 10
-253.0788569288775
 20
159.1954650254578
 30
0.0
 11
-268.4932677088397
 21
159.1954650254579
 31
0.0
  0
CIRCLE
  5
3E5
330
70
100
AcDbEntity
  8
final_table_top_design v3_depths$3_4_
100
AcDbCircle
 10
-317.3588298008131
 20
168.2168841968285
 30
0.0
 40
0.9999999999999927
  0
LINE
  5
3E6
330
70
100
AcDbEntity
  8
final_table_top_design v3_depths$3_4_
100
AcDbLine
 10
-286.8300667753794
 20
168.2168841968285
 30
0.0
 11
-322.2343278554671
 21
168.2168841968285
 31
0.0
  0
LINE
  5
3E7
330
70
100
AcDbEntity
  8
final_table_top_design v3_depths$3_4_
100
AcDbLine
 10
-270.9617624806544
 20
157.6954650254578
 30
0.0
 11
-250.4807807175906
 21
157.6954650254578
 31
0.0
  0
LINE
  5
3E8
330
70
100
AcDbEntity
  8
final_table_top_design v3_depths$3_4_
100
AcDbLine
 10
-300.8606748559053
 20
157.6954650254578
 30
0.0
 11
-298.2625986445523
 21
159.1954650254578
 31
0.0
  0
CIRCLE
  5
3E9
330
70
100
AcDbEntity
  8
final_table_top_design v3_depths$3_4_
100
AcDbCircle
 10
-321.1521782404779
 20
146.6954650254578
 30
0.0
 40
1.499999999999989
  0
LINE
  5
3EA
330
70
100
AcDbEntity
  8
final_table_top_design v3_depths$3_4_
100
AcDbLine
 10
-275.9021782404778
 20
191.1954650254578
 30
0.0
 11
-322.6521782404778
 21
191.1954650254578
 31
0.0
  0
CIRCLE
  5
3EB
330
70
100
AcDbEntity
  8
final_table_top_design v3_depths$3_4_
100
AcDbCircle
 10
-317.3588298008131
 20
164.3418841968285
 30
0.0
 40
1.499999999999989
  0
LINE
  5
3EC
330
70
100
AcDbEntity
  8
final_table_top_design v3_depths$3_4_
100
AcDbLine
 10
-277.9021782404778
 20
154.1954650254579
 30
0.0
 11
-306.9228526823956
 21
154.1954650254579
 31
0.0
  0
LINE
  5
3ED
330
70
100
AcDbEntity
  8
final_table_top_design v3_depths$3_4_
100
AcDbLine
 10
-277.9021782404778
 20
185.6954650254579
 30
0.0
 11
-312.6521782404779
 21
185.6954650254579
 31
0.0
  0
LINE
  5
3EE
330
70
100
AcDbEntity
  8
final_table_top_design v3_depths$3_4_
100
AcDbLine
 10
-278.6521782404778
 20
189.1954650254579
 30
0.0
 11
-312.6521782404779
 21
189.1954650254579
 31
0.0
  0
LINE
  5
3EF
330
70
100
AcDbEntity
  8
final_table_top_design v3_depths$3_4_
100
AcDbLine
 10
-322.6521782404778
 20
145.1954650254578
 30
0.0
 11
-322.6521782404778
 21
191.1954650254578
 31
0.0
  0
LINE
  5
3F0
330
70
100
AcDbEntity
  8
final_table_top_design v3_depths$3_4_
100
AcDbLine
 10
-312.6521782404779
 20
187.6954650254578
 30
0.0
 11
-277.9021782404778
 21
187.6954650254578
 31
0.0
  0
LINE
  5
3F1
330
70
100
AcDbEntity
  8
final_table_top_design v3_depths$3_4_
100
AcDbLine
 10
-280.3425940003011
 20
178.6954650254578
 30
0.0
 11
-300.7864766702962
 21
178.6954650254578
 31
0.0
  0
LINE
  5
3F2
330
70
100
AcDbEntity
  8
final_table_top_design v3_depths$3_4_
100
AcDbLine
 10
-265.5526733021157
 20
162.6954650254579
 30
0.0
 11
-259.1410347552139
 21
162.6954650254579
 31
0.0
  0
LINE
  5
3F3
330
70
100
AcDbEntity
  8
final_table_top_design v3_depths$3_4_
100
AcDbLine
 10
-275.9021782404778
 20
191.1954650254578
 30
0.0
 11
-322.6521782404778
 21
191.1954650254578
 31
0.0
  0
LINE
  5
3F4
330
70
100
AcDbEntity
  8
final_table_top_design v3_depths$3_4_
100
AcDbLine
 10
-280.3425940003011
 20
157.6954650254578
 30
0.0
 11
-300.8606748559053
 21
157.6954650254578
 31
0.0
  0
CIRCLE
  5
3F5
330
70
100
AcDbEntity
  8
final_table_top_design v3_depths$3_4_
100
AcDbCircle
 10
-320.7146782404779
 20
162.4043841968285
 30
0.0
 40
1.937500000000012
  0
CIRCLE
  5
3F6
330
70
100
AcDbEntity
  8
final_table_top_design v3_depths$3_4_
100
AcDbCircle
 10
-230.5896782404778
 20
162.3829650254578
 30
0.0
 40
1.937500000000012
  0
LINE
  5
3F7
330
70
100
AcDbEntity
  8
final_table_top_design v3_depths$3_4_
100
AcDbLine
 10
-312.6521782404779
 20
147.1954650254578
 30
0.0
 11
-312.6521782404779
 21
148.6954650254578
 31
0.0
  0
LINE
  5
3F8
330
70
100
AcDbEntity
  8
final_table_top_design v3_depths$3_4_
100
AcDbLine
 10
-273.4021782404778
 20
155.6954650254579
 30
0.0
 11
-273.4021782404778
 21
154.1954650254579
 31
0.0
  0
LINE
  5
3F9
330
70
100
AcDbEntity
  8
final_table_top_design v3_depths$3_4_
100
AcDbLine
 10
-298.2625986445523
 20
159.1954650254578
 30
0.0
 11
-282.811088772116
 21
159.1954650254579
 31
0.0
  0
LINE
  5
3FA
330
70
100
AcDbEntity
  8
final_table_top_design v3_depths$3_4_
100
AcDbLine
 10
-294.95853389346
 20
161.1954650254578
 30
0.0
 11
-284.7763220359251
 21
161.1954650254578
 31
0.0
  0
CIRCLE
  5
3FB
330
70
100
AcDbEntity
  8
final_table_top_design v3_depths$3_4_
100
AcDbCircle
 10
-317.3588298008131
 20
164.3418841968285
 30
0.0
 40
1.937500000000012
  0
LINE
  5
3FC
330
70
100
AcDbEntity
  8
final_table_top_design v3_depths$3_4_
100
AcDbLine
 10
-275.4021782404779
 20
159.1989379177346
 30
0.0
 11
-275.4021782404779
 21
158.6987550688466
 31
0.0
  0
ARC
  5
3FD
330
70
100
AcDbEntity
  8
final_table_top_design v3_depths$3_4_
100
AcDbCircle
 10
275.6521782404778
 20
168.1954650254579
 30
0.0
 40
11.49999999999996
210
0.0
220
0.0
230
-1.0
100
AcDbArc
 50
231.5000495907522
 51
245.9293853774333
  0
ARC
  5
3FE
330
70
100
AcDbEntity
  8
final_table_top_design v3_depths$3_4_
100
AcDbCircle
 10
-275.6521782404778
 20
168.1954650254579
 30
0.0
 40
11.49999999999999
100
AcDbArc
 50
231.500049590752
 51
245.9293853774339
  0
LINE
  5
3FF
330
70
100
AcDbEntity
  8
final_table_top_design v3_depths$3_4_
100
AcDbLine
 10
-273.4021782404778
 20
148.6954650254578
 30
0.0
 11
-273.4021782404778
 21
147.1954650254578
 31
0.0
  0
CIRCLE
  5
400
330
70
100
AcDbEntity
  8
final_table_top_design v3_depths$3_4_
100
AcDbCircle
 10
-317.3588298008131
 20
164.3418841968285
 30
0.0
 40
0.9999999999999927
  0
CIRCLE
  5
401
330
70
100
AcDbEntity
  8
final_table_top_design v3_depths$3_4_
100
AcDbCircle
 10
-321.1521782404779
 20
146.6954650254578
 30
0.0
 40
0.9999999999999927
  0
CIRCLE
  5
402
330
70
100
AcDbEntity
  8
final_table_top_design v3_depths$3_4_
100
AcDbCircle
 10
-237.3013751198072
 20
166.2579650254578
 30
0.0
 40
1.499999999999989
  0
LINE
  5
403
330
70
100
AcDbEntity
  8
final_table_top_design v3_depths$3_4_
100
AcDbLine
 10
-273.4021782404778
 20
148.6954650254578
 30
0.0
 11
-273.4021782404778
 21
147.1954650254578
 31
0.0
  0
LINE
  5
404
330
70
100
AcDbEntity
  8
final_table_top_design v3_depths$3_4_
100
AcDbLine
 10
-273.4021782404778
 20
154.1954650254579
 30
0.0
 11
-244.4186028912544
 21
154.1954650254579
 31
0.0
  0
LINE
  5
405
330
70
100
AcDbEntity
  8
final_table_top_design v3_depths$3_4_
100
AcDbLine
 10
-275.4021782404779
 20
145.1954650254578
 30
0.0
 11
-275.4021782404779
 21
158.6987550688466
 31
0.0
  0
CIRCLE
  5
406
330
70
100
AcDbEntity
  8
final_table_top_design v3_depths$3_4_
100
AcDbCircle
 10
-237.3013751198072
 20
166.2579650254578
 30
0.0
 40
1.937500000000012
  0
CIRCLE
  5
407
330
70
100
AcDbEntity
  8
final_table_top_design v3_depths$3_4_
100
AcDbCircle
 10
-321.1521782404779
 20
146.6954650254578
 30
0.0
 40
1.937500000000012
  0
CIRCLE
  5
408
330
70
100
AcDbEntity
  8
final_table_top_design v3_depths$3_4_
100
AcDbCircle
 10
-320.7146782404779
 20
166.2793841968285
 30
0.0
 40
0.9999999999999927
  0
LINE
  5
409
330
70
100
AcDbEntity
  8
final_table_top_design v3_depths$3_4_
100
AcDbLine
 10
-247.0166791025413
 20
155.6954650254579
 30
0.0
 11
-244.4186028912544
 21
154.1954650254579
 31
0.0
  0
ARC
  5
40A
330
70
100
AcDbEntity
  8
final_table_top_design v3_depths$3_4_
100
AcDbCircle
 10
275.6521782404778
 20
168.1954650254579
 30
0.0
 40
11.49999999999996
210
0.0
220
0.0
230
-1.0
100
AcDbArc
 50
231.5000495907522
 51
245.9293853774333
  0
LINE
  5
40B
330
70
100
AcDbEntity
  8
final_table_top_design v3_depths$3_4_
100
AcDbLine
 10
-298.2625986445523
 20
159.1954650254578
 30
0.0
 11
-282.811088772116
 21
159.1954650254579
 31
0.0
  0
CIRCLE
  5
40C
330
70
100
AcDbEntity
  8
final_table_top_design v3_depths$3_4_
100
AcDbCircle
 10
-230.5896782404778
 20
162.3829650254578
 30
0.0
 40
1.937500000000012
  0
LINE
  5
40D
330
70
100
AcDbEntity
  8
final_table_top_design v3_depths$3_4_
100
AcDbLine
 10
-277.9021782404778
 20
155.6954650254579
 30
0.0
 11
-277.9021782404778
 21
154.1954650254579
 31
0.0
  0
CIRCLE
  5
40E
330
70
100
AcDbEntity
  8
final_table_top_design v3_depths$3_4_
100
AcDbCircle
 10
-317.3588298008131
 20
164.3418841968285
 30
0.0
 40
0.9999999999999927
  0
LINE
  5
40F
330
70
100
AcDbEntity
  8
final_table_top_design v3_depths$3_4_
100
AcDbLine
 10
-277.9021782404778
 20
147.1954650254578
 30
0.0
 11
-278.6521782404778
 21
147.1954650254578
 31
0.0
  0
LINE
  5
410
330
70
100
AcDbEntity
  8
final_table_top_design v3_depths$3_4_
100
AcDbLine
 10
-238.6521782404778
 20
147.1954650254578
 30
0.0
 11
-238.6521782404778
 21
148.6954650254578
 31
0.0
  0
LINE
  5
411
330
70
100
AcDbEntity
  8
final_table_top_design v3_depths$3_4_
100
AcDbLine
 10
-273.4021782404778
 20
152.1954650254579
 30
0.0
 11
-273.4021782404778
 21
150.6954650254578
 31
0.0
  0
LINE
  5
412
330
70
100
AcDbEntity
  8
final_table_top_design v3_depths$3_4_
100
AcDbLine
 10
-275.4021782404779
 20
160.331805580201
 30
0.0
 11
-275.4021782404779
 21
160.3711756589412
 31
0.0
  0
CIRCLE
  5
413
330
70
100
AcDbEntity
  8
final_table_top_design v3_depths$3_4_
100
AcDbCircle
 10
-320.7146782404779
 20
162.4043841968285
 30
0.0
 40
1.499999999999989
  0
LINE
  5
414
330
70
100
AcDbEntity
  8
final_table_top_design v3_depths$3_4_
100
AcDbLine
 10
-273.4021782404778
 20
150.6954650254578
 30
0.0
 11
-238.6521782404778
 21
150.6954650254578
 31
0.0
  0
LINE
  5
415
330
70
100
AcDbEntity
  8
final_table_top_design v3_depths$3_4_
100
AcDbLine
 10
-259.1410347552138
 20
162.6954650254579
 30
0.0
 11
-256.5429585439269
 21
161.1954650254579
 31
0.0
  0
LINE
  5
416
330
70
100
AcDbEntity
  8
final_table_top_design v3_depths$3_4_
100
AcDbLine
 10
-273.4021782404778
 20
147.1954650254578
 30
0.0
 11
-272.6521782404778
 21
147.1954650254578
 31
0.0
  0
LINE
  5
417
330
70
100
AcDbEntity
  8
final_table_top_design v3_depths$3_4_
100
AcDbLine
 10
-275.4021782404779
 20
160.331805580201
 30
0.0
 11
-275.4021782404779
 21
159.1989379177346
 31
0.0
  0
LINE
  5
418
330
70
100
AcDbEntity
  8
final_table_top_design v3_depths$3_4_
100
AcDbLine
 10
-273.4021782404778
 20
155.6954650254579
 30
0.0
 11
-273.4021782404778
 21
154.1954650254579
 31
0.0
  0
CIRCLE
  5
419
330
70
100
AcDbEntity
  8
final_table_top_design v3_depths$3_4_
100
AcDbCircle
 10
-317.3588298008131
 20
164.3418841968285
 30
0.0
 40
0.9999999999999927
  0
LINE
  5
41A
330
70
100
AcDbEntity
  8
final_table_top_design v3_depths$3_4_
100
AcDbLine
 10
-238.6521782404778
 20
147.1954650254578
 30
0.0
 11
-238.6521782404778
 21
148.6954650254578
 31
0.0
  0
LINE
  5
41B
330
70
100
AcDbEntity
  8
final_table_top_design v3_depths$3_4_
100
AcDbLine
 10
-312.6521782404779
 20
150.6954650254578
 30
0.0
 11
-312.6521782404779
 21
150.8876373722237
 31
0.0
  0
CIRCLE
  5
41C
330
70
100
AcDbEntity
  8
final_table_top_design v3_depths$3_4_
100
AcDbCircle
 10
-321.1521782404779
 20
146.6954650254578
 30
0.0
 40
1.499999999999989
  0
CIRCLE
  5
41D
330
70
100
AcDbEntity
  8
final_table_top_design v3_depths$3_4_
100
AcDbCircle
 10
-317.3588298008131
 20
164.3418841968285
 30
0.0
 40
0.9999999999999927
  0
LINE
  5
41E
330
70
100
AcDbEntity
  8
final_table_top_design v3_depths$3_4_
100
AcDbLine
 10
-312.6521782404779
 20
147.1954650254578
 30
0.0
 11
-312.6521782404779
 21
148.6954650254578
 31
0.0
  0
CIRCLE
  5
41F
330
70
100
AcDbEntity
  8
final_table_top_design v3_depths$3_4_
100
AcDbCircle
 10
-317.3588298008131
 20
164.3418841968285
 30
0.0
 40
1.937500000000012
  0
LINE
  5
420
330
70
100
AcDbEntity
  8
final_table_top_design v3_depths$3_4_
100
AcDbLine
 10
-238.6521782404778
 20
150.6954650254578
 30
0.0
 11
-238.6521782404778
 21
150.8662182009853
 31
0.0
  0
LINE
  5
421
330
70
100
AcDbEntity
  8
final_table_top_design v3_depths$3_4_
100
AcDbLine
 10
-294.7984970294149
 20
161.1954650254578
 30
0.0
 11
-292.2004208180619
 21
162.6954650254578
 31
0.0
  0
LINE
  5
422
330
70
100
AcDbEntity
  8
final_table_top_design v3_depths$3_4_
100
AcDbLine
 10
-312.6521782404779
 20
150.6954650254578
 30
0.0
 11
-312.6521782404779
 21
150.8876373722237
 31
0.0
  0
LINE
  5
423
330
70
100
AcDbEntity
  8
final_table_top_design v3_depths$3_4_
100
AcDbLine
 10
-312.6521782404779
 20
150.8876373722237
 30
0.0
 11
-310.3869542975331
 21
152.1954650254579
 31
0.0
  0
LINE
  5
424
330
70
100
AcDbEntity
  8
final_table_top_design v3_depths$3_4_
100
AcDbLine
 10
-247.0166791025413
 20
155.6954650254579
 30
0.0
 11
-273.4021782404778
 21
155.6954650254579
 31
0.0
  0
ARC
  5
425
330
70
100
AcDbEntity
  8
final_table_top_design v3_depths$3_4_
100
AcDbCircle
 10
-275.6521782404778
 20
168.1954650254579
 30
0.0
 40
11.50000000000001
100
AcDbArc
 50
322.5047502354413
 51
331.4281218576913
  0
CIRCLE
  5
426
330
70
100
AcDbEntity
  8
final_table_top_design v3_depths$3_4_
100
AcDbCircle
 10
-317.3588298008131
 20
164.3418841968285
 30
0.0
 40
0.9999999999999927
  0
LINE
  5
427
330
70
100
AcDbEntity
  8
final_table_top_design v3_depths$3_4_
100
AcDbLine
 10
-285.7516831788398
 20
162.6954650254579
 30
0.0
 11
-292.200420818062
 21
162.6954650254579
 31
0.0
  0
LINE
  5
428
330
70
100
AcDbEntity
  8
final_table_top_design v3_depths$3_4_
100
AcDbLine
 10
-314.6521782404778
 20
145.1954650254578
 30
0.0
 11
-314.6521782404778
 21
152.042337910603
 31
0.0
  0
ARC
  5
429
330
70
100
AcDbEntity
  8
final_table_top_design v3_depths$3_4_
100
AcDbCircle
 10
275.6521782404778
 20
168.1954650254579
 30
0.0
 40
11.49999999999997
210
0.0
220
0.0
230
-1.0
100
AcDbArc
 50
322.5047502354413
 51
331.4281218576911
  0
CIRCLE
  5
42A
330
70
100
AcDbEntity
  8
final_table_top_design v3_depths$3_4_
100
AcDbCircle
 10
-317.3588298008131
 20
164.3418841968285
 30
0.0
 40
0.9999999999999927
  0
CIRCLE
  5
42B
330
70
100
AcDbEntity
  8
final_table_top_design v3_depths$3_4_
100
AcDbCircle
 10
-321.1521782404779
 20
146.6954650254578
 30
0.0
 40
0.9999999999999927
  0
LINE
  5
42C
330
70
100
AcDbEntity
  8
final_table_top_design v3_depths$3_4_
100
AcDbLine
 10
-294.95853389346
 20
161.1954650254578
 30
0.0
 11
-284.7763220359251
 21
161.1954650254578
 31
0.0
  0
LINE
  5
42D
330
70
100
AcDbEntity
  8
final_table_top_design v3_depths$3_4_
100
AcDbLine
 10
-304.3247764710427
 20
155.6954650254579
 30
0.0
 11
-277.9021782404778
 21
155.6954650254579
 31
0.0
  0
ARC
  5
42E
330
70
100
AcDbEntity
  8
final_table_top_design v3_depths$3_4_
100
AcDbCircle
 10
275.6521782404778
 20
168.1954650254579
 30
0.0
 40
11.49999999999997
210
0.0
220
0.0
230
-1.0
100
AcDbArc
 50
322.5047502354413
 51
331.4281218576911
  0
LINE
  5
42F
330
70
100
AcDbEntity
  8
final_table_top_design v3_depths$3_4_
100
AcDbLine
 10
-285.7516831788398
 20
162.6954650254579
 30
0.0
 11
-292.200420818062
 21
162.6954650254579
 31
0.0
  0
CIRCLE
  5
430
330
70
100
AcDbEntity
  8
final_table_top_design v3_depths$3_4_
100
AcDbCircle
 10
-317.3588298008131
 20
164.3418841968285
 30
0.0
 40
1.937500000000012
  0
CIRCLE
  5
431
330
70
100
AcDbEntity
  8
final_table_top_design v3_depths$3_4_
100
AcDbCircle
 10
-317.3588298008131
 20
164.3418841968285
 30
0.0
 40
1.499999999999989
  0
CIRCLE
  5
432
330
70
100
AcDbEntity
  8
final_table_top_design v3_depths$3_4_
100
AcDbCircle
 10
-321.1521782404779
 20
146.6954650254578
 30
0.0
 40
1.937500000000012
  0
CIRCLE
  5
433
330
70
100
AcDbEntity
  8
final_table_top_design v3_depths$3_4_
100
AcDbCircle
 10
-317.3588298008131
 20
164.3418841968285
 30
0.0
 40
1.499999999999989
  0
LINE
  5
434
330
70
100
AcDbEntity
  8
final_table_top_design v3_depths$3_4_
100
AcDbLine
 10
-275.9021782404778
 20
145.1954650254578
 30
0.0
 11
-275.9021782404778
 21
158.6987550688466
 31
0.0
  0
CIRCLE
  5
435
330
70
100
AcDbEntity
  8
final_table_top_design v3_depths$3_4_
100
AcDbCircle
 10
-230.5896782404778
 20
162.3829650254578
 30
0.0
 40
0.9999999999999927
  0
CIRCLE
  5
436
330
70
100
AcDbEntity
  8
final_table_top_design v3_depths$3_4_
100
AcDbCircle
 10
-230.5896782404778
 20
162.3829650254578
 30
0.0
 40
1.937500000000012
  0
LINE
  5
437
330
70
100
AcDbEntity
  8
final_table_top_design v3_depths$3_4_
100
AcDbLine
 10
-238.6521782404778
 20
185.6954650254579
 30
0.0
 11
-238.6521782404778
 21
185.5247118500626
 31
0.0
  0
LINE
  5
438
330
70
100
AcDbEntity
  8
final_table_top_design v3_depths$3_4_
100
AcDbLine
 10
-277.9021782404778
 20
155.6954650254579
 30
0.0
 11
-277.9021782404778
 21
154.1954650254579
 31
0.0
  0
CIRCLE
  5
439
330
70
100
AcDbEntity
  8
final_table_top_design v3_depths$3_4_
100
AcDbCircle
 10
-317.3588298008131
 20
164.3418841968285
 30
0.0
 40
0.9999999999999927
  0
CIRCLE
  5
43A
330
70
100
AcDbEntity
  8
final_table_top_design v3_depths$3_4_
100
AcDbCircle
 10
-320.7146782404779
 20
162.4043841968285
 30
0.0
 40
0.9999999999999927
  0
CIRCLE
  5
43B
330
70
100
AcDbEntity
  8
final_table_top_design v3_depths$3_4_
100
AcDbCircle
 10
-230.5896782404778
 20
166.2579650254579
 30
0.0
 40
1.937500000000012
  0
CIRCLE
  5
43C
330
70
100
AcDbEntity
  8
final_table_top_design v3_depths$3_4_
100
AcDbCircle
 10
-230.5896782404778
 20
174.0079650254578
 30
0.0
 40
0.9999999999999927
  0
LINE
  5
43D
330
70
100
AcDbEntity
  8
final_table_top_design v3_depths$3_4_
100
AcDbLine
 10
-277.9021782404778
 20
152.1954650254579
 30
0.0
 11
-277.9021782404778
 21
150.6954650254578
 31
0.0
  0
CIRCLE
  5
43E
330
70
100
AcDbEntity
  8
final_table_top_design v3_depths$3_4_
100
AcDbCircle
 10
-320.7146782404779
 20
162.4043841968285
 30
0.0
 40
0.9999999999999927
  0
LINE
  5
43F
330
70
100
AcDbEntity
  8
final_table_top_design v3_depths$3_4_
100
AcDbLine
 10
-238.6521782404778
 20
150.6954650254578
 30
0.0
 11
-238.6521782404778
 21
150.8662182009853
 31
0.0
  0
CIRCLE
  5
440
330
70
100
AcDbEntity
  8
final_table_top_design v3_depths$3_4_
100
AcDbCircle
 10
-317.3588298008131
 20
164.3418841968285
 30
0.0
 40
1.499999999999989
  0
CIRCLE
  5
441
330
70
100
AcDbEntity
  8
final_table_top_design v3_depths$3_4_
100
AcDbCircle
 10
-317.3588298008131
 20
164.3418841968285
 30
0.0
 40
1.499999999999989
  0
LINE
  5
442
330
70
100
AcDbEntity
  8
final_table_top_design v3_depths$3_4_
100
AcDbLine
 10
-275.9021782404778
 20
160.331805580201
 30
0.0
 11
-275.9021782404779
 21
159.1989379177346
 31
0.0
  0
CIRCLE
  5
443
330
70
100
AcDbEntity
  8
final_table_top_design v3_depths$3_4_
100
AcDbCircle
 10
-230.5896782404778
 20
162.3829650254578
 30
0.0
 40
0.9999999999999927
  0
CIRCLE
  5
444
330
70
100
AcDbEntity
  8
final_table_top_design v3_depths$3_4_
100
AcDbCircle
 10
-230.5896782404778
 20
162.3829650254578
 30
0.0
 40
1.499999999999989
  0
CIRCLE
  5
445
330
70
100
AcDbEntity
  8
final_table_top_design v3_depths$3_4_
100
AcDbCircle
 10
-237.3013751198072
 20
170.1329650254578
 30
0.0
 40
1.499999999999989
  0
LINE
  5
446
330
70
100
AcDbEntity
  8
final_table_top_design v3_depths$3_4_
100
AcDbLine
 10
-275.9021782404778
 20
160.331805580201
 30
0.0
 11
-275.9021782404778
 21
160.3711756589412
 31
0.0
  0
LINE
  5
447
330
70
100
AcDbEntity
  8
final_table_top_design v3_depths$3_4_
100
AcDbLine
 10
-314.6521782404778
 20
152.042337910603
 30
0.0
 11
-286.6370422838219
 21
168.2168841965641
 31
0.0
  0
CIRCLE
  5
448
330
70
100
AcDbEntity
  8
final_table_top_design v3_depths$3_4_
100
AcDbCircle
 10
-320.7146782404779
 20
162.4043841968285
 30
0.0
 40
1.499999999999989
  0
LINE
  5
449
330
70
100
AcDbEntity
  8
final_table_top_design v3_depths$3_4_
100
AcDbLine
 10
-277.9021782404778
 20
152.1954650254579
 30
0.0
 11
-277.9021782404778
 21
150.6954650254578
 31
0.0
  0
CIRCLE
  5
44A
330
70
100
AcDbEntity
  8
final_table_top_design v3_depths$3_4_
100
AcDbCircle
 10
-233.9455266801426
 20
164.3204650254577
 30
0.0
 40
0.9999999999999927
  0
CIRCLE
  5
44B
330
70
100
AcDbEntity
  8
final_table_top_design v3_depths$3_4_
100
AcDbCircle
 10
-314.0029813611484
 20
166.2793841968284
 30
0.0
 40
0.9999999999999927
  0
CIRCLE
  5
44C
330
70
100
AcDbEntity
  8
final_table_top_design v3_depths$3_4_
100
AcDbCircle
 10
-317.3588298008131
 20
164.3418841968285
 30
0.0
 40
1.499999999999989
  0
CIRCLE
  5
44D
330
70
100
AcDbEntity
  8
final_table_top_design v3_depths$3_4_
100
AcDbCircle
 10
-317.3588298008131
 20
164.3418841968285
 30
0.0
 40
1.937500000000012
  0
LINE
  5
44E
330
70
100
AcDbEntity
  8
final_table_top_design v3_depths$3_4_
100
AcDbLine
 10
-229.8982724565297
 20
148.1215494168064
 30
0.0
 11
-229.9068606702397
 21
148.1265078243039
 31
0.0
  0
CIRCLE
  5
44F
330
70
100
AcDbEntity
  8
final_table_top_design v3_depths$3_4_
100
AcDbCircle
 10
-230.1521782404778
 20
146.6467040232098
 30
0.0
 40
0.9999999999999927
  0
CIRCLE
  5
450
330
70
100
AcDbEntity
  8
final_table_top_design v3_depths$3_4_
100
AcDbCircle
 10
-230.5896782404778
 20
166.2579650254579
 30
0.0
 40
1.499999999999989
  0
LINE
  5
451
330
70
100
AcDbEntity
  8
final_table_top_design v3_depths$3_4_
100
AcDbLine
 10
-277.9021782404778
 20
148.6954650254578
 30
0.0
 11
-277.9021782404778
 21
147.1954650254578
 31
0.0
  0
LINE
  5
452
330
70
100
AcDbEntity
  8
final_table_top_design v3_depths$3_4_
100
AcDbLine
 10
-253.0788569288775
 20
159.1954650254578
 30
0.0
 11
-250.4807807175906
 21
157.6954650254579
 31
0.0
  0
LINE
  5
453
330
70
100
AcDbEntity
  8
final_table_top_design v3_depths$3_4_
100
AcDbLine
 10
-310.3127561116817
 20
184.1954650254578
 30
0.0
 11
-312.6521782404779
 21
185.546131021301
 31
0.0
  0
LINE
  5
454
330
70
100
AcDbEntity
  8
final_table_top_design v3_depths$3_4_
100
AcDbLine
 10
-236.6521782411979
 20
145.1454386923949
 30
0.0
 11
-236.6521782410946
 21
152.020918739706
 31
0.0
  0
CIRCLE
  5
455
330
70
100
AcDbEntity
  8
final_table_top_design v3_depths$3_4_
100
AcDbCircle
 10
-233.9455266801426
 20
164.3204650254577
 30
0.0
 40
1.499999999999989
  0
CIRCLE
  5
456
330
70
100
AcDbEntity
  8
final_table_top_design v3_depths$3_4_
100
AcDbCircle
 10
-230.5896782404778
 20
166.2579650254579
 30
0.0
 40
0.9999999999999927
  0
LINE
  5
457
330
70
100
AcDbEntity
  8
final_table_top_design v3_depths$3_4_
100
AcDbLine
 10
-322.6521782404778
 20
191.1954650254578
 30
0.0
 11
-322.6521782404778
 21
145.1954650254578
 31
0.0
  0
CIRCLE
  5
458
330
70
100
AcDbEntity
  8
final_table_top_design v3_depths$3_4_
100
AcDbCircle
 10
-317.3588298008131
 20
164.3418841968285
 30
0.0
 40
1.499999999999989
  0
CIRCLE
  5
459
330
70
100
AcDbEntity
  8
final_table_top_design v3_depths$3_4_
100
AcDbCircle
 10
-317.3588298008131
 20
164.3418841968285
 30
0.0
 40
1.937500000000012
  0
CIRCLE
  5
45A
330
70
100
AcDbEntity
  8
final_table_top_design v3_depths$3_4_
100
AcDbCircle
 10
-317.3588298008131
 20
164.3418841968285
 30
0.0
 40
1.937500000000012
  0
CIRCLE
  5
45B
330
70
100
AcDbEntity
  8
final_table_top_design v3_depths$3_4_
100
AcDbCircle
 10
-237.3013751198072
 20
166.2579650254578
 30
0.0
 40
0.9999999999999927
  0
LINE
  5
45C
330
70
100
AcDbEntity
  8
final_table_top_design v3_depths$3_4_
100
AcDbLine
 10
-256.5429585439269
 20
161.1954650254578
 30
0.0
 11
-266.5280344450305
 21
161.1954650254578
 31
0.0
  0
LINE
  5
45D
330
70
100
AcDbEntity
  8
final_table_top_design v3_depths$3_4_
100
AcDbLine
 10
-277.9021782404778
 20
148.6954650254578
 30
0.0
 11
-277.9021782404778
 21
147.1954650254578
 31
0.0
  0
LINE
  5
45E
330
70
100
AcDbEntity
  8
final_table_top_design v3_depths$3_4_
100
AcDbLine
 10
-275.9021782404778
 20
160.3711756589411
 30
0.0
 11
-275.9021782404778
 21
161.6944712901223
 31
0.0
  0
CIRCLE
  5
45F
330
70
100
AcDbEntity
  8
final_table_top_design v3_depths$3_4_
100
AcDbCircle
 10
-233.9455266801426
 20
164.3204650254577
 30
0.0
 40
1.937500000000012
  0
LINE
  5
460
330
70
100
AcDbEntity
  8
final_table_top_design v3_depths$3_4_
100
AcDbLine
 10
-275.9021782404779
 20
159.1989379177346
 30
0.0
 11
-275.9021782404778
 21
158.6987550688466
 31
0.0
  0
CIRCLE
  5
461
330
70
100
AcDbEntity
  8
final_table_top_design v3_depths$3_4_
100
AcDbCircle
 10
-230.5896782404778
 20
162.3829650254578
 30
0.0
 40
1.499999999999989
  0
CIRCLE
  5
462
330
70
100
AcDbEntity
  8
final_table_top_design v3_depths$3_4_
100
AcDbCircle
 10
-230.5896782404778
 20
162.3829650254578
 30
0.0
 40
1.499999999999989
  0
CIRCLE
  5
463
330
70
100
AcDbEntity
  8
final_table_top_design v3_depths$3_4_
100
AcDbCircle
 10
-320.7146782404779
 20
162.4043841968285
 30
0.0
 40
1.937500000000012
  0
CIRCLE
  5
464
330
70
100
AcDbEntity
  8
final_table_top_design v3_depths$3_4_
100
AcDbCircle
 10
-230.5896782404778
 20
162.3829650254578
 30
0.0
 40
0.9999999999999927
  0
CIRCLE
  5
465
330
70
100
AcDbEntity
  8
final_table_top_design v3_depths$3_4_
100
AcDbCircle
 10
-233.9455266801426
 20
172.0704650254577
 30
0.0
 40
0.9999999999999927
  0
CIRCLE
  5
466
330
70
100
AcDbEntity
  8
final_table_top_design v3_depths$3_4_
100
AcDbCircle
 10
-317.3588298008131
 20
164.3418841968285
 30
0.0
 40
0.9999999999999927
  0
CIRCLE
  5
467
330
70
100
AcDbEntity
  8
final_table_top_design v3_depths$3_4_
100
AcDbCircle
 10
-230.1521782404778
 20
146.6467040232098
 30
0.0
 40
1.937500000000012
  0
CIRCLE
  5
468
330
70
100
AcDbEntity
  8
final_table_top_design v3_depths$3_4_
100
AcDbCircle
 10
-230.5896782404778
 20
170.1329650254578
 30
0.0
 40
1.937500000000012
  0
LINE
  5
469
330
70
100
AcDbEntity
  8
final_table_top_design v3_depths$3_4_
100
AcDbLine
 10
-273.4021782404778
 20
152.1954650254579
 30
0.0
 11
-273.4021782404778
 21
150.6954650254578
 31
0.0
  0
CIRCLE
  5
46A
330
70
100
AcDbEntity
  8
final_table_top_design v3_depths$3_4_
100
AcDbCircle
 10
-237.3013751198072
 20
170.1329650254578
 30
0.0
 40
0.9999999999999927
  0
CIRCLE
  5
46B
330
70
100
AcDbEntity
  8
final_table_top_design v3_depths$3_4_
100
AcDbCircle
 10
-317.3588298008131
 20
164.3418841968285
 30
0.0
 40
1.937500000000012
  0
CIRCLE
  5
46C
330
70
100
AcDbEntity
  8
final_table_top_design v3_depths$3_4_
100
AcDbCircle
 10
-317.3588298008131
 20
164.3418841968285
 30
0.0
 40
1.499999999999989
  0
LINE
  5
46D
330
70
100
AcDbEntity
  8
final_table_top_design v3_depths$3_4_
100
AcDbLine
 10
-273.4021782404778
 20
147.1954650254578
 30
0.0
 11
-272.6521782404778
 21
147.1954650254578
 31
0.0
  0
LINE
  5
46E
330
70
100
AcDbEntity
  8
final_table_top_design v3_depths$3_4_
100
AcDbLine
 10
-275.4021782404779
 20
160.3711756589411
 30
0.0
 11
-275.4021782404779
 21
161.6944712901223
 31
0.0
  0
ARC
  5
46F
330
70
100
AcDbEntity
  8
final_table_top_design v3_depths$3_4_
100
AcDbCircle
 10
-275.6521782404778
 20
168.1954650254579
 30
0.0
 40
11.50000000000001
100
AcDbArc
 50
322.5047502354413
 51
331.4281218576913
  0
CIRCLE
  5
470
330
70
100
AcDbEntity
  8
final_table_top_design v3_depths$3_4_
100
AcDbCircle
 10
-230.1521782404778
 20
146.6467040232098
 30
0.0
 40
1.499999999999989
  0
LINE
  5
471
330
70
100
AcDbEntity
  8
final_table_top_design v3_depths$3_4_
100
AcDbLine
 10
-240.9545012762051
 20
152.1954650254579
 30
0.0
 11
-238.6521782404778
 21
150.8662182009853
 31
0.0
  0
LINE
  5
472
330
70
100
AcDbEntity
  8
final_table_top_design v3_depths$3_4_
100
AcDbLine
 10
-277.9021782404778
 20
147.1954650254578
 30
0.0
 11
-278.6521782404778
 21
147.1954650254578
 31
0.0
  0
LINE
  5
473
330
70
100
AcDbEntity
  8
final_table_top_design v3_depths$3_4_
100
AcDbLine
 10
-228.6521782418515
 20
145.14699598765
 30
0.0
 11
-236.6521782411979
 21
145.1454386923949
 31
0.0
  0
CIRCLE
  5
474
330
70
100
AcDbEntity
  8
final_table_top_design v3_depths$3_4_
100
AcDbCircle
 10
-317.3588298008131
 20
164.3418841968285
 30
0.0
 40
1.937500000000012
  0
LINE
  5
475
330
70
100
AcDbEntity
  8
final_table_top_design v3_depths$3_4_
100
AcDbLine
 10
-314.6013678790717
 20
216.5551201716662
 30
0.0
 11
-314.495713021642
 21
216.7988016110838
 31
0.0
  0
LINE
  5
476
330
70
100
AcDbEntity
  8
final_table_top_design v3_depths$3_4_
100
AcDbLine
 10
-313.6273928335223
 20
211.5009436914821
 30
0.0
 11
-314.900559814165
 21
210.8643602011607
 31
0.0
  0
LINE
  5
477
330
70
100
AcDbEntity
  8
final_table_top_design v3_depths$3_4_
100
AcDbLine
 10
-312.6521782404779
 20
185.6954650254579
 30
0.0
 11
-312.6521782404779
 21
185.546131021301
 31
0.0
  0
LINE
  5
478
330
70
100
AcDbEntity
  8
final_table_top_design v3_depths$3_4_
100
AcDbLine
 10
-322.6521782404778
 20
191.1954650254578
 30
0.0
 11
-314.6521782404779
 21
191.1954650254578
 31
0.0
  0
LINE
  5
479
330
70
100
AcDbEntity
  8
final_table_top_design v3_depths$3_4_
100
AcDbLine
 10
-314.2639763238437
 20
210.5460684560001
 30
0.0
 11
-314.900559814165
 21
210.2277767108394
 31
0.0
  0
LINE
  5
47A
330
70
100
AcDbEntity
  8
final_table_top_design v3_depths$3_4_
100
AcDbLine
 10
-313.7400876373771
 20
201.6497041927115
 30
0.0
 11
-311.6667473829962
 21
201.6497041927115
 31
0.0
  0
SPLINE
  5
47B
330
70
100
AcDbEntity
  8
final_table_top_design v3_depths$3_4_
100
AcDbSpline
210
0.0
220
0.0
230
1.0
 70
     8
 71
     3
 72
    11
 73
     7
 74
     0
 42
0.000000001
 43
0.0000000001
 40
2.821053607083166
 40
2.821053607083166
 40
2.821053607083166
 40
2.821053607083166
 40
2.937063805967857
 40
3.047293166495042
 40
3.153854297016551
 40
3.257968485242848
 40
3.257968485242848
 40
3.257968485242848
 40
3.257968485242848
 10
-314.0256498346504
 20
201.9707726065334
 30
0.0
 10
-313.9912040140958
 20
201.9531982082912
 30
0.0
 10
-313.9285706201005
 20
201.9102578522975
 30
0.0
 10
-313.8516466382436
 20
201.829721384074
 30
0.0
 10
-313.7900459473291
 20
201.7420334020511
 30
0.0
 10
-313.7557719990468
 20
201.6806625363744
 30
0.0
 10
-313.7400876373771
 20
201.6497041927115
 30
0.0
  0
LINE
  5
47C
330
70
100
AcDbEntity
  8
final_table_top_design v3_depths$3_4_
100
AcDbLine
 10
-314.2639763238437
 20
210.5460684560001
 30
0.0
 11
-314.2639763238437
 21
208.3180262398755
 31
0.0
  0
CIRCLE
  5
47D
330
70
100
AcDbEntity
  8
final_table_top_design v3_depths$3_4_
100
AcDbCircle
 10
-230.5896782404778
 20
174.0079650254578
 30
0.0
 40
1.937500000000012
  0
LINE
  5
47E
330
70
100
AcDbEntity
  8
final_table_top_design v3_depths$3_4_
100
AcDbLine
 10
-275.4021782404779
 20
176.7520995411222
 30
0.0
 11
-275.4021782404779
 21
176.9454650254579
 31
0.0
  0
CIRCLE
  5
47F
330
70
100
AcDbEntity
  8
final_table_top_design v3_depths$3_4_
100
AcDbCircle
 10
-321.1521782404779
 20
189.6954650254579
 30
0.0
 40
1.499999999999989
  0
LINE
  5
480
330
70
100
AcDbEntity
  8
final_table_top_design v3_depths$3_4_
100
AcDbLine
 10
-275.4021782404779
 20
177.6921749820691
 30
0.0
 11
-275.4021782404779
 21
191.1954650254578
 31
0.0
  0
CIRCLE
  5
481
330
70
100
AcDbEntity
  8
final_table_top_design v3_depths$3_4_
100
AcDbCircle
 10
-320.7146782404779
 20
166.2793841968285
 30
0.0
 40
1.499999999999989
  0
LINE
  5
482
330
70
100
AcDbEntity
  8
final_table_top_design v3_depths$3_4_
100
AcDbLine
 10
-253.0788569294732
 20
177.1954650254579
 30
0.0
 11
-250.4807807181202
 21
178.6954650254578
 31
0.0
  0
CIRCLE
  5
483
330
70
100
AcDbEntity
  8
final_table_top_design v3_depths$3_4_
100
AcDbCircle
 10
-321.1521782404779
 20
189.6954650254579
 30
0.0
 40
1.499999999999989
  0
CIRCLE
  5
484
330
70
100
AcDbEntity
  8
final_table_top_design v3_depths$3_4_
100
AcDbCircle
 10
-320.7146782404779
 20
170.1543841968285
 30
0.0
 40
1.937500000000012
  0
CIRCLE
  5
485
330
70
100
AcDbEntity
  8
final_table_top_design v3_depths$3_4_
100
AcDbCircle
 10
-230.1521782404778
 20
189.6655042445216
 30
0.0
 40
1.937500000000012
  0
ARC
  5
486
330
70
100
AcDbEntity
  8
final_table_top_design v3_depths$3_4_
100
AcDbCircle
 10
-311.7176423625584
 20
208.3180262398755
 30
0.0
 40
1.273166980642535
100
AcDbArc
 50
180.0000000000025
 51
295.6388130708179
  0
LINE
  5
487
330
70
100
AcDbEntity
  8
final_table_top_design v3_depths$3_4_
100
AcDbLine
 10
-314.6521782404778
 20
184.3914304829364
 30
0.0
 11
-314.6521782404778
 21
191.1954650254578
 31
0.0
  0
LINE
  5
488
330
70
100
AcDbEntity
  8
final_table_top_design v3_depths$3_4_
100
AcDbLine
 10
-312.3542258528798
 20
210.2277767108394
 30
0.0
 11
-312.3542258528796
 21
209.4206211883716
 31
0.0
  0
ARC
  5
489
330
70
100
AcDbEntity
  8
final_table_top_design v3_depths$3_4_
100
AcDbCircle
 10
311.7176423625584
 20
210.2277767108394
 30
0.0
 40
0.6365834903213572
210
0.0
220
0.0
230
-1.0
100
AcDbArc
 50
0.0
 51
149.9276259803913
  0
CIRCLE
  5
48A
330
70
100
AcDbEntity
  8
final_table_top_design v3_depths$3_4_
100
AcDbCircle
 10
-321.1521782404779
 20
189.6954650254579
 30
0.0
 40
1.937500000000012
  0
SPLINE
  5
48B
330
70
100
AcDbEntity
  8
final_table_top_design v3_depths$3_4_
100
AcDbSpline
210
0.0
220
0.0
230
1.0
 70
    12
 71
     2
 72
     6
 73
     3
 74
     0
 42
0.000000001
 43
0.0000000001
 40
2.070796464907533
 40
2.070796464907533
 40
2.070796464907533
 40
3.64159279170243
 40
3.64159279170243
 40
3.64159279170243
 10
-311.1667473829961
 20
217.9996252169024
 30
0.0
 41
1.0
 10
-311.916747382996
 20
217.9996252169025
 30
0.0
 41
0.7071067811865475
 10
-311.9167473829961
 20
217.4996252169024
 30
0.0
 41
1.0
  0
SPLINE
  5
48C
330
70
100
AcDbEntity
  8
final_table_top_design v3_depths$3_4_
100
AcDbSpline
210
0.0
220
0.0
230
1.0
 70
     8
 71
     3
 72
    18
 73
    14
 74
     0
 42
0.000000001
 43
0.0000000001
 40
7.788150899532338
 40
7.788150899532338
 40
7.788150899532338
 40
7.788150899532338
 40
8.284951436751397
 40
8.664183745505255
 40
8.950960874472681
 40
9.309734708348543
 40
9.455028227412753
 40
9.579023207974131
 40
9.814676514679502
 40
9.940998372523953
 40
10.07093169789801
 40
10.20204096999075
 40
10.33099335441402
 40
10.33099335441402
 40
10.33099335441402
 40
10.33099335441402
 10
-314.1462412821862
 20
216.3401993073927
 30
0.0
 10
-314.1993157856389
 20
216.1833346638548
 30
0.0
 10
-314.2987908295221
 20
215.9087022060643
 30
0.0
 10
-314.4498888328039
 20
215.5515814369733
 30
0.0
 10
-314.5993033132829
 20
215.2443361687836
 30
0.0
 10
-314.7196195697513
 20
215.0097791251222
 30
0.0
 10
-314.8112818130132
 20
214.8215454954009
 30
0.0
 10
-314.8801088864637
 20
214.6678914212452
 30
0.0
 10
-314.9353693570296
 20
214.5154561307414
 30
0.0
 10
-314.9833250749745
 20
214.3586626491546
 30
0.0
 10
-315.0181235430101
 20
214.2342918398993
 30
0.0
 10
-315.0470946571559
 20
214.1075139179754
 30
0.0
 10
-315.0609899795719
 20
214.0218823731567
 30
0.0
 10
-315.0658711257325
 20
213.979176288295
 30
0.0
  0
ARC
  5
48D
330
70
100
AcDbEntity
  8
final_table_top_design v3_depths$3_4_
100
AcDbCircle
 10
311.7176423625584
 20
210.2277767108394
 30
0.0
 40
1.273166980642535
210
0.0
220
0.0
230
-1.0
100
AcDbArc
 50
0.0
 51
115.638813070818
  0
LINE
  5
48E
330
70
100
AcDbEntity
  8
final_table_top_design v3_depths$3_4_
100
AcDbLine
 10
-238.6521782404778
 20
185.6954650254579
 30
0.0
 11
-238.6521782404778
 21
185.5247118500626
 31
0.0
  0
ARC
  5
48F
330
70
100
AcDbEntity
  8
final_table_top_design v3_depths$3_4_
100
AcDbCircle
 10
-275.6521782404778
 20
168.1954650254579
 30
0.0
 40
11.49999999999997
100
AcDbArc
 50
51.50004959075233
 51
65.92938537743333
  0
LINE
  5
490
330
70
100
AcDbEntity
  8
final_table_top_design v3_depths$3_4_
100
AcDbLine
 10
-312.6521782404779
 20
189.1954650254579
 30
0.0
 11
-312.6521782404779
 21
187.6954650254578
 31
0.0
  0
LINE
  5
491
330
70
100
AcDbEntity
  8
final_table_top_design v3_depths$3_4_
100
AcDbLine
 10
-236.6521782410946
 20
152.0209187397059
 30
0.0
 11
-264.6673141971338
 21
168.1954650257222
 31
0.0
  0
CIRCLE
  5
492
330
70
100
AcDbEntity
  8
final_table_top_design v3_depths$3_4_
100
AcDbCircle
 10
-321.1521782404779
 20
189.6954650254579
 30
0.0
 40
1.937500000000012
  0
CIRCLE
  5
493
330
70
100
AcDbEntity
  8
final_table_top_design v3_depths$3_4_
100
AcDbCircle
 10
-233.9455266801426
 20
168.1954650254577
 30
0.0
 40
1.499999999999989
  0
CIRCLE
  5
494
330
70
100
AcDbEntity
  8
final_table_top_design v3_depths$3_4_
100
AcDbCircle
 10
-237.3013751198072
 20
170.1329650254578
 30
0.0
 40
1.937500000000012
  0
ARC
  5
495
330
70
100
AcDbEntity
  8
final_table_top_design v3_depths$3_4_
100
AcDbCircle
 10
275.6521782404778
 20
168.1954650254579
 30
0.0
 40
11.5
210
0.0
220
0.0
230
-1.0
100
AcDbArc
 50
51.50004959075211
 51
65.92938537743403
  0
CIRCLE
  5
496
330
70
100
AcDbEntity
  8
final_table_top_design v3_depths$3_4_
100
AcDbCircle
 10
-230.5896782404778
 20
170.1329650254578
 30
0.0
 40
0.9999999999999927
  0
CIRCLE
  5
497
330
70
100
AcDbEntity
  8
final_table_top_design v3_depths$3_4_
100
AcDbCircle
 10
-233.9455266801426
 20
172.0704650254577
 30
0.0
 40
1.937500000000012
  0
CIRCLE
  5
498
330
70
100
AcDbEntity
  8
final_table_top_design v3_depths$3_4_
100
AcDbCircle
 10
-321.1521782404779
 20
189.6954650254579
 30
0.0
 40
0.9999999999999927
  0
ARC
  5
499
330
70
100
AcDbEntity
  8
final_table_top_design v3_depths$3_4_
100
AcDbCircle
 10
275.6521782404778
 20
168.1954650254579
 30
0.0
 40
11.5
210
0.0
220
0.0
230
-1.0
100
AcDbArc
 50
51.50004959075211
 51
65.92938537743403
  0
CIRCLE
  5
49A
330
70
100
AcDbEntity
  8
final_table_top_design v3_depths$3_4_
100
AcDbCircle
 10
-321.1521782404779
 20
189.6954650254579
 30
0.0
 40
0.9999999999999927
  0
LINE
  5
49B
330
70
100
AcDbEntity
  8
final_table_top_design v3_depths$3_4_
100
AcDbLine
 10
-311.1667473829961
 20
217.8062597325669
 30
0.0
 11
-311.1667473829961
 21
217.1810685781386
 31
0.0
  0
LINE
  5
49C
330
70
100
AcDbEntity
  8
final_table_top_design v3_depths$3_4_
100
AcDbLine
 10
-314.109773278377
 20
216.4479825187057
 30
0.0
 11
-314.1277432597503
 21
216.3948712403975
 31
0.0
  0
ARC
  5
49D
330
70
100
AcDbEntity
  8
final_table_top_design v3_depths$3_4_
100
AcDbCircle
 10
311.7176423625584
 20
208.3180262398755
 30
0.0
 40
1.27316698064263
210
0.0
220
0.0
230
-1.0
100
AcDbArc
 50
60.0000000000066
 51
115.6388130708163
  0
LINE
  5
49E
330
70
100
AcDbEntity
  8
final_table_top_design v3_depths$3_4_
100
AcDbLine
 10
-314.1277432597503
 20
216.3948712403975
 30
0.0
 11
-314.1462412821864
 21
216.3401993073927
 31
0.0
  0
LINE
  5
49F
330
70
100
AcDbEntity
  8
final_table_top_design v3_depths$3_4_
100
AcDbLine
 10
-312.6521782404779
 20
185.6954650254579
 30
0.0
 11
-312.6521782404779
 21
185.546131021301
 31
0.0
  0
LINE
  5
4A0
330
70
100
AcDbEntity
  8
final_table_top_design v3_depths$3_4_
100
AcDbLine
 10
-311.6667473829962
 20
202.4336297451525
 30
0.0
 11
-314.8256870446045
 21
202.4336297451525
 31
0.0
  0
LINE
  5
4A1
330
70
100
AcDbEntity
  8
final_table_top_design v3_depths$3_4_
100
AcDbLine
 10
-314.2459825385204
 20
216.9729150233984
 30
0.0
 11
-311.9167473829961
 21
216.9729150233984
 31
0.0
  0
CIRCLE
  5
4A2
330
70
100
AcDbEntity
  8
final_table_top_design v3_depths$3_4_
100
AcDbCircle
 10
-230.5896782404778
 20
174.0079650254578
 30
0.0
 40
1.499999999999989
  0
LINE
  5
4A3
330
70
100
AcDbEntity
  8
final_table_top_design v3_depths$3_4_
100
AcDbLine
 10
-240.9545012764925
 20
184.1954650254578
 30
0.0
 11
-238.6521782404778
 21
185.5247118500626
 31
0.0
  0
LINE
  5
4A4
330
70
100
AcDbEntity
  8
final_table_top_design v3_depths$3_4_
100
AcDbLine
 10
-304.2505782853455
 20
180.6954650254579
 30
0.0
 11
-306.8486544966325
 21
182.1954650254579
 31
0.0
  0
LINE
  5
4A5
330
70
100
AcDbEntity
  8
final_table_top_design v3_depths$3_4_
100
AcDbLine
 10
-312.6521782404779
 20
189.1954650254579
 30
0.0
 11
-312.6521782404779
 21
187.6954650254578
 31
0.0
  0
CIRCLE
  5
4A6
330
70
100
AcDbEntity
  8
final_table_top_design v3_depths$3_4_
100
AcDbCircle
 10
-230.5896782404778
 20
170.1329650254578
 30
0.0
 40
1.499999999999989
  0
CIRCLE
  5
4A7
330
70
100
AcDbEntity
  8
final_table_top_design v3_depths$3_4_
100
AcDbCircle
 10
-317.3588298008131
 20
172.0918841968285
 30
0.0
 40
0.9999999999999927
  0
ARC
  5
4A8
330
70
100
AcDbEntity
  8
final_table_top_design v3_depths$3_4_
100
AcDbCircle
 10
275.6521782404778
 20
168.1954650254579
 30
0.0
 40
11.50000000000001
210
0.0
220
0.0
230
-1.0
100
AcDbArc
 50
142.5047502354413
 51
151.4281218576913
  0
LINE
  5
4A9
330
70
100
AcDbEntity
  8
final_table_top_design v3_depths$3_4_
100
AcDbLine
 10
-292.1262226326732
 20
413.6954650254578
 30
0.0
 11
-294.7242988439601
 21
415.1954650254578
 31
0.0
  0
LINE
  5
4AA
330
70
100
AcDbEntity
  8
final_table_top_design v3_depths$3_4_
100
AcDbLine
 10
-256.5429585439269
 20
401.1954650254578
 30
0.0
 11
-266.5280344450305
 21
401.1954650254578
 31
0.0
  0
LINE
  5
4AB
330
70
100
AcDbEntity
  8
final_table_top_design v3_depths$3_4_
100
AcDbLine
 10
-236.6521782405013
 20
424.3700113116697
 30
0.0
 11
-264.6673141971338
 21
408.1954650257221
 31
0.0
  0
LINE
  5
4AC
330
70
100
AcDbEntity
  8
final_table_top_design v3_depths$3_4_
100
AcDbLine
 10
-227.6521782404778
 20
432.1954650254578
 30
0.0
 11
-227.6521782404778
 21
384.1954650254578
 31
0.0
  0
ARC
  5
4AD
330
70
100
AcDbEntity
  8
final_table_top_design v3_depths$3_4_
100
AcDbCircle
 10
-275.6521782404778
 20
408.1954650254577
 30
0.0
 40
9.000000000000017
100
AcDbArc
 50
271.5917541765993
 51
88.40824582341374
  0
SPLINE
  5
4AE
330
70
100
AcDbEntity
  8
final_table_top_design v3_depths$3_4_
100
AcDbSpline
210
0.0
220
0.0
230
1.0
 70
     8
 71
     3
 72
    11
 73
     7
 74
     0
 42
0.000000001
 43
0.0000000001
 40
-3.084640163597813
 40
-3.084640163597813
 40
-3.084640163597813
 40
-3.084640163597813
 40
-2.994918795154486
 40
-2.891717067294982
 40
-2.781763906832946
 40
-2.653970263137698
 40
-2.653970263137698
 40
-2.653970263137698
 40
-2.653970263137698
 10
-272.4658021633999
 20
400.7546229702851
 30
0.0
 10
-272.4924422880355
 20
400.7410310699606
 30
0.0
 10
-272.5439812387161
 20
400.7013532037963
 30
0.0
 10
-272.6066246069733
 20
400.6215979977203
 30
0.0
 10
-272.6630179654003
 20
400.5227301554628
 30
0.0
 10
-272.694941862975
 20
400.4500996539349
 30
0.0
 10
-272.7107553760074
 20
400.4105457376812
 30
0.0
  0
LINE
  5
4AF
330
70
100
AcDbEntity
  8
final_table_top_design v3_depths$3_4_
100
AcDbLine
 10
-322.6521782404778
 20
385.1954650254578
 30
0.0
 11
-322.6521782404778
 21
431.1954650254578
 31
0.0
  0
LINE
  5
4B0
330
70
100
AcDbEntity
  8
final_table_top_design v3_depths$3_4_
100
AcDbLine
 10
-275.4021782404779
 20
399.1989379177346
 30
0.0
 11
-275.4021782404779
 21
398.6987550688465
 31
0.0
  0
LINE
  5
4B1
330
70
100
AcDbEntity
  8
final_table_top_design v3_depths$3_4_
100
AcDbLine
 10
-312.6521782404779
 20
390.8876373722237
 30
0.0
 11
-310.3869542975331
 21
392.1954650254578
 31
0.0
  0
LINE
  5
4B2
330
70
100
AcDbEntity
  8
final_table_top_design v3_depths$3_4_
100
AcDbLine
 10
-294.7242988439601
 20
415.1954650254578
 30
0.0
 11
-284.7763220359251
 21
415.1954650254578
 31
0.0
  0
LINE
  5
4B3
330
70
100
AcDbEntity
  8
final_table_top_design v3_depths$3_4_
100
AcDbLine
 10
-273.4021782404778
 20
429.1954650254578
 30
0.0
 11
-272.6521782404778
 21
429.1954650254578
 31
0.0
  0
ARC
  5
4B4
330
70
100
AcDbEntity
  8
final_table_top_design v3_depths$3_4_
100
AcDbCircle
 10
276.4530732200401
 20
407.2638660484308
 30
0.0
 40
1.27316698064268
210
0.0
220
0.0
230
-1.0
100
AcDbArc
 50
145.6308959472999
 51
180.0
  0
LINE
  5
4B5
330
70
100
AcDbEntity
  8
final_table_top_design v3_depths$3_4_
100
AcDbLine
 10
-274.543322749076
 20
405.5796244443111
 30
0.0
 11
-274.543322749076
 21
404.7175320871456
 31
0.0
  0
LINE
  5
4B6
330
70
100
AcDbEntity
  8
final_table_top_design v3_depths$3_4_
100
AcDbLine
 10
-236.6521782410946
 20
392.0209187397059
 30
0.0
 11
-264.6673141971338
 21
408.1954650257221
 31
0.0
  0
ARC
  5
4B7
330
70
100
AcDbEntity
  8
final_table_top_design v3_depths$3_4_
100
AcDbCircle
 10
-276.4530732200401
 20
407.2638660484308
 30
0.0
 40
1.909750470963924
100
AcDbArc
 50
303.3861340862799
 51
0.0
  0
LINE
  5
4B8
330
70
100
AcDbEntity
  8
final_table_top_design v3_depths$3_4_
100
AcDbLine
 10
-275.4021782404779
 20
401.6944712901223
 30
0.0
 11
-275.4021782404779
 21
416.1269083866939
 31
0.0
  0
LINE
  5
4B9
330
70
100
AcDbEntity
  8
final_table_top_design v3_depths$3_4_
100
AcDbLine
 10
-322.6521782404778
 20
431.1954650254578
 30
0.0
 11
-322.6521782404778
 21
385.1954650254578
 31
0.0
  0
LINE
  5
4BA
330
70
100
AcDbEntity
  8
final_table_top_design v3_depths$3_4_
100
AcDbLine
 10
-322.6521782404778
 20
385.1954650254578
 30
0.0
 11
-322.6521782404778
 21
431.1954650254578
 31
0.0
  0
LINE
  5
4BB
330
70
100
AcDbEntity
  8
final_table_top_design v3_depths$3_4_
100
AcDbLine
 10
-259.1410347552138
 20
402.6954650254578
 30
0.0
 11
-256.5429585439269
 21
401.1954650254578
 31
0.0
  0
LINE
  5
4BC
330
70
100
AcDbEntity
  8
final_table_top_design v3_depths$3_4_
100
AcDbLine
 10
-322.6521782404778
 20
431.1954650254578
 30
0.0
 11
-322.6521782404778
 21
385.1954650254578
 31
0.0
  0
CIRCLE
  5
4BD
330
70
100
AcDbEntity
  8
final_table_top_design v3_depths$3_4_
100
AcDbCircle
 10
-321.1521782404779
 20
386.6954650254578
 30
0.0
 40
1.499999999999989
  0
ARC
  5
4BE
330
70
100
AcDbEntity
  8
final_table_top_design v3_depths$3_4_
100
AcDbCircle
 10
-275.6521782404778
 20
408.1954650254577
 30
0.0
 40
11.49999999999997
100
AcDbArc
 50
231.5000495907519
 51
245.9293853774339
  0
LINE
  5
4BF
330
70
100
AcDbEntity
  8
final_table_top_design v3_depths$3_4_
100
AcDbLine
 10
-253.0788569288775
 20
399.1954650254578
 30
0.0
 11
-250.4807807175906
 21
397.6954650254578
 31
0.0
  0
LINE
  5
4C0
330
70
100
AcDbEntity
  8
final_table_top_design v3_depths$3_4_
100
AcDbLine
 10
-312.6521782404779
 20
427.6954650254578
 30
0.0
 11
-277.9021782404778
 21
427.6954650254578
 31
0.0
  0
LINE
  5
4C1
330
70
100
AcDbEntity
  8
final_table_top_design v3_depths$3_4_
100
AcDbLine
 10
-322.6521782404778
 20
431.1954650254578
 30
0.0
 11
-322.6521782404778
 21
385.1954650254578
 31
0.0
  0
LINE
  5
4C2
330
70
100
AcDbEntity
  8
final_table_top_design v3_depths$3_4_
100
AcDbLine
 10
-275.9809183979581
 20
401.615731132642
 30
0.0
 11
-280.0084260205215
 21
401.615731132642
 31
0.0
  0
LINE
  5
4C3
330
70
100
AcDbEntity
  8
final_table_top_design v3_depths$3_4_
100
AcDbLine
 10
-272.6568168382601
 20
400.3318055802009
 30
0.0
 11
-275.4021782404779
 21
400.3318055802009
 31
0.0
  0
LINE
  5
4C4
330
70
100
AcDbEntity
  8
final_table_top_design v3_depths$3_4_
100
AcDbLine
 10
-277.9021782404778
 20
395.6954650254578
 30
0.0
 11
-277.9021782404778
 21
394.1954650254578
 31
0.0
  0
LINE
  5
4C5
330
70
100
AcDbEntity
  8
final_table_top_design v3_depths$3_4_
100
AcDbLine
 10
-285.7516831788398
 20
402.6954650254578
 30
0.0
 11
-292.200420818062
 21
402.6954650254578
 31
0.0
  0
LINE
  5
4C6
330
70
100
AcDbEntity
  8
final_table_top_design v3_depths$3_4_
100
AcDbLine
 10
-273.4021782404778
 20
420.6954650254577
 30
0.0
 11
-273.4021782404778
 21
422.1954650254578
 31
0.0
  0
LINE
  5
4C7
330
70
100
AcDbEntity
  8
final_table_top_design v3_depths$3_4_
100
AcDbLine
 10
-314.6521782404778
 20
385.1954650254578
 30
0.0
 11
-322.6521782404778
 21
385.1954650254578
 31
0.0
  0
LINE
  5
4C8
330
70
100
AcDbEntity
  8
final_table_top_design v3_depths$3_4_
100
AcDbLine
 10
-275.6521782404778
 20
384.1954650254578
 30
0.0
 11
-275.6521782404778
 21
432.1954650254578
 31
0.0
  0
LINE
  5
4C9
330
70
100
AcDbEntity
  8
final_table_top_design v3_depths$3_4_
100
AcDbLine
 10
-304.3247764710427
 20
395.6954650254578
 30
0.0
 11
-277.9021782404778
 21
395.6954650254578
 31
0.0
  0
LINE
  5
4CA
330
70
100
AcDbEntity
  8
final_table_top_design v3_depths$3_4_
100
AcDbLine
 10
-294.95853389346
 20
401.1954650254578
 30
0.0
 11
-284.7763220359251
 21
401.1954650254578
 31
0.0
  0
LINE
  5
4CB
330
70
100
AcDbEntity
  8
final_table_top_design v3_depths$3_4_
100
AcDbLine
 10
-273.9067392587548
 20
404.7175320871456
 30
0.0
 11
-273.9067392587548
 21
407.2638660484308
 31
0.0
  0
LINE
  5
4CC
330
70
100
AcDbEntity
  8
final_table_top_design v3_depths$3_4_
100
AcDbLine
 10
-265.5526733021157
 20
402.6954650254578
 30
0.0
 11
-259.1410347552139
 21
402.6954650254578
 31
0.0
  0
LINE
  5
4CD
330
70
100
AcDbEntity
  8
final_table_top_design v3_depths$3_4_
100
AcDbLine
 10
-322.6521782404778
 20
385.1954650254578
 30
0.0
 11
-322.6521782404778
 21
431.1954650254578
 31
0.0
  0
LINE
  5
4CE
330
70
100
AcDbEntity
  8
final_table_top_design v3_depths$3_4_
100
AcDbLine
 10
-280.3425940003011
 20
418.6954650254578
 30
0.0
 11
-300.7864766702962
 21
418.6954650254578
 31
0.0
  0
LINE
  5
4CF
330
70
100
AcDbEntity
  8
final_table_top_design v3_depths$3_4_
100
AcDbLine
 10
-275.9021782404778
 20
401.677685751749
 30
0.0
 11
-275.9021782404778
 21
416.1269083866939
 31
0.0
  0
LINE
  5
4D0
330
70
100
AcDbEntity
  8
final_table_top_design v3_depths$3_4_
100
AcDbLine
 10
-228.6521782404778
 20
385.1954650254578
 30
0.0
 11
-228.6521782404778
 21
431.1954650254578
 31
0.0
  0
LINE
  5
4D1
330
70
100
AcDbEntity
  8
final_table_top_design v3_depths$3_4_
100
AcDbLine
 10
-298.1884004590093
 20
417.1954650254578
 30
0.0
 11
-282.811088772116
 21
417.1954650254578
 31
0.0
  0
LINE
  5
4D2
330
70
100
AcDbEntity
  8
final_table_top_design v3_depths$3_4_
100
AcDbLine
 10
-271.3106760033423
 20
411.221096683132
 30
0.0
 11
-271.3106760033423
 21
412.9622115094713
 31
0.0
  0
LINE
  5
4D3
330
70
100
AcDbEntity
  8
final_table_top_design v3_depths$3_4_
100
AcDbLine
 10
-274.6521782404778
 20
415.9187548319537
 30
0.0
 11
-274.6521782404778
 21
416.1954650254577
 31
0.0
  0
LINE
  5
4D4
330
70
100
AcDbEntity
  8
final_table_top_design v3_depths$3_4_
100
AcDbLine
 10
-278.6521782404778
 20
387.1954650254578
 30
0.0
 11
-312.6521782404779
 21
387.1954650254578
 31
0.0
  0
LINE
  5
4D5
330
70
100
AcDbEntity
  8
final_table_top_design v3_depths$3_4_
100
AcDbLine
 10
-228.6521782404779
 20
387.4021165857148
 30
0.0
 11
-228.6521782404778
 21
428.9888134652007
 31
0.0
  0
LINE
  5
4D6
330
70
100
AcDbEntity
  8
final_table_top_design v3_depths$3_4_
100
AcDbLine
 10
-273.4021782404778
 20
427.6954650254578
 30
0.0
 11
-273.4021782404778
 21
429.1954650254578
 31
0.0
  0
LINE
  5
4D7
330
70
100
AcDbEntity
  8
final_table_top_design v3_depths$3_4_
100
AcDbLine
 10
-259.1410347559636
 20
413.6954650254578
 30
0.0
 11
-256.5429585446106
 21
415.1954650254578
 31
0.0
  0
LINE
  5
4D8
330
70
100
AcDbEntity
  8
final_table_top_design v3_depths$3_4_
100
AcDbLine
 10
-280.0119319044742
 20
411.221096683132
 30
0.0
 11
-280.0119319044742
 21
412.9622115094713
 31
0.0
  0
LINE
  5
4D9
330
70
100
AcDbEntity
  8
final_table_top_design v3_depths$3_4_
100
AcDbLine
 10
-312.6521782404779
 20
387.1954650254578
 30
0.0
 11
-312.6521782404779
 21
388.6954650254578
 31
0.0
  0
LINE
  5
4DA
330
70
100
AcDbEntity
  8
final_table_top_design v3_depths$3_4_
100
AcDbLine
 10
-275.9021782404779
 20
399.1989379177345
 30
0.0
 11
-275.9021782404778
 21
398.6987550688465
 31
0.0
  0
LINE
  5
4DB
330
70
100
AcDbEntity
  8
final_table_top_design v3_depths$3_4_
100
AcDbLine
 10
-294.95853389346
 20
401.1954650254578
 30
0.0
 11
-284.7763220359251
 21
401.1954650254578
 31
0.0
  0
LINE
  5
4DC
330
70
100
AcDbEntity
  8
final_table_top_design v3_depths$3_4_
100
AcDbLine
 10
-294.7984970294149
 20
401.1954650254578
 30
0.0
 11
-292.2004208180619
 21
402.6954650254578
 31
0.0
  0
LINE
  5
4DD
330
70
100
AcDbEntity
  8
final_table_top_design v3_depths$3_4_
100
AcDbLine
 10
-298.2625986445523
 20
399.1954650254578
 30
0.0
 11
-282.811088772116
 21
399.1954650254578
 31
0.0
  0
ARC
  5
4DE
330
70
100
AcDbEntity
  8
final_table_top_design v3_depths$3_4_
100
AcDbCircle
 10
276.4530732200401
 20
409.1736165193948
 30
0.0
 40
1.27316698064268
210
0.0
220
0.0
230
-1.0
100
AcDbArc
 50
145.6308959472999
 51
180.0
  0
LINE
  5
4DF
330
70
100
AcDbEntity
  8
final_table_top_design v3_depths$3_4_
100
AcDbLine
 10
-256.5429585446106
 20
415.1954650254578
 30
0.0
 11
-266.5280344450305
 21
415.1954650254578
 31
0.0
  0
CIRCLE
  5
4E0
330
70
100
AcDbEntity
  8
final_table_top_design v3_depths$3_4_
100
AcDbCircle
 10
-321.1521782404779
 20
386.6954650254578
 30
0.0
 40
1.937500000000012
  0
ARC
  5
4E1
330
70
100
AcDbEntity
  8
final_table_top_design v3_depths$3_4_
100
AcDbCircle
 10
275.6521782404778
 20
408.1954650254577
 30
0.0
 40
11.49999999999994
210
0.0
220
0.0
230
-1.0
100
AcDbArc
 50
231.5000495907522
 51
245.9293853774332
  0
LINE
  5
4E2
330
70
100
AcDbEntity
  8
final_table_top_design v3_depths$3_4_
100
AcDbLine
 10
-285.7516831788398
 20
413.6954650254578
 30
0.0
 11
-292.1262226326732
 21
413.6954650254578
 31
0.0
  0
LINE
  5
4E3
330
70
100
AcDbEntity
  8
final_table_top_design v3_depths$3_4_
100
AcDbLine
 10
-253.0788569294732
 20
417.1954650254578
 30
0.0
 11
-250.4807807181202
 21
418.6954650254578
 31
0.0
  0
LINE
  5
4E4
330
70
100
AcDbEntity
  8
final_table_top_design v3_depths$3_4_
100
AcDbLine
 10
-275.4021782404779
 20
417.191992133181
 30
0.0
 11
-275.4021782404779
 21
416.9454650254578
 31
0.0
  0
LINE
  5
4E5
330
70
100
AcDbEntity
  8
final_table_top_design v3_depths$3_4_
100
AcDbLine
 10
-228.6521782404778
 20
387.4021165857148
 30
0.0
 11
-228.6521782404779
 21
428.9888134652008
 31
0.0
  0
LINE
  5
4E6
330
70
100
AcDbEntity
  8
final_table_top_design v3_depths$3_4_
100
AcDbLine
 10
-228.6521782404778
 20
385.1954650254578
 30
0.0
 11
-228.6521782404778
 21
431.1954650254578
 31
0.0
  0
LINE
  5
4E7
330
70
100
AcDbEntity
  8
final_table_top_design v3_depths$3_4_
100
AcDbLine
 10
-285.7516831788398
 20
402.6954650254578
 30
0.0
 11
-292.200420818062
 21
402.6954650254578
 31
0.0
  0
LINE
  5
4E8
330
70
100
AcDbEntity
  8
final_table_top_design v3_depths$3_4_
100
AcDbLine
 10
-275.9021782404778
 20
400.3318055802009
 30
0.0
 11
-275.9021782404778
 21
400.371175658941
 31
0.0
  0
LINE
  5
4E9
330
70
100
AcDbEntity
  8
final_table_top_design v3_depths$3_4_
100
AcDbLine
 10
-304.2505782853455
 20
420.6954650254577
 30
0.0
 11
-306.8486544966325
 21
422.1954650254578
 31
0.0
  0
LINE
  5
4EA
330
70
100
AcDbEntity
  8
final_table_top_design v3_depths$3_4_
100
AcDbLine
 10
-322.6521782404778
 20
431.1954650254578
 30
0.0
 11
-314.6521782404779
 21
431.1954650254578
 31
0.0
  0
CIRCLE
  5
4EB
330
70
100
AcDbEntity
  8
final_table_top_design v3_depths$3_4_
100
AcDbCircle
 10
-320.7146782404779
 20
410.1543841968283
 30
0.0
 40
1.937500000000012
  0
LINE
  5
4EC
330
70
100
AcDbEntity
  8
final_table_top_design v3_depths$3_4_
100
AcDbLine
 10
-273.4021782404778
 20
422.1954650254578
 30
0.0
 11
-244.4186028916299
 21
422.1954650254578
 31
0.0
  0
ARC
  5
4ED
330
70
100
AcDbEntity
  8
final_table_top_design v3_depths$3_4_
100
AcDbCircle
 10
-275.6521782404778
 20
408.1954650254577
 30
0.0
 40
9.500000000000008
100
AcDbArc
 50
91.50795775423882
 51
268.4920422457615
  0
LINE
  5
4EE
330
70
100
AcDbEntity
  8
final_table_top_design v3_depths$3_4_
100
AcDbLine
 10
-314.6521782404778
 20
424.3914304829364
 30
0.0
 11
-286.6370422838219
 21
408.216884196564
 31
0.0
  0
LINE
  5
4EF
330
70
100
AcDbEntity
  8
final_table_top_design v3_depths$3_4_
100
AcDbLine
 10
-275.4021782404779
 20
385.1954650254578
 30
0.0
 11
-228.6521782404778
 21
385.1954650254578
 31
0.0
  0
LINE
  5
4F0
330
70
100
AcDbEntity
  8
final_table_top_design v3_depths$3_4_
100
AcDbLine
 10
-238.6521782404778
 20
427.6954650254578
 30
0.0
 11
-273.4021782404778
 21
427.6954650254578
 31
0.0
  0
CIRCLE
  5
4F1
330
70
100
AcDbEntity
  8
final_table_top_design v3_depths$3_4_
100
AcDbCircle
 10
-321.1521782404779
 20
386.6954650254578
 30
0.0
 40
0.9999999999999927
  0
LINE
  5
4F2
330
70
100
AcDbEntity
  8
final_table_top_design v3_depths$3_4_
100
AcDbLine
 10
-275.4021782404779
 20
417.692174982069
 30
0.0
 11
-275.4021782404779
 21
417.191992133181
 31
0.0
  0
LINE
  5
4F3
330
70
100
AcDbEntity
  8
final_table_top_design v3_depths$3_4_
100
AcDbLine
 10
-265.5526733021157
 20
413.6954650254578
 30
0.0
 11
-259.1410347559636
 21
413.6954650254578
 31
0.0
  0
LINE
  5
4F4
330
70
100
AcDbEntity
  8
final_table_top_design v3_depths$3_4_
100
AcDbLine
 10
-322.6521782404778
 20
431.1954650254578
 30
0.0
 11
-322.6521782404778
 21
385.1954650254578
 31
0.0
  0
LINE
  5
4F5
330
70
100
AcDbEntity
  8
final_table_top_design v3_depths$3_4_
100
AcDbLine
 10
-314.6521782404778
 20
424.3914304829364
 30
0.0
 11
-286.6370422838219
 21
408.216884196564
 31
0.0
  0
LINE
  5
4F6
330
70
100
AcDbEntity
  8
final_table_top_design v3_depths$3_4_
100
AcDbLine
 10
-312.6521782404779
 20
390.6954650254578
 30
0.0
 11
-312.6521782404779
 21
390.8876373722237
 31
0.0
  0
LINE
  5
4F7
330
70
100
AcDbEntity
  8
final_table_top_design v3_depths$3_4_
100
AcDbLine
 10
-273.4021782404778
 20
425.6954650254578
 30
0.0
 11
-238.6521782404778
 21
425.6954650254578
 31
0.0
  0
LINE
  5
4F8
330
70
100
AcDbEntity
  8
final_table_top_design v3_depths$3_4_
100
AcDbLine
 10
-275.9021782404778
 20
431.1954650254578
 30
0.0
 11
-322.6521782404778
 21
431.1954650254578
 31
0.0
  0
LINE
  5
4F9
330
70
100
AcDbEntity
  8
final_table_top_design v3_depths$3_4_
100
AcDbLine
 10
-273.4021782404778
 20
427.6954650254578
 30
0.0
 11
-273.4021782404778
 21
429.1954650254578
 31
0.0
  0
LINE
  5
4FA
330
70
100
AcDbEntity
  8
final_table_top_design v3_depths$3_4_
100
AcDbLine
 10
-286.8300667753794
 20
408.2168841968284
 30
0.0
 11
-322.2343278554671
 21
408.2168841968284
 31
0.0
  0
ARC
  5
4FB
330
70
100
AcDbEntity
  8
final_table_top_design v3_depths$3_4_
100
AcDbCircle
 10
275.6521782404778
 20
408.1954650254577
 30
0.0
 40
11.50000000000004
210
0.0
220
0.0
230
-1.0
100
AcDbArc
 50
51.50004959075229
 51
65.92938537743403
  0
LINE
  5
4FC
330
70
100
AcDbEntity
  8
final_table_top_design v3_depths$3_4_
100
AcDbLine
 10
-273.4021782404778
 20
394.1954650254579
 30
0.0
 11
-244.4186028912544
 21
394.1954650254579
 31
0.0
  0
LINE
  5
4FD
330
70
100
AcDbEntity
  8
final_table_top_design v3_depths$3_4_
100
AcDbLine
 10
-253.0788569288775
 20
399.1954650254578
 30
0.0
 11
-268.4932677088397
 21
399.1954650254578
 31
0.0
  0
LINE
  5
4FE
330
70
100
AcDbEntity
  8
final_table_top_design v3_depths$3_4_
100
AcDbLine
 10
-270.9617624806544
 20
397.6954650254579
 30
0.0
 11
-250.4807807175906
 21
397.6954650254579
 31
0.0
  0
ARC
  5
4FF
330
70
100
AcDbEntity
  8
final_table_top_design v3_depths$3_4_
100
AcDbCircle
 10
-275.6521782404778
 20
408.1954650254577
 30
0.0
 40
11.49999999999997
100
AcDbArc
 50
231.5000495907519
 51
245.9293853774339
  0
CIRCLE
  5
500
330
70
100
AcDbEntity
  8
final_table_top_design v3_depths$3_4_
100
AcDbCircle
 10
-321.1521782404779
 20
429.6954650254578
 30
0.0
 40
1.499999999999989
  0
LINE
  5
501
330
70
100
AcDbEntity
  8
final_table_top_design v3_depths$3_4_
100
AcDbLine
 10
-272.3411945118164
 20
415.3938223272611
 30
0.0
 11
-275.4021782404779
 21
415.3938223272611
 31
0.0
  0
ARC
  5
502
330
70
100
AcDbEntity
  8
final_table_top_design v3_depths$3_4_
100
AcDbCircle
 10
275.6521782404778
 20
408.1954650254577
 30
0.0
 40
11.50000000000004
210
0.0
220
0.0
230
-1.0
100
AcDbArc
 50
51.50004959075229
 51
65.92938537743403
  0
CIRCLE
  5
503
330
70
100
AcDbEntity
  8
final_table_top_design v3_depths$3_4_
100
AcDbCircle
 10
-321.1521782404779
 20
429.6954650254578
 30
0.0
 40
1.499999999999989
  0
LINE
  5
504
330
70
100
AcDbEntity
  8
final_table_top_design v3_depths$3_4_
100
AcDbLine
 10
-238.6521782404778
 20
388.6954650254578
 30
0.0
 11
-273.4021782404778
 21
388.6954650254578
 31
0.0
  0
ARC
  5
505
330
70
100
AcDbEntity
  8
final_table_top_design v3_depths$3_4_
100
AcDbCircle
 10
-273.2701557684335
 20
408.8553247742341
 30
0.0
 40
1.591458725803258
100
AcDbArc
 50
270.0
 51
90.0
  0
ARC
  5
506
330
70
100
AcDbEntity
  8
final_table_top_design v3_depths$3_4_
100
AcDbCircle
 10
-275.6521782404778
 20
408.1954650254577
 30
0.0
 40
9.500000000000008
100
AcDbArc
 50
271.5079577542388
 51
88.49204224576153
  0
ARC
  5
507
330
70
100
AcDbEntity
  8
final_table_top_design v3_depths$3_4_
100
AcDbCircle
 10
-275.6521782404778
 20
408.1954650254577
 30
0.0
 40
9.500000000000008
100
AcDbArc
 50
271.5079577542388
 51
88.49204224576153
  0
LINE
  5
508
330
70
100
AcDbEntity
  8
final_table_top_design v3_depths$3_4_
100
AcDbLine
 10
-322.6521782404778
 20
429.0102326365714
 30
0.0
 11
-322.6521782404778
 21
387.4235357570855
 31
0.0
  0
LINE
  5
509
330
70
100
AcDbEntity
  8
final_table_top_design v3_depths$3_4_
100
AcDbLine
 10
-236.6521782405013
 20
424.3700113116697
 30
0.0
 11
-264.6673141971338
 21
408.1954650257221
 31
0.0
  0
ARC
  5
50A
330
70
100
AcDbEntity
  8
final_table_top_design v3_depths$3_4_
100
AcDbCircle
 10
-275.6521782404778
 20
408.1954650254577
 30
0.0
 40
9.000000000000021
100
AcDbArc
 50
91.59175417660001
 51
268.4082458234141
  0
LINE
  5
50B
330
70
100
AcDbEntity
  8
final_table_top_design v3_depths$3_4_
100
AcDbLine
 10
-272.1810314236591
 20
415.4463858258875
 30
0.0
 11
-272.1668301813831
 21
415.4044132653616
 31
0.0
  0
CIRCLE
  5
50C
330
70
100
AcDbEntity
  8
final_table_top_design v3_depths$3_4_
100
AcDbCircle
 10
-321.1521782404779
 20
386.6954650254578
 30
0.0
 40
0.9999999999999927
  0
LINE
  5
50D
330
70
100
AcDbEntity
  8
final_table_top_design v3_depths$3_4_
100
AcDbLine
 10
-247.0166791029829
 20
420.6954650254577
 30
0.0
 11
-273.4021782404778
 21
420.6954650254577
 31
0.0
  0
LINE
  5
50E
330
70
100
AcDbEntity
  8
final_table_top_design v3_depths$3_4_
100
AcDbLine
 10
-304.2505782853455
 20
420.6954650254577
 30
0.0
 11
-277.9021782404778
 21
420.6954650254577
 31
0.0
  0
LINE
  5
50F
330
70
100
AcDbEntity
  8
final_table_top_design v3_depths$3_4_
100
AcDbLine
 10
-312.6521782404779
 20
390.6954650254578
 30
0.0
 11
-312.6521782404779
 21
390.8876373722237
 31
0.0
  0
LINE
  5
510
330
70
100
AcDbEntity
  8
final_table_top_design v3_depths$3_4_
100
AcDbLine
 10
-270.9617624806544
 20
418.6954650254578
 30
0.0
 11
-250.4807807181202
 21
418.6954650254578
 31
0.0
  0
LINE
  5
511
330
70
100
AcDbEntity
  8
final_table_top_design v3_depths$3_4_
100
AcDbLine
 10
-312.6521782404779
 20
388.6954650254578
 30
0.0
 11
-277.9021782404778
 21
388.6954650254578
 31
0.0
  0
LINE
  5
512
330
70
100
AcDbEntity
  8
final_table_top_design v3_depths$3_4_
100
AcDbLine
 10
-312.6521782404779
 20
388.6954650254578
 30
0.0
 11
-277.9021782404778
 21
388.6954650254578
 31
0.0
  0
CIRCLE
  5
513
330
70
100
AcDbEntity
  8
final_table_top_design v3_depths$3_4_
100
AcDbCircle
 10
-321.1521782404779
 20
386.6954650254578
 30
0.0
 40
1.937500000000012
  0
LINE
  5
514
330
70
100
AcDbEntity
  8
final_table_top_design v3_depths$3_4_
100
AcDbLine
 10
-238.6521782404778
 20
427.6954650254578
 30
0.0
 11
-273.4021782404778
 21
427.6954650254578
 31
0.0
  0
LINE
  5
515
330
70
100
AcDbEntity
  8
final_table_top_design v3_depths$3_4_
100
AcDbLine
 10
-312.6521782404779
 20
425.6954650254578
 30
0.0
 11
-312.6521782404779
 21
425.546131021301
 31
0.0
  0
LINE
  5
516
330
70
100
AcDbEntity
  8
final_table_top_design v3_depths$3_4_
100
AcDbLine
 10
-312.6521782404779
 20
429.1954650254578
 30
0.0
 11
-312.6521782404779
 21
427.6954650254578
 31
0.0
  0
LINE
  5
517
330
70
100
AcDbEntity
  8
final_table_top_design v3_depths$3_4_
100
AcDbLine
 10
-314.6521782404778
 20
424.3914304829364
 30
0.0
 11
-314.6521782404778
 21
431.1954650254578
 31
0.0
  0
CIRCLE
  5
518
330
70
100
AcDbEntity
  8
final_table_top_design v3_depths$3_4_
100
AcDbCircle
 10
-321.1521782404779
 20
429.6954650254578
 30
0.0
 40
0.9999999999999927
  0
LINE
  5
519
330
70
100
AcDbEntity
  8
final_table_top_design v3_depths$3_4_
100
AcDbLine
 10
-323.6521782404778
 20
432.1954650254578
 30
0.0
 11
-227.6521782404778
 21
432.1954650254578
 31
0.0
  0
LINE
  5
51A
330
70
100
AcDbEntity
  8
final_table_top_design v3_depths$3_4_
100
AcDbLine
 10
-322.6521782404778
 20
385.1954650254578
 30
0.0
 11
-275.9021782404778
 21
385.1954650254578
 31
0.0
  0
LINE
  5
51B
330
70
100
AcDbEntity
  8
final_table_top_design v3_depths$3_4_
100
AcDbLine
 10
-247.0166791025413
 20
395.6954650254578
 30
0.0
 11
-273.4021782404778
 21
395.6954650254578
 31
0.0
  0
LINE
  5
51C
330
70
100
AcDbEntity
  8
final_table_top_design v3_depths$3_4_
100
AcDbLine
 10
-312.6521782404779
 20
425.6954650254578
 30
0.0
 11
-312.6521782404779
 21
425.546131021301
 31
0.0
  0
LINE
  5
51D
330
70
100
AcDbEntity
  8
final_table_top_design v3_depths$3_4_
100
AcDbLine
 10
-227.6521782404778
 20
384.1954650254578
 30
0.0
 11
-323.6521782404778
 21
384.1954650254578
 31
0.0
  0
LINE
  5
51E
330
70
100
AcDbEntity
  8
final_table_top_design v3_depths$3_4_
100
AcDbLine
 10
-240.9545012764925
 20
424.1954650254577
 30
0.0
 11
-273.4021782404778
 21
424.1954650254577
 31
0.0
  0
ARC
  5
51F
330
70
100
AcDbEntity
  8
final_table_top_design v3_depths$3_4_
100
AcDbCircle
 10
-275.6521782404778
 20
408.1954650254577
 30
0.0
 40
9.500000000000008
100
AcDbArc
 50
91.50795775423882
 51
268.4920422457615
  0
LINE
  5
520
330
70
100
AcDbEntity
  8
final_table_top_design v3_depths$3_4_
100
AcDbLine
 10
-310.3127561116817
 20
424.1954650254577
 30
0.0
 11
-277.9021782404778
 21
424.1954650254577
 31
0.0
  0
LINE
  5
521
330
70
100
AcDbEntity
  8
final_table_top_design v3_depths$3_4_
100
AcDbLine
 10
-310.3869542975331
 20
392.1954650254578
 30
0.0
 11
-277.9021782404778
 21
392.1954650254578
 31
0.0
  0
CIRCLE
  5
522
330
70
100
AcDbEntity
  8
final_table_top_design v3_depths$3_4_
100
AcDbCircle
 10
-321.1521782404779
 20
429.6954650254578
 30
0.0
 40
1.937500000000012
  0
LINE
  5
523
330
70
100
AcDbEntity
  8
final_table_top_design v3_depths$3_4_
100
AcDbLine
 10
-312.6521782404779
 20
429.1954650254578
 30
0.0
 11
-312.6521782404779
 21
427.6954650254578
 31
0.0
  0
LINE
  5
524
330
70
100
AcDbEntity
  8
final_table_top_design v3_depths$3_4_
100
AcDbLine
 10
-273.4021782404778
 20
422.1954650254578
 30
0.0
 11
-244.4186028916299
 21
422.1954650254578
 31
0.0
  0
LINE
  5
525
330
70
100
AcDbEntity
  8
final_table_top_design v3_depths$3_4_
100
AcDbLine
 10
-323.6521782404778
 20
384.1954650254578
 30
0.0
 11
-323.6521782404778
 21
432.1954650254578
 31
0.0
  0
LINE
  5
526
330
70
100
AcDbEntity
  8
final_table_top_design v3_depths$3_4_
100
AcDbLine
 10
-275.4021782404779
 20
417.692174982069
 30
0.0
 11
-275.4021782404779
 21
431.1954650254578
 31
0.0
  0
LINE
  5
527
330
70
100
AcDbEntity
  8
final_table_top_design v3_depths$3_4_
100
AcDbLine
 10
-264.4701782404778
 20
408.1954650254577
 30
0.0
 11
-228.6521782404778
 21
408.1954650254577
 31
0.0
  0
LINE
  5
528
330
70
100
AcDbEntity
  8
final_table_top_design v3_depths$3_4_
100
AcDbLine
 10
-274.543322749076
 20
410.4467835000375
 30
0.0
 11
-273.2701557684334
 21
410.4467835000375
 31
0.0
  0
LINE
  5
529
330
70
100
AcDbEntity
  8
final_table_top_design v3_depths$3_4_
100
AcDbLine
 10
-278.9994071813254
 20
409.4919082645555
 30
0.0
 11
-278.9994071813254
 21
407.2638660484308
 31
0.0
  0
LINE
  5
52A
330
70
100
AcDbEntity
  8
final_table_top_design v3_depths$3_4_
100
AcDbLine
 10
-275.9809183979581
 20
400.4105457376812
 30
0.0
 11
-275.9809183979581
 21
401.615731132642
 31
0.0
  0
LINE
  5
52B
330
70
100
AcDbEntity
  8
final_table_top_design v3_depths$3_4_
100
AcDbLine
 10
-238.6521782404778
 20
425.6954650254578
 30
0.0
 11
-238.6521782404778
 21
425.5247118500625
 31
0.0
  0
ARC
  5
52C
330
70
100
AcDbEntity
  8
final_table_top_design v3_depths$3_4_
100
AcDbCircle
 10
-275.6521782404778
 20
408.1954650254577
 30
0.0
 40
11.49999999999999
100
AcDbArc
 50
322.5047502354413
 51
331.4281218576912
  0
LINE
  5
52D
330
70
100
AcDbEntity
  8
final_table_top_design v3_depths$3_4_
100
AcDbLine
 10
-278.3628236910041
 20
410.4467835000375
 30
0.0
 11
-278.3628236910041
 21
407.2638660484308
 31
0.0
  0
CIRCLE
  5
52E
330
70
100
AcDbEntity
  8
final_table_top_design v3_depths$3_4_
100
AcDbCircle
 10
-233.9455266801426
 20
412.0704650254577
 30
0.0
 40
1.937500000000012
  0
CIRCLE
  5
52F
330
70
100
AcDbEntity
  8
final_table_top_design v3_depths$3_4_
100
AcDbCircle
 10
-230.1521782404778
 20
429.6655042445215
 30
0.0
 40
1.937500000000012
  0
LINE
  5
530
330
70
100
AcDbEntity
  8
final_table_top_design v3_depths$3_4_
100
AcDbLine
 10
-238.6521782404778
 20
429.1954650254578
 30
0.0
 11
-238.6521782404778
 21
427.6954650254578
 31
0.0
  0
LINE
  5
531
330
70
100
AcDbEntity
  8
final_table_top_design v3_depths$3_4_
100
AcDbLine
 10
-275.9021782404778
 20
416.7520995411222
 30
0.0
 11
-275.9021782404778
 21
416.1269083866939
 31
0.0
  0
CIRCLE
  5
532
330
70
100
AcDbEntity
  8
final_table_top_design v3_depths$3_4_
100
AcDbCircle
 10
-321.1521782404779
 20
429.6954650254578
 30
0.0
 40
0.9999999999999927
  0
CIRCLE
  5
533
330
70
100
AcDbEntity
  8
final_table_top_design v3_depths$3_4_
100
AcDbCircle
 10
-237.3013751198072
 20
410.1329650254577
 30
0.0
 40
1.499999999999989
  0
ARC
  5
534
330
70
100
AcDbEntity
  8
final_table_top_design v3_depths$3_4_
100
AcDbCircle
 10
-275.6521782404778
 20
408.1954650254577
 30
0.0
 40
11.49999999999999
100
AcDbArc
 50
322.5047502354413
 51
331.4281218576912
  0
SPLINE
  5
535
330
70
100
AcDbEntity
  8
final_table_top_design v3_depths$3_4_
100
AcDbSpline
210
0.0
220
0.0
230
1.0
 70
     8
 71
     3
 72
    15
 73
    11
 74
     0
 42
0.000000001
 43
0.0000000001
 40
5.136797144958888
 40
5.136797144958888
 40
5.136797144958888
 40
5.136797144958888
 40
5.162933876605901
 40
5.237156752698132
 40
5.325208405030174
 40
5.429925636907444
 40
5.552548662151938
 40
5.798404239357967
 40
6.163501477626085
 40
6.605531017482074
 40
6.605531017482074
 40
6.605531017482074
 40
6.605531017482074
 10
-271.3141818872951
 20
401.615731132642
 30
0.0
 10
-271.3156897858028
 20
401.6071472173686
 30
0.0
 10
-271.3232561380134
 20
401.5744911923205
 30
0.0
 10
-271.3489754680203
 20
401.5167278075399
 30
0.0
 10
-271.4005443456396
 20
401.4438370541507
 30
0.0
 10
-271.4729060792937
 20
401.3673262664403
 30
0.0
 10
-271.5925636589441
 20
401.264289894485
 30
0.0
 10
-271.7934108318963
 20
401.1242988219086
 30
0.0
 10
-272.0963274670212
 20
400.9467032896244
 30
0.0
 10
-272.3345544769371
 20
400.8215860756232
 30
0.0
 10
-272.4658021633999
 20
400.7546229702851
 30
0.0
  0
LINE
  5
536
330
70
100
AcDbEntity
  8
final_table_top_design v3_depths$3_4_
100
AcDbLine
 10
-275.4021782404779
 20
400.3318055802009
 30
0.0
 11
-275.4021782404779
 21
399.1989379177346
 31
0.0
  0
LINE
  5
537
330
70
100
AcDbEntity
  8
final_table_top_design v3_depths$3_4_
100
AcDbLine
 10
-272.647126697826
 20
400.3570832006083
 30
0.0
 11
-272.6568168382601
 21
400.3318055802009
 31
0.0
  0
CIRCLE
  5
538
330
70
100
AcDbEntity
  8
final_table_top_design v3_depths$3_4_
100
AcDbCircle
 10
-230.5896782404778
 20
410.1329650254578
 30
0.0
 40
1.937500000000012
  0
LINE
  5
539
330
70
100
AcDbEntity
  8
final_table_top_design v3_depths$3_4_
100
AcDbLine
 10
-277.9021782404778
 20
387.1954650254578
 30
0.0
 11
-278.6521782404778
 21
387.1954650254578
 31
0.0
  0
ARC
  5
53A
330
70
100
AcDbEntity
  8
final_table_top_design v3_depths$3_4_
100
AcDbCircle
 10
278.9839821751616
 20
415.6562885796075
 30
0.0
 40
0.2624788224736117
210
0.0
220
0.0
230
-1.0
100
AcDbArc
 50
269.4392593179136
 51
90.56074068185059
  0
CIRCLE
  5
53B
330
70
100
AcDbEntity
  8
final_table_top_design v3_depths$3_4_
100
AcDbCircle
 10
-317.3588298008131
 20
408.2168841968284
 30
0.0
 40
1.937500000000012
  0
LINE
  5
53C
330
70
100
AcDbEntity
  8
final_table_top_design v3_depths$3_4_
100
AcDbLine
 10
-273.4021782404778
 20
395.6954650254578
 30
0.0
 11
-273.4021782404778
 21
394.1954650254578
 31
0.0
  0
LINE
  5
53D
330
70
100
AcDbEntity
  8
final_table_top_design v3_depths$3_4_
100
AcDbLine
 10
-280.0906720619545
 20
411.221096683132
 30
0.0
 11
-280.0906720619545
 21
403.2210966831319
 31
0.0
  0
LINE
  5
53E
330
70
100
AcDbEntity
  8
final_table_top_design v3_depths$3_4_
100
AcDbLine
 10
-273.4021782404778
 20
387.1954650254578
 30
0.0
 11
-272.6521782404778
 21
387.1954650254578
 31
0.0
  0
LINE
  5
53F
330
70
100
AcDbEntity
  8
final_table_top_design v3_depths$3_4_
100
AcDbLine
 10
-310.3127561116817
 20
424.1954650254577
 30
0.0
 11
-312.6521782404779
 21
425.546131021301
 31
0.0
  0
ARC
  5
540
330
70
100
AcDbEntity
  8
final_table_top_design v3_depths$3_4_
100
AcDbCircle
 10
-275.6521782404778
 20
408.1954650254577
 30
0.0
 40
11.49999999999996
100
AcDbArc
 50
142.5047502354413
 51
151.4281218576908
  0
LINE
  5
541
330
70
100
AcDbEntity
  8
final_table_top_design v3_depths$3_4_
100
AcDbLine
 10
-298.2625986445523
 20
399.1954650254578
 30
0.0
 11
-282.811088772116
 21
399.1954650254578
 31
0.0
  0
LINE
  5
542
330
70
100
AcDbEntity
  8
final_table_top_design v3_depths$3_4_
100
AcDbLine
 10
-280.0119319044742
 20
401.6944712901223
 30
0.0
 11
-280.0119319044742
 21
403.2210966831319
 31
0.0
  0
CIRCLE
  5
543
330
70
100
AcDbEntity
  8
final_table_top_design v3_depths$3_4_
100
AcDbCircle
 10
-233.9455266801426
 20
408.1954650254577
 30
0.0
 40
1.937500000000012
  0
CIRCLE
  5
544
330
70
100
AcDbEntity
  8
final_table_top_design v3_depths$3_4_
100
AcDbCircle
 10
-237.3013751198072
 20
410.1329650254577
 30
0.0
 40
1.937500000000012
  0
LINE
  5
545
330
70
100
AcDbEntity
  8
final_table_top_design v3_depths$3_4_
100
AcDbLine
 10
-271.3106760033423
 20
401.6944712901223
 30
0.0
 11
-271.3106760033423
 21
403.2210966831319
 31
0.0
  0
LINE
  5
546
330
70
100
AcDbEntity
  8
final_table_top_design v3_depths$3_4_
100
AcDbLine
 10
-278.9814133960019
 20
415.9187548319537
 30
0.0
 11
-275.9021782404778
 21
415.9187548319537
 31
0.0
  0
LINE
  5
547
330
70
100
AcDbEntity
  8
final_table_top_design v3_depths$3_4_
100
AcDbLine
 10
-277.9021782404778
 20
420.6954650254577
 30
0.0
 11
-277.9021782404778
 21
422.1954650254578
 31
0.0
  0
SPLINE
  5
548
330
70
100
AcDbEntity
  8
final_table_top_design v3_depths$3_4_
100
AcDbSpline
210
0.0
220
0.0
230
1.0
 70
     8
 71
     3
 72
    16
 73
    12
 74
     0
 42
0.000000001
 43
0.0000000001
 40
33.52694171166888
 40
33.52694171166888
 40
33.52694171166888
 40
33.52694171166888
 40
33.76541345761511
 40
33.99232740239901
 40
34.19941252169064
 40
34.4023661033223
 40
34.63336287353979
 40
34.94542686777116
 40
35.15155684153877
 40
35.40737199001418
 40
36.12697803502979
 40
36.12697803502979
 40
36.12697803502979
 40
36.12697803502979
 10
-280.0119319044742
 20
412.9622115094713
 30
0.0
 10
-280.003539738856
 20
413.0412578514492
 30
0.0
 10
-279.9757483862064
 20
413.1941843301677
 30
0.0
 10
-279.9156522133705
 20
413.4102021541807
 30
0.0
 10
-279.8509672549688
 20
413.6124863920374
 30
0.0
 10
-279.7720433459435
 20
413.8112458816401
 30
0.0
 10
-279.6635350073643
 20
414.0350769453054
 30
0.0
 10
-279.5503638802089
 20
414.2576715620972
 30
0.0
 10
-279.4353466293711
 20
414.4886224065065
 30
0.0
 10
-279.2718052633737
 20
414.8470662316658
 30
0.0
 10
-279.1580685719772
 20
415.1519617870999
 30
0.0
 10
-279.0811911722116
 20
415.3791772131877
 30
0.0
  0
ARC
  5
549
330
70
100
AcDbEntity
  8
final_table_top_design v3_depths$3_4_
100
AcDbCircle
 10
275.6521782404778
 20
408.1954650254577
 30
0.0
 40
11.49999999999996
210
0.0
220
0.0
230
-1.0
100
AcDbArc
 50
322.5047502354413
 51
331.4281218576908
  0
LINE
  5
54A
330
70
100
AcDbEntity
  8
final_table_top_design v3_depths$3_4_
100
AcDbLine
 10
-280.0904573420883
 20
412.9683890396477
 30
0.0
 11
-280.0906720619544
 21
412.9663415479945
 31
0.0
  0
LINE
  5
54B
330
70
100
AcDbEntity
  8
final_table_top_design v3_depths$3_4_
100
AcDbLine
 10
-278.6118525318091
 20
400.4105457376812
 30
0.0
 11
-275.9809183979581
 21
400.4105457376812
 31
0.0
  0
LINE
  5
54C
330
70
100
AcDbEntity
  8
final_table_top_design v3_depths$3_4_
100
AcDbLine
 10
-275.9021782404778
 20
400.3711756589411
 30
0.0
 11
-275.9021782404778
 21
401.6944712901223
 31
0.0
  0
LINE
  5
54D
330
70
100
AcDbEntity
  8
final_table_top_design v3_depths$3_4_
100
AcDbLine
 10
-273.4021782404778
 20
388.6954650254578
 30
0.0
 11
-273.4021782404778
 21
387.1954650254579
 31
0.0
  0
CIRCLE
  5
54E
330
70
100
AcDbEntity
  8
final_table_top_design v3_depths$3_4_
100
AcDbCircle
 10
-230.5896782404778
 20
410.1329650254578
 30
0.0
 40
0.9999999999999927
  0
LINE
  5
54F
330
70
100
AcDbEntity
  8
final_table_top_design v3_depths$3_4_
100
AcDbLine
 10
-277.9021782404778
 20
388.6954650254578
 30
0.0
 11
-277.9021782404778
 21
387.1954650254579
 31
0.0
  0
LINE
  5
550
330
70
100
AcDbEntity
  8
final_table_top_design v3_depths$3_4_
100
AcDbLine
 10
-277.9021782404778
 20
395.6954650254578
 30
0.0
 11
-277.9021782404778
 21
394.1954650254578
 31
0.0
  0
LINE
  5
551
330
70
100
AcDbEntity
  8
final_table_top_design v3_depths$3_4_
100
AcDbLine
 10
-275.3234380829975
 20
400.4105457376812
 30
0.0
 11
-275.3234380829975
 21
401.615731132642
 31
0.0
  0
CIRCLE
  5
552
330
70
100
AcDbEntity
  8
final_table_top_design v3_depths$3_4_
100
AcDbCircle
 10
-320.7146782404779
 20
414.0293841968285
 30
0.0
 40
1.499999999999989
  0
LINE
  5
553
330
70
100
AcDbEntity
  8
final_table_top_design v3_depths$3_4_
100
AcDbLine
 10
-274.543322749076
 20
404.7175320871456
 30
0.0
 11
-273.9067392587548
 21
404.7175320871456
 31
0.0
  0
CIRCLE
  5
554
330
70
100
AcDbEntity
  8
final_table_top_design v3_depths$3_4_
100
AcDbCircle
 10
-230.5896782404778
 20
402.3829650254578
 30
0.0
 40
1.937500000000012
  0
LINE
  5
555
330
70
100
AcDbEntity
  8
final_table_top_design v3_depths$3_4_
100
AcDbLine
 10
-275.4021782404779
 20
400.3318055802009
 30
0.0
 11
-275.4021782404779
 21
400.371175658941
 31
0.0
  0
LINE
  5
556
330
70
100
AcDbEntity
  8
final_table_top_design v3_depths$3_4_
100
AcDbLine
 10
-277.9021782404778
 20
420.6954650254577
 30
0.0
 11
-277.9021782404778
 21
422.1954650254578
 31
0.0
  0
CIRCLE
  5
557
330
70
100
AcDbEntity
  8
final_table_top_design v3_depths$3_4_
100
AcDbCircle
 10
-321.1521782404779
 20
429.6954650254578
 30
0.0
 40
1.937500000000012
  0
LINE
  5
558
330
70
100
AcDbEntity
  8
final_table_top_design v3_depths$3_4_
100
AcDbLine
 10
-275.9021782404778
 20
400.3318055802009
 30
0.0
 11
-275.9021782404779
 21
399.1989379177345
 31
0.0
  0
LINE
  5
559
330
70
100
AcDbEntity
  8
final_table_top_design v3_depths$3_4_
100
AcDbLine
 10
-277.9021782404778
 20
427.6954650254578
 30
0.0
 11
-277.9021782404778
 21
429.1954650254578
 31
0.0
  0
SPLINE
  5
55A
330
70
100
AcDbEntity
  8
final_table_top_design v3_depths$3_4_
100
AcDbSpline
210
0.0
220
0.0
230
1.0
 70
    12
 71
     2
 72
     6
 73
     3
 74
     0
 42
0.000000001
 43
0.0000000001
 40
2.070796464907533
 40
2.070796464907533
 40
2.070796464907533
 40
3.64159279170243
 40
3.64159279170243
 40
3.64159279170243
 10
-275.9021782404778
 20
416.9454650254578
 30
0.0
 41
1.0
 10
-276.6521782404778
 20
416.9454650254578
 30
0.0
 41
0.7071067811865475
 10
-276.6521782404778
 20
416.4454650254578
 30
0.0
 41
1.0
  0
LINE
  5
55B
330
70
100
AcDbEntity
  8
final_table_top_design v3_depths$3_4_
100
AcDbLine
 10
-271.2319358458621
 20
411.221096683132
 30
0.0
 11
-271.2319358458621
 21
403.2210966831319
 31
0.0
  0
LINE
  5
55C
330
70
100
AcDbEntity
  8
final_table_top_design v3_depths$3_4_
100
AcDbLine
 10
-277.9021782404778
 20
388.6954650254578
 30
0.0
 11
-277.9021782404778
 21
387.1954650254579
 31
0.0
  0
LINE
  5
55D
330
70
100
AcDbEntity
  8
final_table_top_design v3_depths$3_4_
100
AcDbLine
 10
-279.0811911722116
 20
415.3791772131877
 30
0.0
 11
-279.0711947402034
 21
415.4087222233597
 31
0.0
  0
ARC
  5
55E
330
70
100
AcDbEntity
  8
final_table_top_design v3_depths$3_4_
100
AcDbCircle
 10
276.4530732200401
 20
409.1736165193948
 30
0.0
 40
1.273166980642669
210
0.0
220
0.0
230
-1.0
100
AcDbArc
 50
0.0
 51
115.6388130708147
  0
CIRCLE
  5
55F
330
70
100
AcDbEntity
  8
final_table_top_design v3_depths$3_4_
100
AcDbCircle
 10
-233.9455266801426
 20
404.3204650254577
 30
0.0
 40
0.9999999999999927
  0
SPLINE
  5
560
330
70
100
AcDbEntity
  8
final_table_top_design v3_depths$3_4_
100
AcDbSpline
210
0.0
220
0.0
230
1.0
 70
     8
 71
     3
 72
    11
 73
     7
 74
     0
 42
0.000000001
 43
0.0000000001
 40
13.65669739873473
 40
13.65669739873473
 40
13.65669739873473
 40
13.65669739873473
 40
13.72292726762682
 40
13.80992349463496
 40
13.92082699023209
 40
14.05675459110026
 40
14.05675459110026
 40
14.05675459110026
 40
14.05675459110026
 10
-278.8925908106914
 20
400.6844842403867
 30
0.0
 10
-278.872925796743
 20
400.674451070005
 30
0.0
 10
-278.8325470235828
 20
400.6422282859403
 30
0.0
 10
-278.7780171914898
 20
400.5726958845718
 30
0.0
 10
-278.7238835520085
 20
400.4751790301979
 30
0.0
 10
-278.6916995676266
 20
400.3993902745611
 30
0.0
 10
-278.6754812099906
 20
400.3570832006083
 30
0.0
  0
CIRCLE
  5
561
330
70
100
AcDbEntity
  8
final_table_top_design v3_depths$3_4_
100
AcDbCircle
 10
-320.7146782404779
 20
414.0293841968285
 30
0.0
 40
1.937500000000012
  0
CIRCLE
  5
562
330
70
100
AcDbEntity
  8
final_table_top_design v3_depths$3_4_
100
AcDbCircle
 10
-320.7146782404779
 20
414.0293841968285
 30
0.0
 40
1.937500000000012
  0
CIRCLE
  5
563
330
70
100
AcDbEntity
  8
final_table_top_design v3_depths$3_4_
100
AcDbCircle
 10
-230.5896782404778
 20
410.1329650254578
 30
0.0
 40
1.499999999999989
  0
LINE
  5
564
330
70
100
AcDbEntity
  8
final_table_top_design v3_depths$3_4_
100
AcDbLine
 10
-314.6521782404778
 20
392.042337910603
 30
0.0
 11
-286.6370422838219
 21
408.216884196564
 31
0.0
  0
LINE
  5
565
330
70
100
AcDbEntity
  8
final_table_top_design v3_depths$3_4_
100
AcDbLine
 10
-277.9021782404778
 20
392.1954650254578
 30
0.0
 11
-277.9021782404778
 21
390.6954650254578
 31
0.0
  0
LINE
  5
566
330
70
100
AcDbEntity
  8
final_table_top_design v3_depths$3_4_
100
AcDbLine
 10
-278.6657910695565
 20
400.3318055802009
 30
0.0
 11
-275.9021782404778
 21
400.3318055802009
 31
0.0
  0
LINE
  5
567
330
70
100
AcDbEntity
  8
final_table_top_design v3_depths$3_4_
100
AcDbLine
 10
-275.9021782404778
 20
417.692174982069
 30
0.0
 11
-275.9021782404778
 21
431.1954650254578
 31
0.0
  0
LINE
  5
568
330
70
100
AcDbEntity
  8
final_table_top_design v3_depths$3_4_
100
AcDbLine
 10
-273.4021782404778
 20
387.1954650254578
 30
0.0
 11
-272.6521782404778
 21
387.1954650254578
 31
0.0
  0
LINE
  5
569
330
70
100
AcDbEntity
  8
final_table_top_design v3_depths$3_4_
100
AcDbLine
 10
-273.9067392587548
 20
407.2638660484308
 30
0.0
 11
-273.2701557684335
 21
407.2638660484308
 31
0.0
  0
LINE
  5
56A
330
70
100
AcDbEntity
  8
final_table_top_design v3_depths$3_4_
100
AcDbLine
 10
-271.2319358458621
 20
403.2210966831319
 30
0.0
 11
-271.2319358458621
 21
401.6551012113821
 31
0.0
  0
LINE
  5
56B
330
70
100
AcDbEntity
  8
final_table_top_design v3_depths$3_4_
100
AcDbLine
 10
-279.6359906716467
 20
409.8102000097161
 30
0.0
 11
-279.6359906716467
 21
409.1736165193949
 31
0.0
  0
CIRCLE
  5
56C
330
70
100
AcDbEntity
  8
final_table_top_design v3_depths$3_4_
100
AcDbCircle
 10
-230.5896782404778
 20
402.3829650254578
 30
0.0
 40
1.937500000000012
  0
LINE
  5
56D
330
70
100
AcDbEntity
  8
final_table_top_design v3_depths$3_4_
100
AcDbLine
 10
-277.9021782404778
 20
387.1954650254578
 30
0.0
 11
-278.6521782404778
 21
387.1954650254578
 31
0.0
  0
LINE
  5
56E
330
70
100
AcDbEntity
  8
final_table_top_design v3_depths$3_4_
100
AcDbLine
 10
-277.9021782404778
 20
392.1954650254578
 30
0.0
 11
-277.9021782404778
 21
390.6954650254578
 31
0.0
  0
ARC
  5
56F
330
70
100
AcDbEntity
  8
final_table_top_design v3_depths$3_4_
100
AcDbCircle
 10
276.4530732200401
 20
407.2638660484308
 30
0.0
 40
1.273166980642669
210
0.0
220
0.0
230
-1.0
100
AcDbArc
 50
0.0
 51
0.0
  0
LINE
  5
570
330
70
100
AcDbEntity
  8
final_table_top_design v3_depths$3_4_
100
AcDbLine
 10
-229.8982724565297
 20
388.1215494168064
 30
0.0
 11
-229.9068606702397
 21
388.1265078243039
 31
0.0
  0
LINE
  5
571
330
70
100
AcDbEntity
  8
final_table_top_design v3_depths$3_4_
100
AcDbLine
 10
-275.9021782404778
 20
417.692174982069
 30
0.0
 11
-275.9021782404779
 21
417.191992133181
 31
0.0
  0
LINE
  5
572
330
70
100
AcDbEntity
  8
final_table_top_design v3_depths$3_4_
100
AcDbLine
 10
-277.9021782404778
 20
429.1954650254578
 30
0.0
 11
-278.6521782404778
 21
429.1954650254578
 31
0.0
  0
CIRCLE
  5
573
330
70
100
AcDbEntity
  8
final_table_top_design v3_depths$3_4_
100
AcDbCircle
 10
-240.657223559472
 20
408.1954650254577
 30
0.0
 40
1.499999999999989
  0
CIRCLE
  5
574
330
70
100
AcDbEntity
  8
final_table_top_design v3_depths$3_4_
100
AcDbCircle
 10
-230.1521782404778
 20
429.6655042445215
 30
0.0
 40
0.9999999999999927
  0
CIRCLE
  5
575
330
70
100
AcDbEntity
  8
final_table_top_design v3_depths$3_4_
100
AcDbCircle
 10
-230.5896782404778
 20
406.2579650254578
 30
0.0
 40
1.499999999999989
  0
SPLINE
  5
576
330
70
100
AcDbEntity
  8
final_table_top_design v3_depths$3_4_
100
AcDbSpline
210
0.0
220
0.0
230
1.0
 70
     8
 71
     3
 72
    15
 73
    11
 74
     0
 42
0.000000001
 43
0.0000000001
 40
9.544203799818076
 40
9.544203799818076
 40
9.544203799818076
 40
9.544203799818076
 40
9.631377801240233
 40
9.723847117642687
 40
9.825700571018424
 40
9.940231451976979
 40
10.06992700418131
 40
10.32367505607716
 40
10.69419849828469
 40
11.13904086178217
 40
11.13904086178217
 40
11.13904086178217
 40
11.13904086178217
 10
-271.2319358458621
 20
401.6551012113821
 30
0.0
 10
-271.2319358458621
 20
401.626043210908
 30
0.0
 10
-271.2410242721743
 20
401.5662543028555
 30
0.0
 10
-271.2788574069649
 20
401.4796887147527
 30
0.0
 10
-271.3382098870854
 20
401.3951410529038
 30
0.0
 10
-271.4174468403925
 20
401.3110154216405
 30
0.0
 10
-271.5434285402203
 20
401.2026562534407
 30
0.0
 10
-271.7496747550066
 20
401.0585160403827
 30
0.0
 10
-272.0572270920294
 20
400.8781700467314
 30
0.0
 10
-272.2979342253136
 20
400.7518734606987
 30
0.0
 10
-272.4300170971252
 20
400.6844842403867
 30
0.0
  0
LINE
  5
577
330
70
100
AcDbEntity
  8
final_table_top_design v3_depths$3_4_
100
AcDbLine
 10
-275.4021782404779
 20
401.6944712901223
 30
0.0
 11
-271.3106760033424
 21
401.6944712901223
 31
0.0
  0
LINE
  5
578
330
70
100
AcDbEntity
  8
final_table_top_design v3_depths$3_4_
100
AcDbLine
 10
-238.6521782404778
 20
429.1954650254578
 30
0.0
 11
-238.6521782404778
 21
427.6954650254578
 31
0.0
  0
CIRCLE
  5
579
330
70
100
AcDbEntity
  8
final_table_top_design v3_depths$3_4_
100
AcDbCircle
 10
-230.5896782404778
 20
402.3829650254578
 30
0.0
 40
1.499999999999989
  0
CIRCLE
  5
57A
330
70
100
AcDbEntity
  8
final_table_top_design v3_depths$3_4_
100
AcDbCircle
 10
-230.1521782404778
 20
429.6655042445215
 30
0.0
 40
1.499999999999989
  0
LINE
  5
57B
330
70
100
AcDbEntity
  8
final_table_top_design v3_depths$3_4_
100
AcDbLine
 10
-272.7107553760074
 20
400.4105457376812
 30
0.0
 11
-275.3234380829975
 21
400.4105457376812
 31
0.0
  0
CIRCLE
  5
57C
330
70
100
AcDbEntity
  8
final_table_top_design v3_depths$3_4_
100
AcDbCircle
 10
-240.657223559472
 20
408.1954650254577
 30
0.0
 40
0.9999999999999927
  0
ARC
  5
57D
330
70
100
AcDbEntity
  8
final_table_top_design v3_depths$3_4_
100
AcDbCircle
 10
-276.4530732200401
 20
407.2638660484308
 30
0.0
 40
1.273166980642669
100
AcDbArc
 50
180.0
 51
295.6388130708146
  0
CIRCLE
  5
57E
330
70
100
AcDbEntity
  8
final_table_top_design v3_depths$3_4_
100
AcDbCircle
 10
-230.5896782404778
 20
402.3829650254578
 30
0.0
 40
1.499999999999989
  0
LINE
  5
57F
330
70
100
AcDbEntity
  8
final_table_top_design v3_depths$3_4_
100
AcDbLine
 10
-277.9021782404778
 20
424.1954650254577
 30
0.0
 11
-277.9021782404778
 21
425.6954650254578
 31
0.0
  0
LINE
  5
580
330
70
100
AcDbEntity
  8
final_table_top_design v3_depths$3_4_
100
AcDbLine
 10
-280.0906720619545
 20
403.2210966831319
 30
0.0
 11
-280.0906720619545
 21
401.6551012113821
 31
0.0
  0
LINE
  5
581
330
70
100
AcDbEntity
  8
final_table_top_design v3_depths$3_4_
100
AcDbLine
 10
-280.0906720619545
 20
412.9663415479946
 30
0.0
 11
-280.0906720619545
 21
411.221096683132
 31
0.0
  0
CIRCLE
  5
582
330
70
100
AcDbEntity
  8
final_table_top_design v3_depths$3_4_
100
AcDbCircle
 10
-230.5896782404778
 20
402.3829650254578
 30
0.0
 40
0.9999999999999927
  0
ARC
  5
583
330
70
100
AcDbEntity
  8
final_table_top_design v3_depths$3_4_
100
AcDbCircle
 10
276.4530732200401
 20
409.1736165193948
 30
0.0
 40
0.6365834903213124
210
0.0
220
0.0
230
-1.0
100
AcDbArc
 50
0.0
 51
149.9276259803888
  0
LINE
  5
584
330
70
100
AcDbEntity
  8
final_table_top_design v3_depths$3_4_
100
AcDbLine
 10
-238.6521782404778
 20
425.6954650254578
 30
0.0
 11
-238.6521782404778
 21
425.5247118500625
 31
0.0
  0
LINE
  5
585
330
70
100
AcDbEntity
  8
final_table_top_design v3_depths$3_4_
100
AcDbLine
 10
-276.6521782404778
 20
416.4454650254578
 30
0.0
 11
-276.6521782404778
 21
416.1954650254577
 31
0.0
  0
LINE
  5
586
330
70
100
AcDbEntity
  8
final_table_top_design v3_depths$3_4_
100
AcDbLine
 10
-275.4021782404779
 20
400.3711756589411
 30
0.0
 11
-275.4021782404779
 21
401.6944712901223
 31
0.0
  0
CIRCLE
  5
587
330
70
100
AcDbEntity
  8
final_table_top_design v3_depths$3_4_
100
AcDbCircle
 10
-240.657223559472
 20
408.1954650254577
 30
0.0
 40
1.937500000000012
  0
SPLINE
  5
588
330
70
100
AcDbEntity
  8
final_table_top_design v3_depths$3_4_
100
AcDbSpline
210
0.0
220
0.0
230
1.0
 70
    12
 71
     2
 72
     8
 73
     5
 74
     0
 42
0.000000001
 43
0.0000000001
 40
10.37973942941414
 40
10.37973942941414
 40
10.37973942941414
 40
11.74557428756428
 40
11.74557428756428
 40
13.11140914571438
 40
13.11140914571438
 40
13.11140914571438
 10
-275.9021782404778
 20
416.7520995411222
 30
0.0
 41
0.933538525052524
 10
-276.2889833185799
 20
416.7021643638262
 30
0.0
 41
0.7453242274970994
 10
-276.2889833185799
 20
416.439503963908
 30
0.0
 41
1.0
 10
-276.2889833185799
 20
416.1768435639898
 30
0.0
 41
0.7453242274971059
 10
-275.9021782404778
 20
416.1269083866939
 30
0.0
 41
0.933538525052514
  0
LINE
  5
589
330
70
100
AcDbEntity
  8
final_table_top_design v3_depths$3_4_
100
AcDbLine
 10
-238.6521782404778
 20
390.6954650254578
 30
0.0
 11
-238.6521782404778
 21
390.8662182009853
 31
0.0
  0
CIRCLE
  5
58A
330
70
100
AcDbEntity
  8
final_table_top_design v3_depths$3_4_
100
AcDbCircle
 10
-230.5896782404778
 20
402.3829650254578
 30
0.0
 40
0.9999999999999927
  0
LINE
  5
58B
330
70
100
AcDbEntity
  8
final_table_top_design v3_depths$3_4_
100
AcDbLine
 10
-277.9021782404778
 20
427.6954650254578
 30
0.0
 11
-277.9021782404778
 21
429.1954650254578
 31
0.0
  0
CIRCLE
  5
58C
330
70
100
AcDbEntity
  8
final_table_top_design v3_depths$3_4_
100
AcDbCircle
 10
-230.5896782404778
 20
414.0079650254578
 30
0.0
 40
1.937500000000012
  0
LINE
  5
58D
330
70
100
AcDbEntity
  8
final_table_top_design v3_depths$3_4_
100
AcDbLine
 10
-238.6521782404778
 20
390.6954650254578
 30
0.0
 11
-238.6521782404778
 21
390.8662182009853
 31
0.0
  0
CIRCLE
  5
58E
330
70
100
AcDbEntity
  8
final_table_top_design v3_depths$3_4_
100
AcDbCircle
 10
-233.9455266801426
 20
412.0704650254577
 30
0.0
 40
0.9999999999999927
  0
CIRCLE
  5
58F
330
70
100
AcDbEntity
  8
final_table_top_design v3_depths$3_4_
100
AcDbCircle
 10
-230.5896782404778
 20
406.2579650254578
 30
0.0
 40
1.937500000000012
  0
LINE
  5
590
330
70
100
AcDbEntity
  8
final_table_top_design v3_depths$3_4_
100
AcDbLine
 10
-240.9545012764925
 20
424.1954650254577
 30
0.0
 11
-238.6521782404778
 21
425.5247118500625
 31
0.0
  0
CIRCLE
  5
591
330
70
100
AcDbEntity
  8
final_table_top_design v3_depths$3_4_
100
AcDbCircle
 10
-233.9455266801426
 20
404.3204650254577
 30
0.0
 40
1.937500000000012
  0
CIRCLE
  5
592
330
70
100
AcDbEntity
  8
final_table_top_design v3_depths$3_4_
100
AcDbCircle
 10
-230.5896782404778
 20
402.3829650254578
 30
0.0
 40
1.937500000000012
  0
SPLINE
  5
593
330
70
100
AcDbEntity
  8
final_table_top_design v3_depths$3_4_
100
AcDbSpline
210
0.0
220
0.0
230
1.0
 70
     8
 71
     3
 72
    11
 73
     7
 74
     0
 42
0.000000001
 43
0.0000000001
 40
11.13904086178217
 40
11.13904086178217
 40
11.13904086178217
 40
11.13904086178217
 40
11.20527073067425
 40
11.29226695768239
 40
11.40317045327953
 40
11.5390980541477
 40
11.5390980541477
 40
11.5390980541477
 40
11.5390980541477
 10
-272.4300170971252
 20
400.6844842403867
 30
0.0
 10
-272.4496821110735
 20
400.674451070005
 30
0.0
 10
-272.4900608842338
 20
400.6422282859401
 30
0.0
 10
-272.5445907163269
 20
400.5726958845719
 30
0.0
 10
-272.5987243558081
 20
400.4751790301977
 30
0.0
 10
-272.6309083401899
 20
400.3993902745611
 30
0.0
 10
-272.647126697826
 20
400.3570832006083
 30
0.0
  0
LINE
  5
594
330
70
100
AcDbEntity
  8
final_table_top_design v3_depths$3_4_
100
AcDbLine
 10
-275.9021782404778
 20
416.7520995411222
 30
0.0
 11
-275.9021782404778
 21
416.9454650254578
 31
0.0
  0
LINE
  5
595
330
70
100
AcDbEntity
  8
final_table_top_design v3_depths$3_4_
100
AcDbLine
 10
-276.6521782404778
 20
416.1954650254577
 30
0.0
 11
-276.6521782404778
 21
415.9187548319537
 31
0.0
  0
CIRCLE
  5
596
330
70
100
AcDbEntity
  8
final_table_top_design v3_depths$3_4_
100
AcDbCircle
 10
-230.1521782404778
 20
386.6467040232098
 30
0.0
 40
1.937500000000012
  0
CIRCLE
  5
597
330
70
100
AcDbEntity
  8
final_table_top_design v3_depths$3_4_
100
AcDbCircle
 10
-237.3013751198072
 20
406.2579650254577
 30
0.0
 40
0.9999999999999927
  0
LINE
  5
598
330
70
100
AcDbEntity
  8
final_table_top_design v3_depths$3_4_
100
AcDbLine
 10
-279.6359906716467
 20
406.6272825581095
 30
0.0
 11
-278.9185504765251
 21
406.6272825581095
 31
0.0
  0
LINE
  5
599
330
70
100
AcDbEntity
  8
final_table_top_design v3_depths$3_4_
100
AcDbLine
 10
-275.9021782404779
 20
417.191992133181
 30
0.0
 11
-275.9021782404778
 21
416.9454650254578
 31
0.0
  0
CIRCLE
  5
59A
330
70
100
AcDbEntity
  8
final_table_top_design v3_depths$3_4_
100
AcDbCircle
 10
-230.1521782404778
 20
386.6467040232098
 30
0.0
 40
0.9999999999999927
  0
LINE
  5
59B
330
70
100
AcDbEntity
  8
final_table_top_design v3_depths$3_4_
100
AcDbLine
 10
-278.6754812099906
 20
400.3570832006083
 30
0.0
 11
-278.6657910695565
 21
400.3318055802009
 31
0.0
  0
LINE
  5
59C
330
70
100
AcDbEntity
  8
final_table_top_design v3_depths$3_4_
100
AcDbLine
 10
-228.6521782418515
 20
385.14699598765
 30
0.0
 11
-236.6521782411979
 21
385.1454386923949
 31
0.0
  0
SPLINE
  5
59D
330
70
100
AcDbEntity
  8
final_table_top_design v3_depths$3_4_
100
AcDbSpline
210
0.0
220
0.0
230
1.0
 70
     8
 71
     3
 72
    11
 73
     7
 74
     0
 42
0.000000001
 43
0.0000000001
 40
3.052577030845768
 40
3.052577030845768
 40
3.052577030845768
 40
3.052577030845768
 40
3.142298399289093
 40
3.245500127148598
 40
3.355453287610636
 40
3.483246931305883
 40
3.483246931305883
 40
3.483246931305883
 40
3.483246931305883
 10
-278.8568057444168
 20
400.7546229702851
 30
0.0
 10
-278.8301656197809
 20
400.7410310699607
 30
0.0
 10
-278.7786266691004
 20
400.7013532037961
 30
0.0
 10
-278.7159833008433
 20
400.6215979977203
 30
0.0
 10
-278.6595899424163
 20
400.5227301554627
 30
0.0
 10
-278.6276660448415
 20
400.4500996539349
 30
0.0
 10
-278.6118525318091
 20
400.4105457376812
 30
0.0
  0
LINE
  5
59E
330
70
100
AcDbEntity
  8
final_table_top_design v3_depths$3_4_
100
AcDbLine
 10
-279.6359906716467
 20
405.9906990677882
 30
0.0
 11
-278.6582631170322
 21
405.9906990677882
 31
0.0
  0
ARC
  5
59F
330
70
100
AcDbEntity
  8
final_table_top_design v3_depths$3_4_
100
AcDbCircle
 10
-276.4530732200401
 20
407.2638660484308
 30
0.0
 40
2.546333961285294
100
AcDbArc
 50
180.0
 51
194.4775121859306
  0
LINE
  5
5A0
330
70
100
AcDbEntity
  8
final_table_top_design v3_depths$3_4_
100
AcDbLine
 10
-280.0119319044742
 20
403.2210966831319
 30
0.0
 11
-280.0119319044742
 21
411.221096683132
 31
0.0
  0
LINE
  5
5A1
330
70
100
AcDbEntity
  8
final_table_top_design v3_depths$3_4_
100
AcDbLine
 10
-275.9021782404778
 20
401.6944712901223
 30
0.0
 11
-280.0119319044742
 21
401.6944712901223
 31
0.0
  0
CIRCLE
  5
5A2
330
70
100
AcDbEntity
  8
final_table_top_design v3_depths$3_4_
100
AcDbCircle
 10
-230.5896782404778
 20
414.0079650254578
 30
0.0
 40
0.9999999999999927
  0
CIRCLE
  5
5A3
330
70
100
AcDbEntity
  8
final_table_top_design v3_depths$3_4_
100
AcDbCircle
 10
-237.3013751198072
 20
410.1329650254577
 30
0.0
 40
0.9999999999999927
  0
LINE
  5
5A4
330
70
100
AcDbEntity
  8
final_table_top_design v3_depths$3_4_
100
AcDbLine
 10
-238.6521782404778
 20
387.1954650254578
 30
0.0
 11
-238.6521782404778
 21
388.6954650254578
 31
0.0
  0
LINE
  5
5A5
330
70
100
AcDbEntity
  8
final_table_top_design v3_depths$3_4_
100
AcDbLine
 10
-240.9545012762051
 20
392.1954650254578
 30
0.0
 11
-238.6521782404778
 21
390.8662182009853
 31
0.0
  0
LINE
  5
5A6
330
70
100
AcDbEntity
  8
final_table_top_design v3_depths$3_4_
100
AcDbLine
 10
-236.6521782405018
 20
431.1644859206784
 30
0.0
 11
-228.6521782406393
 21
431.1657392649882
 31
0.0
  0
LINE
  5
5A7
330
70
100
AcDbEntity
  8
final_table_top_design v3_depths$3_4_
100
AcDbLine
 10
-236.6521782405013
 20
424.3700113116697
 30
0.0
 11
-236.6521782405017
 21
431.1644859206785
 31
0.0
  0
CIRCLE
  5
5A8
330
70
100
AcDbEntity
  8
final_table_top_design v3_depths$3_4_
100
AcDbCircle
 10
-230.5896782404778
 20
414.0079650254578
 30
0.0
 40
1.499999999999989
  0
CIRCLE
  5
5A9
330
70
100
AcDbEntity
  8
final_table_top_design v3_depths$3_4_
100
AcDbCircle
 10
-233.9455266801426
 20
408.1954650254577
 30
0.0
 40
0.9999999999999927
  0
CIRCLE
  5
5AA
330
70
100
AcDbEntity
  8
final_table_top_design v3_depths$3_4_
100
AcDbCircle
 10
-233.9455266801426
 20
408.1954650254577
 30
0.0
 40
1.499999999999989
  0
LINE
  5
5AB
330
70
100
AcDbEntity
  8
final_table_top_design v3_depths$3_4_
100
AcDbLine
 10
-236.6521782411979
 20
385.1454386923949
 30
0.0
 11
-236.6521782410946
 21
392.0209187397059
 31
0.0
  0
LINE
  5
5AC
330
70
100
AcDbEntity
  8
final_table_top_design v3_depths$3_4_
100
AcDbLine
 10
-277.9021782404778
 20
390.6954650254578
 30
0.0
 11
-312.6521782404779
 21
390.6954650254578
 31
0.0
  0
LINE
  5
5AD
330
70
100
AcDbEntity
  8
final_table_top_design v3_depths$3_4_
100
AcDbLine
 10
-236.6521782410946
 20
392.0209187397059
 30
0.0
 11
-264.6673141971338
 21
408.1954650257221
 31
0.0
  0
LINE
  5
5AE
330
70
100
AcDbEntity
  8
final_table_top_design v3_depths$3_4_
100
AcDbLine
 10
-270.9617624806544
 20
418.6954650254578
 30
0.0
 11
-250.4807807181202
 21
418.6954650254578
 31
0.0
  0
LINE
  5
5AF
330
70
100
AcDbEntity
  8
final_table_top_design v3_depths$3_4_
100
AcDbLine
 10
-306.9228526823957
 20
394.1954650254579
 30
0.0
 11
-304.3247764710427
 21
395.6954650254579
 31
0.0
  0
CIRCLE
  5
5B0
330
70
100
AcDbEntity
  8
final_table_top_design v3_depths$3_4_
100
AcDbCircle
 10
-320.7146782404779
 20
414.0293841968285
 30
0.0
 40
0.9999999999999927
  0
ARC
  5
5B1
330
70
100
AcDbEntity
  8
final_table_top_design v3_depths$3_4_
100
AcDbCircle
 10
-275.6521782404778
 20
408.1954650254577
 30
0.0
 40
11.50000000000001
100
AcDbArc
 50
51.5000495907525
 51
65.92938537743339
  0
LINE
  5
5B2
330
70
100
AcDbEntity
  8
final_table_top_design v3_depths$3_4_
100
AcDbLine
 10
-314.6521782404778
 20
385.1954650254578
 30
0.0
 11
-314.6521782404778
 21
392.042337910603
 31
0.0
  0
SPLINE
  5
5B3
330
70
100
AcDbEntity
  8
final_table_top_design v3_depths$3_4_
100
AcDbSpline
210
0.0
220
0.0
230
1.0
 70
     8
 71
     3
 72
    16
 73
    12
 74
     0
 42
0.000000001
 43
0.0000000001
 40
-4.363278352409561
 40
-4.363278352409561
 40
-4.363278352409561
 40
-4.363278352409561
 40
-3.651072231991443
 40
-3.397775889225423
 40
-3.192692229004138
 40
-2.879627622702586
 40
-2.645470312224977
 40
-2.437259721648083
 40
-2.225887697690821
 40
-1.992371438804383
 40
-1.74374077519125
 40
-1.74374077519125
 40
-1.74374077519125
 40
-1.74374077519125
 10
-272.1668301813831
 20
415.4044132653616
 30
0.0
 10
-272.0907433349221
 20
415.1795343635991
 30
0.0
 10
-271.9782527137118
 20
414.877705643752
 30
0.0
 10
-271.8162284850856
 20
414.5225871763744
 30
0.0
 10
-271.7015696911654
 20
414.2924116872129
 30
0.0
 10
-271.5879370466485
 20
414.0688898459165
 30
0.0
 10
-271.4780956264582
 20
413.8422101853884
 30
0.0
 10
-271.3976970556027
 20
413.6394814347414
 30
0.0
 10
-271.331209497136
 20
413.4321187340555
 30
0.0
 10
-271.2695028457976
 20
413.2092658920872
 30
0.0
 10
-271.2407944401251
 20
413.0508139265363
 30
0.0
 10
-271.2321505657282
 20
412.9683890396477
 30
0.0
  0
LINE
  5
5B4
330
70
100
AcDbEntity
  8
final_table_top_design v3_depths$3_4_
100
AcDbLine
 10
-265.5526733021157
 20
413.6954650254578
 30
0.0
 11
-259.1410347559636
 21
413.6954650254578
 31
0.0
  0
LINE
  5
5B5
330
70
100
AcDbEntity
  8
final_table_top_design v3_depths$3_4_
100
AcDbLine
 10
-298.1884004590093
 20
417.1954650254578
 30
0.0
 11
-300.7864766702962
 21
418.6954650254578
 31
0.0
  0
LINE
  5
5B6
330
70
100
AcDbEntity
  8
final_table_top_design v3_depths$3_4_
100
AcDbLine
 10
-273.4021782404778
 20
390.6954650254578
 30
0.0
 11
-238.6521782404778
 21
390.6954650254578
 31
0.0
  0
LINE
  5
5B7
330
70
100
AcDbEntity
  8
final_table_top_design v3_depths$3_4_
100
AcDbLine
 10
-277.9021782404778
 20
422.1954650254578
 30
0.0
 11
-306.8486544966325
 21
422.1954650254578
 31
0.0
  0
LINE
  5
5B8
330
70
100
AcDbEntity
  8
final_table_top_design v3_depths$3_4_
100
AcDbLine
 10
-277.9021782404778
 20
429.1954650254578
 30
0.0
 11
-278.6521782404778
 21
429.1954650254578
 31
0.0
  0
LINE
  5
5B9
330
70
100
AcDbEntity
  8
final_table_top_design v3_depths$3_4_
100
AcDbLine
 10
-240.9545012762051
 20
392.1954650254578
 30
0.0
 11
-273.4021782404778
 21
392.1954650254578
 31
0.0
  0
LINE
  5
5BA
330
70
100
AcDbEntity
  8
final_table_top_design v3_depths$3_4_
100
AcDbLine
 10
-277.7262402006828
 20
409.1736165193948
 30
0.0
 11
-277.7262402006828
 21
407.2638660484308
 31
0.0
  0
LINE
  5
5BB
330
70
100
AcDbEntity
  8
final_table_top_design v3_depths$3_4_
100
AcDbLine
 10
-256.5429585439269
 20
401.1954650254578
 30
0.0
 11
-266.5280344450305
 21
401.1954650254578
 31
0.0
  0
CIRCLE
  5
5BC
330
70
100
AcDbEntity
  8
final_table_top_design v3_depths$3_4_
100
AcDbCircle
 10
-317.3588298008131
 20
404.3418841968286
 30
0.0
 40
0.9999999999999927
  0
LINE
  5
5BD
330
70
100
AcDbEntity
  8
final_table_top_design v3_depths$3_4_
100
AcDbLine
 10
-314.6521782404778
 20
424.3914304829364
 30
0.0
 11
-286.6370422838219
 21
408.216884196564
 31
0.0
  0
CIRCLE
  5
5BE
330
70
100
AcDbEntity
  8
final_table_top_design v3_depths$3_4_
100
AcDbCircle
 10
-320.7146782404779
 20
414.0293841968285
 30
0.0
 40
1.499999999999989
  0
CIRCLE
  5
5BF
330
70
100
AcDbEntity
  8
final_table_top_design v3_depths$3_4_
100
AcDbCircle
 10
-237.3013751198072
 20
406.2579650254577
 30
0.0
 40
1.937500000000012
  0
CIRCLE
  5
5C0
330
70
100
AcDbEntity
  8
final_table_top_design v3_depths$3_4_
100
AcDbCircle
 10
-237.3013751198072
 20
406.2579650254577
 30
0.0
 40
1.499999999999989
  0
CIRCLE
  5
5C1
330
70
100
AcDbEntity
  8
final_table_top_design v3_depths$3_4_
100
AcDbCircle
 10
-230.1521782404778
 20
386.6467040232098
 30
0.0
 40
1.499999999999989
  0
LINE
  5
5C2
330
70
100
AcDbEntity
  8
final_table_top_design v3_depths$3_4_
100
AcDbLine
 10
-277.9021782404778
 20
394.1954650254579
 30
0.0
 11
-306.9228526823956
 21
394.1954650254579
 31
0.0
  0
LINE
  5
5C3
330
70
100
AcDbEntity
  8
final_table_top_design v3_depths$3_4_
100
AcDbLine
 10
-310.3869542975331
 20
392.1954650254578
 30
0.0
 11
-277.9021782404778
 21
392.1954650254578
 31
0.0
  0
LINE
  5
5C4
330
70
100
AcDbEntity
  8
final_table_top_design v3_depths$3_4_
100
AcDbLine
 10
-277.9021782404778
 20
422.1954650254578
 30
0.0
 11
-306.8486544966325
 21
422.1954650254578
 31
0.0
  0
CIRCLE
  5
5C5
330
70
100
AcDbEntity
  8
final_table_top_design v3_depths$3_4_
100
AcDbCircle
 10
-230.5896782404778
 20
402.3829650254578
 30
0.0
 40
0.9999999999999927
  0
CIRCLE
  5
5C6
330
70
100
AcDbEntity
  8
final_table_top_design v3_depths$3_4_
100
AcDbCircle
 10
-317.3588298008131
 20
408.2168841968284
 30
0.0
 40
0.9999999999999927
  0
CIRCLE
  5
5C7
330
70
100
AcDbEntity
  8
final_table_top_design v3_depths$3_4_
100
AcDbCircle
 10
-310.6471329214837
 20
408.2168841968284
 30
0.0
 40
0.9999999999999927
  0
LINE
  5
5C8
330
70
100
AcDbEntity
  8
final_table_top_design v3_depths$3_4_
100
AcDbLine
 10
-256.5429585446106
 20
415.1954650254578
 30
0.0
 11
-266.5280344450305
 21
415.1954650254578
 31
0.0
  0
LINE
  5
5C9
330
70
100
AcDbEntity
  8
final_table_top_design v3_depths$3_4_
100
AcDbLine
 10
-279.1415764841573
 20
415.4463858258875
 30
0.0
 11
-279.1557777264334
 21
415.4044132653616
 31
0.0
  0
CIRCLE
  5
5CA
330
70
100
AcDbEntity
  8
final_table_top_design v3_depths$3_4_
100
AcDbCircle
 10
-230.5896782404778
 20
406.2579650254578
 30
0.0
 40
0.9999999999999927
  0
LINE
  5
5CB
330
70
100
AcDbEntity
  8
final_table_top_design v3_depths$3_4_
100
AcDbLine
 10
-322.6521782404778
 20
385.1954650254578
 30
0.0
 11
-275.9021782404778
 21
385.1954650254578
 31
0.0
  0
LINE
  5
5CC
330
70
100
AcDbEntity
  8
final_table_top_design v3_depths$3_4_
100
AcDbLine
 10
-312.6521782404779
 20
387.1954650254578
 30
0.0
 11
-312.6521782404779
 21
388.6954650254578
 31
0.0
  0
LINE
  5
5CD
330
70
100
AcDbEntity
  8
final_table_top_design v3_depths$3_4_
100
AcDbLine
 10
-247.0166791025413
 20
395.6954650254578
 30
0.0
 11
-273.4021782404778
 21
395.6954650254578
 31
0.0
  0
LINE
  5
5CE
330
70
100
AcDbEntity
  8
final_table_top_design v3_depths$3_4_
100
AcDbLine
 10
-277.9021782404778
 20
424.1954650254577
 30
0.0
 11
-277.9021782404778
 21
425.6954650254578
 31
0.0
  0
CIRCLE
  5
5CF
330
70
100
AcDbEntity
  8
final_table_top_design v3_depths$3_4_
100
AcDbCircle
 10
-233.9455266801426
 20
404.3204650254577
 30
0.0
 40
1.499999999999989
  0
LINE
  5
5D0
330
70
100
AcDbEntity
  8
final_table_top_design v3_depths$3_4_
100
AcDbLine
 10
-275.3234380829975
 20
401.615731132642
 30
0.0
 11
-271.3141818872951
 21
401.615731132642
 31
0.0
  0
ARC
  5
5D1
330
70
100
AcDbEntity
  8
final_table_top_design v3_depths$3_4_
100
AcDbCircle
 10
-276.4530732200401
 20
407.2638660484308
 30
0.0
 40
2.546333961285279
100
AcDbArc
 50
209.9999999999991
 51
282.4946401056687
  0
LINE
  5
5D2
330
70
100
AcDbEntity
  8
final_table_top_design v3_depths$3_4_
100
AcDbLine
 10
-275.9021782404778
 20
415.3938223272611
 30
0.0
 11
-278.9865509543226
 21
415.3938223272611
 31
0.0
  0
LINE
  5
5D3
330
70
100
AcDbEntity
  8
final_table_top_design v3_depths$3_4_
100
AcDbLine
 10
-275.4021782404779
 20
416.7520995411222
 30
0.0
 11
-275.4021782404779
 21
416.1269083866939
 31
0.0
  0
CIRCLE
  5
5D4
330
70
100
AcDbEntity
  8
final_table_top_design v3_depths$3_4_
100
AcDbCircle
 10
-233.9455266801426
 20
412.0704650254577
 30
0.0
 40
1.499999999999989
  0
LINE
  5
5D5
330
70
100
AcDbEntity
  8
final_table_top_design v3_depths$3_4_
100
AcDbLine
 10
-275.9021782404778
 20
385.1954650254578
 30
0.0
 11
-275.9021782404778
 21
398.6987550688466
 31
0.0
  0
LINE
  5
5D6
330
70
100
AcDbEntity
  8
final_table_top_design v3_depths$3_4_
100
AcDbLine
 10
-271.2321505657282
 20
412.9683890396477
 30
0.0
 11
-271.231935845862
 21
412.9663415479945
 31
0.0
  0
LINE
  5
5D7
330
70
100
AcDbEntity
  8
final_table_top_design v3_depths$3_4_
100
AcDbLine
 10
-240.9545012762051
 20
392.1954650254578
 30
0.0
 11
-273.4021782404778
 21
392.1954650254578
 31
0.0
  0
LINE
  5
5D8
330
70
100
AcDbEntity
  8
final_table_top_design v3_depths$3_4_
100
AcDbLine
 10
-272.6521782404778
 20
429.1954650254578
 30
0.0
 11
-238.6521782404778
 21
429.1954650254578
 31
0.0
  0
LINE
  5
5D9
330
70
100
AcDbEntity
  8
final_table_top_design v3_depths$3_4_
100
AcDbLine
 10
-275.4021782404779
 20
415.9187548319537
 30
0.0
 11
-272.3360569534944
 21
415.9187548319537
 31
0.0
  0
LINE
  5
5DA
330
70
100
AcDbEntity
  8
final_table_top_design v3_depths$3_4_
100
AcDbLine
 10
-238.6521782404778
 20
388.6954650254578
 30
0.0
 11
-273.4021782404778
 21
388.6954650254578
 31
0.0
  0
LINE
  5
5DB
330
70
100
AcDbEntity
  8
final_table_top_design v3_depths$3_4_
100
AcDbLine
 10
-240.9545012764925
 20
424.1954650254577
 30
0.0
 11
-273.4021782404778
 21
424.1954650254577
 31
0.0
  0
LINE
  5
5DC
330
70
100
AcDbEntity
  8
final_table_top_design v3_depths$3_4_
100
AcDbLine
 10
-277.9021782404778
 20
394.1954650254579
 30
0.0
 11
-306.9228526823956
 21
394.1954650254579
 31
0.0
  0
LINE
  5
5DD
330
70
100
AcDbEntity
  8
final_table_top_design v3_depths$3_4_
100
AcDbLine
 10
-273.4021782404778
 20
420.6954650254577
 30
0.0
 11
-273.4021782404778
 21
422.1954650254578
 31
0.0
  0
CIRCLE
  5
5DE
330
70
100
AcDbEntity
  8
final_table_top_design v3_depths$3_4_
100
AcDbCircle
 10
-230.5896782404778
 20
402.3829650254578
 30
0.0
 40
1.499999999999989
  0
LINE
  5
5DF
330
70
100
AcDbEntity
  8
final_table_top_design v3_depths$3_4_
100
AcDbLine
 10
-270.9617624806544
 20
397.6954650254579
 30
0.0
 11
-250.4807807175906
 21
397.6954650254579
 31
0.0
  0
LINE
  5
5E0
330
70
100
AcDbEntity
  8
final_table_top_design v3_depths$3_4_
100
AcDbLine
 10
-277.0896567103614
 20
409.1736165193948
 30
0.0
 11
-277.0896567103613
 21
408.3664609969269
 31
0.0
  0
SPLINE
  5
5E1
330
70
100
AcDbEntity
  8
final_table_top_design v3_depths$3_4_
100
AcDbSpline
210
0.0
220
0.0
230
1.0
 70
    12
 71
     2
 72
     8
 73
     5
 74
     0
 42
0.000000001
 43
0.0000000001
 40
0.2499999999999858
 40
0.2499999999999858
 40
0.2499999999999858
 40
0.2500000690563164
 40
0.2500000690563164
 40
1.820796464907533
 40
1.820796464907533
 40
1.820796464907533
 10
-274.6521782404778
 20
416.4454649943714
 30
0.0
 41
0.9999999742472926
 10
-274.6521782404778
 20
416.4454650099146
 30
0.0
 41
0.9999999871236456
 10
-274.6521782404778
 20
416.4454650254578
 30
0.0
 41
1.0
 10
-274.6521782404778
 20
416.9454650254578
 30
0.0
 41
0.7071067811865475
 10
-275.4021782404779
 20
416.9454650254578
 30
0.0
 41
1.0
  0
LINE
  5
5E2
330
70
100
AcDbEntity
  8
final_table_top_design v3_depths$3_4_
100
AcDbLine
 10
-238.6521782404778
 20
387.1954650254578
 30
0.0
 11
-238.6521782404778
 21
388.6954650254578
 31
0.0
  0
LINE
  5
5E3
330
70
100
AcDbEntity
  8
final_table_top_design v3_depths$3_4_
100
AcDbLine
 10
-278.6521782404778
 20
429.1954650254578
 30
0.0
 11
-312.6521782404779
 21
429.1954650254578
 31
0.0
  0
LINE
  5
5E4
330
70
100
AcDbEntity
  8
final_table_top_design v3_depths$3_4_
100
AcDbLine
 10
-273.4021782404778
 20
390.6954650254578
 30
0.0
 11
-238.6521782404778
 21
390.6954650254578
 31
0.0
  0
ARC
  5
5E5
330
70
100
AcDbEntity
  8
final_table_top_design v3_depths$3_4_
100
AcDbCircle
 10
276.4530732200401
 20
407.2638660484308
 30
0.0
 40
1.273166980642637
210
0.0
220
0.0
230
-1.0
100
AcDbArc
 50
60.00000000000311
 51
115.6388130708158
  0
LINE
  5
5E6
330
70
100
AcDbEntity
  8
final_table_top_design v3_depths$3_4_
100
AcDbLine
 10
-273.2701557684335
 20
409.8102000097161
 30
0.0
 11
-273.9067392587548
 21
409.8102000097161
 31
0.0
  0
CIRCLE
  5
5E7
330
70
100
AcDbEntity
  8
final_table_top_design v3_depths$3_4_
100
AcDbCircle
 10
-321.1521782404779
 20
386.6954650254578
 30
0.0
 40
1.499999999999989
  0
LINE
  5
5E8
330
70
100
AcDbEntity
  8
final_table_top_design v3_depths$3_4_
100
AcDbLine
 10
-253.0788569294732
 20
417.1954650254578
 30
0.0
 11
-268.4932677088397
 21
417.1954650254578
 31
0.0
  0
CIRCLE
  5
5E9
330
70
100
AcDbEntity
  8
final_table_top_design v3_depths$3_4_
100
AcDbCircle
 10
-317.3588298008131
 20
404.3418841968286
 30
0.0
 40
0.9999999999999927
  0
CIRCLE
  5
5EA
330
70
100
AcDbEntity
  8
final_table_top_design v3_depths$3_4_
100
AcDbCircle
 10
-317.3588298008131
 20
404.3418841968286
 30
0.0
 40
1.937500000000012
  0
CIRCLE
  5
5EB
330
70
100
AcDbEntity
  8
final_table_top_design v3_depths$3_4_
100
AcDbCircle
 10
-320.7146782404779
 20
406.2793841968285
 30
0.0
 40
1.499999999999989
  0
LINE
  5
5EC
330
70
100
AcDbEntity
  8
final_table_top_design v3_depths$3_4_
100
AcDbLine
 10
-275.4021782404779
 20
409.1736165193948
 30
0.0
 11
-275.1799062393974
 21
409.1736165193948
 31
0.0
  0
LINE
  5
5ED
330
70
100
AcDbEntity
  8
final_table_top_design v3_depths$3_4_
100
AcDbLine
 10
-322.6521782404778
 20
385.1954650254578
 30
0.0
 11
-275.9021782404778
 21
385.1954650254578
 31
0.0
  0
CIRCLE
  5
5EE
330
70
100
AcDbEntity
  8
final_table_top_design v3_depths$3_4_
100
AcDbCircle
 10
-320.7146782404779
 20
402.4043841968284
 30
0.0
 40
1.937500000000012
  0
LINE
  5
5EF
330
70
100
AcDbEntity
  8
final_table_top_design v3_depths$3_4_
100
AcDbLine
 10
-304.3247764710427
 20
395.6954650254578
 30
0.0
 11
-277.9021782404778
 21
395.6954650254578
 31
0.0
  0
LINE
  5
5F0
330
70
100
AcDbEntity
  8
final_table_top_design v3_depths$3_4_
100
AcDbLine
 10
-253.0788569294732
 20
417.1954650254578
 30
0.0
 11
-268.4932677088397
 21
417.1954650254578
 31
0.0
  0
CIRCLE
  5
5F1
330
70
100
AcDbEntity
  8
final_table_top_design v3_depths$3_4_
100
AcDbCircle
 10
-317.3588298008131
 20
404.3418841968286
 30
0.0
 40
1.937500000000012
  0
CIRCLE
  5
5F2
330
70
100
AcDbEntity
  8
final_table_top_design v3_depths$3_4_
100
AcDbCircle
 10
-314.0029813611484
 20
410.1543841968283
 30
0.0
 40
1.937500000000012
  0
LINE
  5
5F3
330
70
100
AcDbEntity
  8
final_table_top_design v3_depths$3_4_
100
AcDbLine
 10
-273.4021782404778
 20
424.1954650254577
 30
0.0
 11
-273.4021782404778
 21
425.6954650254578
 31
0.0
  0
CIRCLE
  5
5F4
330
70
100
AcDbEntity
  8
final_table_top_design v3_depths$3_4_
100
AcDbCircle
 10
-310.6471329214837
 20
408.2168841968284
 30
0.0
 40
1.499999999999989
  0
LINE
  5
5F5
330
70
100
AcDbEntity
  8
final_table_top_design v3_depths$3_4_
100
AcDbLine
 10
-277.9021782404778
 20
390.6954650254578
 30
0.0
 11
-312.6521782404779
 21
390.6954650254578
 31
0.0
  0
CIRCLE
  5
5F6
330
70
100
AcDbEntity
  8
final_table_top_design v3_depths$3_4_
100
AcDbCircle
 10
-317.3588298008131
 20
404.3418841968286
 30
0.0
 40
0.9999999999999927
  0
CIRCLE
  5
5F7
330
70
100
AcDbEntity
  8
final_table_top_design v3_depths$3_4_
100
AcDbCircle
 10
-314.0029813611484
 20
406.2793841968284
 30
0.0
 40
1.499999999999989
  0
LINE
  5
5F8
330
70
100
AcDbEntity
  8
final_table_top_design v3_depths$3_4_
100
AcDbLine
 10
-273.4021782404778
 20
425.6954650254578
 30
0.0
 11
-238.6521782404778
 21
425.6954650254578
 31
0.0
  0
LINE
  5
5F9
330
70
100
AcDbEntity
  8
final_table_top_design v3_depths$3_4_
100
AcDbLine
 10
-247.0166791029829
 20
420.6954650254577
 30
0.0
 11
-273.4021782404778
 21
420.6954650254577
 31
0.0
  0
LINE
  5
5FA
330
70
100
AcDbEntity
  8
final_table_top_design v3_depths$3_4_
100
AcDbLine
 10
-273.9067392587548
 20
407.9004495387521
 30
0.0
 11
-273.9067392587548
 21
409.8102000097161
 31
0.0
  0
CIRCLE
  5
5FB
330
70
100
AcDbEntity
  8
final_table_top_design v3_depths$3_4_
100
AcDbCircle
 10
-320.7146782404779
 20
414.0293841968285
 30
0.0
 40
1.499999999999989
  0
CIRCLE
  5
5FC
330
70
100
AcDbEntity
  8
final_table_top_design v3_depths$3_4_
100
AcDbCircle
 10
-317.3588298008131
 20
404.3418841968286
 30
0.0
 40
1.937500000000012
  0
CIRCLE
  5
5FD
330
70
100
AcDbEntity
  8
final_table_top_design v3_depths$3_4_
100
AcDbCircle
 10
-317.3588298008131
 20
404.3418841968286
 30
0.0
 40
1.499999999999989
  0
SPLINE
  5
5FE
330
70
100
AcDbEntity
  8
final_table_top_design v3_depths$3_4_
100
AcDbSpline
210
0.0
220
0.0
230
1.0
 70
    12
 71
     2
 72
     8
 73
     5
 74
     0
 42
0.000000001
 43
0.0000000001
 40
6.988146775824369
 40
6.988146775824369
 40
6.988146775824369
 40
8.353981633974482
 40
8.353981633974482
 40
9.719816492124627
 40
9.719816492124627
 40
9.719816492124627
 10
-275.4021782404779
 20
416.1269083866939
 30
0.0
 41
0.9335385250525176
 10
-275.0153731623756
 20
416.1768435639898
 30
0.0
 41
0.7453242274971038
 10
-275.0153731623757
 20
416.439503963908
 30
0.0
 41
1.0
 10
-275.0153731623757
 20
416.7021643638262
 30
0.0
 41
0.7453242274970981
 10
-275.4021782404779
 20
416.7520995411222
 30
0.0
 41
0.9335385250525259
  0
CIRCLE
  5
5FF
330
70
100
AcDbEntity
  8
final_table_top_design v3_depths$3_4_
100
AcDbCircle
 10
-320.7146782404779
 20
410.1543841968283
 30
0.0
 40
0.9999999999999927
  0
CIRCLE
  5
600
330
70
100
AcDbEntity
  8
final_table_top_design v3_depths$3_4_
100
AcDbCircle
 10
-317.3588298008131
 20
404.3418841968286
 30
0.0
 40
1.499999999999989
  0
LINE
  5
601
330
70
100
AcDbEntity
  8
final_table_top_design v3_depths$3_4_
100
AcDbLine
 10
-304.2505782853455
 20
420.6954650254577
 30
0.0
 11
-277.9021782404778
 21
420.6954650254577
 31
0.0
  0
CIRCLE
  5
602
330
70
100
AcDbEntity
  8
final_table_top_design v3_depths$3_4_
100
AcDbCircle
 10
-320.7146782404779
 20
410.1543841968283
 30
0.0
 40
1.499999999999989
  0
ARC
  5
603
330
70
100
AcDbEntity
  8
final_table_top_design v3_depths$3_4_
100
AcDbCircle
 10
-273.2701557684335
 20
408.8553247742341
 30
0.0
 40
0.9548752354819015
100
AcDbArc
 50
270.0
 51
90.0
  0
CIRCLE
  5
604
330
70
100
AcDbEntity
  8
final_table_top_design v3_depths$3_4_
100
AcDbCircle
 10
-317.3588298008131
 20
404.3418841968286
 30
0.0
 40
1.499999999999989
  0
LINE
  5
605
330
70
100
AcDbEntity
  8
final_table_top_design v3_depths$3_4_
100
AcDbLine
 10
-273.4021782404778
 20
394.1954650254579
 30
0.0
 11
-244.4186028912544
 21
394.1954650254579
 31
0.0
  0
ARC
  5
606
330
70
100
AcDbEntity
  8
final_table_top_design v3_depths$3_4_
100
AcDbCircle
 10
275.6521782404778
 20
408.1954650254577
 30
0.0
 40
11.49999999999999
210
0.0
220
0.0
230
-1.0
100
AcDbArc
 50
142.5047502354413
 51
151.4281218576911
  0
CIRCLE
  5
607
330
70
100
AcDbEntity
  8
final_table_top_design v3_depths$3_4_
100
AcDbCircle
 10
-320.7146782404779
 20
402.4043841968284
 30
0.0
 40
0.9999999999999927
  0
CIRCLE
  5
608
330
70
100
AcDbEntity
  8
final_table_top_design v3_depths$3_4_
100
AcDbCircle
 10
-317.3588298008131
 20
404.3418841968286
 30
0.0
 40
0.9999999999999927
  0
CIRCLE
  5
609
330
70
100
AcDbEntity
  8
final_table_top_design v3_depths$3_4_
100
AcDbCircle
 10
-317.3588298008131
 20
404.3418841968286
 30
0.0
 40
1.499999999999989
  0
CIRCLE
  5
60A
330
70
100
AcDbEntity
  8
final_table_top_design v3_depths$3_4_
100
AcDbCircle
 10
-317.3588298008131
 20
404.3418841968286
 30
0.0
 40
0.9999999999999927
  0
CIRCLE
  5
60B
330
70
100
AcDbEntity
  8
final_table_top_design v3_depths$3_4_
100
AcDbCircle
 10
-310.6471329214837
 20
408.2168841968284
 30
0.0
 40
1.937500000000012
  0
CIRCLE
  5
60C
330
70
100
AcDbEntity
  8
final_table_top_design v3_depths$3_4_
100
AcDbCircle
 10
-317.3588298008131
 20
404.3418841968286
 30
0.0
 40
1.937500000000012
  0
LINE
  5
60D
330
70
100
AcDbEntity
  8
final_table_top_design v3_depths$3_4_
100
AcDbLine
 10
-274.6521782404778
 20
416.1954650254577
 30
0.0
 11
-274.6521782404778
 21
416.4454649943714
 31
0.0
  0
CIRCLE
  5
60E
330
70
100
AcDbEntity
  8
final_table_top_design v3_depths$3_4_
100
AcDbCircle
 10
-317.3588298008131
 20
404.3418841968286
 30
0.0
 40
0.9999999999999927
  0
CIRCLE
  5
60F
330
70
100
AcDbEntity
  8
final_table_top_design v3_depths$3_4_
100
AcDbCircle
 10
-320.7146782404779
 20
414.0293841968285
 30
0.0
 40
0.9999999999999927
  0
LINE
  5
610
330
70
100
AcDbEntity
  8
final_table_top_design v3_depths$3_4_
100
AcDbLine
 10
-277.9021782404778
 20
425.6954650254578
 30
0.0
 11
-312.6521782404779
 21
425.6954650254578
 31
0.0
  0
LINE
  5
611
330
70
100
AcDbEntity
  8
final_table_top_design v3_depths$3_4_
100
AcDbLine
 10
-253.0788569288775
 20
399.1954650254578
 30
0.0
 11
-268.4932677088397
 21
399.1954650254578
 31
0.0
  0
CIRCLE
  5
612
330
70
100
AcDbEntity
  8
final_table_top_design v3_depths$3_4_
100
AcDbCircle
 10
-317.3588298008131
 20
412.0918841968284
 30
0.0
 40
1.499999999999989
  0
LINE
  5
613
330
70
100
AcDbEntity
  8
final_table_top_design v3_depths$3_4_
100
AcDbLine
 10
-300.8606748559053
 20
397.6954650254579
 30
0.0
 11
-298.2625986445523
 21
399.1954650254578
 31
0.0
  0
CIRCLE
  5
614
330
70
100
AcDbEntity
  8
final_table_top_design v3_depths$3_4_
100
AcDbCircle
 10
-317.3588298008131
 20
404.3418841968286
 30
0.0
 40
1.499999999999989
  0
CIRCLE
  5
615
330
70
100
AcDbEntity
  8
final_table_top_design v3_depths$3_4_
100
AcDbCircle
 10
-320.7146782404779
 20
414.0293841968285
 30
0.0
 40
1.937500000000012
  0
LINE
  5
616
330
70
100
AcDbEntity
  8
final_table_top_design v3_depths$3_4_
100
AcDbLine
 10
-314.6521782404778
 20
392.042337910603
 30
0.0
 11
-286.6370422838219
 21
408.216884196564
 31
0.0
  0
CIRCLE
  5
617
330
70
100
AcDbEntity
  8
final_table_top_design v3_depths$3_4_
100
AcDbCircle
 10
-314.0029813611484
 20
410.1543841968283
 30
0.0
 40
1.499999999999989
  0
LINE
  5
618
330
70
100
AcDbEntity
  8
final_table_top_design v3_depths$3_4_
100
AcDbLine
 10
-236.6521782405013
 20
424.3700113116697
 30
0.0
 11
-264.6673141971338
 21
408.1954650257221
 31
0.0
  0
CIRCLE
  5
619
330
70
100
AcDbEntity
  8
final_table_top_design v3_depths$3_4_
100
AcDbCircle
 10
-317.3588298008131
 20
404.3418841968286
 30
0.0
 40
1.499999999999989
  0
CIRCLE
  5
61A
330
70
100
AcDbEntity
  8
final_table_top_design v3_depths$3_4_
100
AcDbCircle
 10
-317.3588298008131
 20
404.3418841968286
 30
0.0
 40
1.937500000000012
  0
CIRCLE
  5
61B
330
70
100
AcDbEntity
  8
final_table_top_design v3_depths$3_4_
100
AcDbCircle
 10
-320.7146782404779
 20
406.2793841968285
 30
0.0
 40
0.9999999999999927
  0
CIRCLE
  5
61C
330
70
100
AcDbEntity
  8
final_table_top_design v3_depths$3_4_
100
AcDbCircle
 10
-317.3588298008131
 20
412.0918841968284
 30
0.0
 40
0.9999999999999927
  0
CIRCLE
  5
61D
330
70
100
AcDbEntity
  8
final_table_top_design v3_depths$3_4_
100
AcDbCircle
 10
-317.3588298008131
 20
412.0918841968284
 30
0.0
 40
1.937500000000012
  0
LINE
  5
61E
330
70
100
AcDbEntity
  8
final_table_top_design v3_depths$3_4_
100
AcDbLine
 10
-228.6521782404778
 20
431.1954650254578
 30
0.0
 11
-275.4021782404779
 21
431.1954650254578
 31
0.0
  0
CIRCLE
  5
61F
330
70
100
AcDbEntity
  8
final_table_top_design v3_depths$3_4_
100
AcDbCircle
 10
-317.3588298008131
 20
408.2168841968284
 30
0.0
 40
1.499999999999989
  0
CIRCLE
  5
620
330
70
100
AcDbEntity
  8
final_table_top_design v3_depths$3_4_
100
AcDbCircle
 10
-314.0029813611484
 20
406.2793841968284
 30
0.0
 40
0.9999999999999927
  0
CIRCLE
  5
621
330
70
100
AcDbEntity
  8
final_table_top_design v3_depths$3_4_
100
AcDbCircle
 10
-320.7146782404779
 20
414.0293841968285
 30
0.0
 40
0.9999999999999927
  0
CIRCLE
  5
622
330
70
100
AcDbEntity
  8
final_table_top_design v3_depths$3_4_
100
AcDbCircle
 10
-317.3588298008131
 20
404.3418841968286
 30
0.0
 40
1.937500000000012
  0
LINE
  5
623
330
70
100
AcDbEntity
  8
final_table_top_design v3_depths$3_4_
100
AcDbLine
 10
-271.2319358458621
 20
412.9663415479946
 30
0.0
 11
-271.2319358458621
 21
411.221096683132
 31
0.0
  0
CIRCLE
  5
624
330
70
100
AcDbEntity
  8
final_table_top_design v3_depths$3_4_
100
AcDbCircle
 10
-314.0029813611484
 20
410.1543841968283
 30
0.0
 40
0.9999999999999927
  0
LINE
  5
625
330
70
100
AcDbEntity
  8
final_table_top_design v3_depths$3_4_
100
AcDbLine
 10
-322.2343278554671
 20
408.2168841968284
 30
0.0
 11
-322.6521782404778
 21
408.2168841968284
 31
0.0
  0
LINE
  5
626
330
70
100
AcDbEntity
  8
final_table_top_design v3_depths$3_4_
100
AcDbLine
 10
-275.9021782404778
 20
431.1954650254578
 30
0.0
 11
-322.6521782404778
 21
431.1954650254578
 31
0.0
  0
ARC
  5
627
330
70
100
AcDbEntity
  8
final_table_top_design v3_depths$3_4_
100
AcDbCircle
 10
275.6521782404778
 20
408.1954650254577
 30
0.0
 40
11.49999999999999
210
0.0
220
0.0
230
-1.0
100
AcDbArc
 50
142.5047502354413
 51
151.4281218576911
  0
CIRCLE
  5
628
330
70
100
AcDbEntity
  8
final_table_top_design v3_depths$3_4_
100
AcDbCircle
 10
-320.7146782404779
 20
414.0293841968285
 30
0.0
 40
1.937500000000012
  0
LINE
  5
629
330
70
100
AcDbEntity
  8
final_table_top_design v3_depths$3_4_
100
AcDbLine
 10
-279.6359906716467
 20
169.8102000097162
 30
0.0
 11
-279.6359906716467
 21
169.1736165193949
 31
0.0
  0
ARC
  5
62A
330
70
100
AcDbEntity
  8
final_table_top_design v3_depths$3_4_
100
AcDbCircle
 10
278.9839821751616
 20
175.6562885796075
 30
0.0
 40
0.2624788224735799
210
0.0
220
0.0
230
-1.0
100
AcDbArc
 50
19.67043473106768
 51
90.56074068180107
  0
LINE
  5
62B
330
70
100
AcDbEntity
  8
final_table_top_design v3_depths$3_4_
100
AcDbLine
 10
-275.9021782404778
 20
160.0955440012669
 30
0.0
 11
-275.9021782404778
 21
160.3455440012669
 31
0.0
  0
ARC
  5
62C
330
70
100
AcDbEntity
  8
final_table_top_design v3_depths$3_4_
100
AcDbCircle
 10
-275.6521782404778
 20
168.1954650254579
 30
0.0
 40
8.999999999999998
100
AcDbArc
 50
91.59175417660001
 51
268.408245823414
  0
LINE
  5
62D
330
70
100
AcDbEntity
  8
final_table_top_design v3_depths$3_4_
100
AcDbLine
 10
-278.6521782404778
 20
429.1954650254578
 30
0.0
 11
-312.6521782404779
 21
429.1954650254578
 31
0.0
  0
LINE
  5
62E
330
70
100
AcDbEntity
  8
final_table_top_design v3_depths$3_4_
100
AcDbLine
 10
-275.9021782404778
 20
431.1954650254578
 30
0.0
 11
-322.6521782404778
 21
431.1954650254578
 31
0.0
  0
CIRCLE
  5
62F
330
70
100
AcDbEntity
  8
final_table_top_design v3_depths$3_4_
100
AcDbCircle
 10
-314.0029813611484
 20
406.2793841968284
 30
0.0
 40
1.937500000000012
  0
CIRCLE
  5
630
330
70
100
AcDbEntity
  8
final_table_top_design v3_depths$3_4_
100
AcDbCircle
 10
-317.3588298008131
 20
404.3418841968286
 30
0.0
 40
1.937500000000012
  0
LINE
  5
631
330
70
100
AcDbEntity
  8
final_table_top_design v3_depths$3_4_
100
AcDbLine
 10
-272.241416735605
 20
415.3791772131877
 30
0.0
 11
-272.251413167613
 21
415.4087222233594
 31
0.0
  0
CIRCLE
  5
632
330
70
100
AcDbEntity
  8
final_table_top_design v3_depths$3_4_
100
AcDbCircle
 10
-317.3588298008131
 20
404.3418841968286
 30
0.0
 40
1.499999999999989
  0
LINE
  5
633
330
70
100
AcDbEntity
  8
final_table_top_design v3_depths$3_4_
100
AcDbLine
 10
-272.6521782404778
 20
429.1954650254578
 30
0.0
 11
-238.6521782404778
 21
429.1954650254578
 31
0.0
  0
LINE
  5
634
330
70
100
AcDbEntity
  8
final_table_top_design v3_depths$3_4_
100
AcDbLine
 10
-273.4021782404778
 20
429.1954650254578
 30
0.0
 11
-272.6521782404778
 21
429.1954650254578
 31
0.0
  0
CIRCLE
  5
635
330
70
100
AcDbEntity
  8
final_table_top_design v3_depths$3_4_
100
AcDbCircle
 10
-317.3588298008131
 20
404.3418841968286
 30
0.0
 40
1.499999999999989
  0
LINE
  5
636
330
70
100
AcDbEntity
  8
final_table_top_design v3_depths$3_4_
100
AcDbLine
 10
-278.6521782404778
 20
387.1954650254578
 30
0.0
 11
-312.6521782404779
 21
387.1954650254578
 31
0.0
  0
LINE
  5
637
330
70
100
AcDbEntity
  8
final_table_top_design v3_depths$3_4_
100
AcDbLine
 10
-312.6521782404779
 20
427.6954650254578
 30
0.0
 11
-277.9021782404778
 21
427.6954650254578
 31
0.0
  0
LINE
  5
638
330
70
100
AcDbEntity
  8
final_table_top_design v3_depths$3_4_
100
AcDbLine
 10
-314.6521782404778
 20
392.042337910603
 30
0.0
 11
-286.6370422838219
 21
408.216884196564
 31
0.0
  0
CIRCLE
  5
639
330
70
100
AcDbEntity
  8
final_table_top_design v3_depths$3_4_
100
AcDbCircle
 10
-317.3588298008131
 20
404.3418841968286
 30
0.0
 40
0.9999999999999927
  0
LINE
  5
63A
330
70
100
AcDbEntity
  8
final_table_top_design v3_depths$3_4_
100
AcDbLine
 10
-280.3425940003011
 20
397.6954650254579
 30
0.0
 11
-300.8606748559053
 21
397.6954650254579
 31
0.0
  0
CIRCLE
  5
63B
330
70
100
AcDbEntity
  8
final_table_top_design v3_depths$3_4_
100
AcDbCircle
 10
-320.7146782404779
 20
402.4043841968284
 30
0.0
 40
0.9999999999999927
  0
LINE
  5
63C
330
70
100
AcDbEntity
  8
final_table_top_design v3_depths$3_4_
100
AcDbLine
 10
-236.6521782410946
 20
392.0209187397059
 30
0.0
 11
-264.6673141971338
 21
408.1954650257221
 31
0.0
  0
LINE
  5
63D
330
70
100
AcDbEntity
  8
final_table_top_design v3_depths$3_4_
100
AcDbLine
 10
-278.3628236910041
 20
170.4467835000375
 30
0.0
 11
-278.3628236910041
 21
167.2638660484309
 31
0.0
  0
SPLINE
  5
63E
330
70
100
AcDbEntity
  8
final_table_top_design v3_depths$3_4_
100
AcDbSpline
210
0.0
220
0.0
230
1.0
 70
     8
 71
     3
 72
     8
 73
     4
 74
     0
 42
0.000000001
 43
0.0000000001
 40
30.27758522084027
 40
30.27758522084027
 40
30.27758522084027
 40
30.27758522084027
 40
30.45284224207364
 40
30.45284224207364
 40
30.45284224207364
 40
30.45284224207364
 10
-278.9506226691265
 20
160.4212388264465
 30
0.0
 10
-278.9710953889797
 20
160.4538858631396
 30
0.0
 10
-278.987722928826
 20
160.4696379063116
 30
0.0
 10
-278.991076096603
 20
160.472640055902
 30
0.0
  0
CIRCLE
  5
63F
330
70
100
AcDbEntity
  8
final_table_top_design v3_depths$3_4_
100
AcDbCircle
 10
-317.3588298008131
 20
404.3418841968286
 30
0.0
 40
1.937500000000012
  0
LINE
  5
640
330
70
100
AcDbEntity
  8
final_table_top_design v3_depths$3_4_
100
AcDbLine
 10
-275.9021782404778
 20
160.0955440012669
 30
0.0
 11
-278.8106226857605
 21
160.0955440012669
 31
0.0
  0
ARC
  5
641
330
70
100
AcDbEntity
  8
final_table_top_design v3_depths$3_4_
100
AcDbCircle
 10
-276.4530732200402
 20
167.2638660484309
 30
0.0
 40
2.546333961285252
100
AcDbArc
 50
210.0000000000008
 51
282.4946401056688
  0
LINE
  5
642
330
70
100
AcDbEntity
  8
final_table_top_design v3_depths$3_4_
100
AcDbLine
 10
-278.9994071813254
 20
169.4919082645555
 30
0.0
 11
-278.9994071813254
 21
167.2638660484309
 31
0.0
  0
ARC
  5
643
330
70
100
AcDbEntity
  8
final_table_top_design v3_depths$3_4_
100
AcDbCircle
 10
-276.4530732200402
 20
167.2638660484309
 30
0.0
 40
1.273166980642535
100
AcDbArc
 50
180.0
 51
295.6388130708179
  0
LINE
  5
644
330
70
100
AcDbEntity
  8
final_table_top_design v3_depths$3_4_
100
AcDbLine
 10
-280.3425940003011
 20
397.6954650254579
 30
0.0
 11
-300.8606748559053
 21
397.6954650254579
 31
0.0
  0
LINE
  5
645
330
70
100
AcDbEntity
  8
final_table_top_design v3_depths$3_4_
100
AcDbLine
 10
-265.5526733021157
 20
402.6954650254578
 30
0.0
 11
-259.1410347552139
 21
402.6954650254578
 31
0.0
  0
LINE
  5
646
330
70
100
AcDbEntity
  8
final_table_top_design v3_depths$3_4_
100
AcDbLine
 10
-274.543322749076
 20
407.2638660484308
 30
0.0
 11
-274.543322749076
 21
410.4467835000375
 31
0.0
  0
LINE
  5
647
330
70
100
AcDbEntity
  8
final_table_top_design v3_depths$3_4_
100
AcDbLine
 10
-277.9021782404778
 20
425.6954650254578
 30
0.0
 11
-312.6521782404779
 21
425.6954650254578
 31
0.0
  0
CIRCLE
  5
648
330
70
100
AcDbEntity
  8
final_table_top_design v3_depths$3_4_
100
AcDbCircle
 10
-320.7146782404779
 20
402.4043841968284
 30
0.0
 40
1.499999999999989
  0
LINE
  5
649
330
70
100
AcDbEntity
  8
final_table_top_design v3_depths$3_4_
100
AcDbLine
 10
-310.3127561116817
 20
424.1954650254577
 30
0.0
 11
-277.9021782404778
 21
424.1954650254577
 31
0.0
  0
ARC
  5
64A
330
70
100
AcDbEntity
  8
final_table_top_design v3_depths$3_4_
100
AcDbCircle
 10
-275.6521782404778
 20
408.1954650254577
 30
0.0
 40
11.50000000000001
100
AcDbArc
 50
51.5000495907525
 51
65.92938537743339
  0
LINE
  5
64B
330
70
100
AcDbEntity
  8
final_table_top_design v3_depths$3_4_
100
AcDbLine
 10
-272.6521782404778
 20
387.1954650254578
 30
0.0
 11
-238.6521782404778
 21
387.1954650254578
 31
0.0
  0
CIRCLE
  5
64C
330
70
100
AcDbEntity
  8
final_table_top_design v3_depths$3_4_
100
AcDbCircle
 10
-317.3588298008131
 20
404.3418841968286
 30
0.0
 40
0.9999999999999927
  0
CIRCLE
  5
64D
330
70
100
AcDbEntity
  8
final_table_top_design v3_depths$3_4_
100
AcDbCircle
 10
-320.7146782404779
 20
402.4043841968284
 30
0.0
 40
1.499999999999989
  0
LINE
  5
64E
330
70
100
AcDbEntity
  8
final_table_top_design v3_depths$3_4_
100
AcDbLine
 10
-275.9021782404778
 20
161.8794695537079
 30
0.0
 11
-275.9021782404778
 21
160.3455440012669
 31
0.0
  0
LINE
  5
64F
330
70
100
AcDbEntity
  8
final_table_top_design v3_depths$3_4_
100
AcDbLine
 10
-275.9021782404778
 20
161.677685751749
 30
0.0
 11
-275.9021782404778
 21
176.126908386694
 31
0.0
  0
ARC
  5
650
330
70
100
AcDbEntity
  8
final_table_top_design v3_depths$3_4_
100
AcDbCircle
 10
272.3386257326549
 20
415.6562885796075
 30
0.0
 40
0.2624788224735204
210
0.0
220
0.0
230
-1.0
100
AcDbArc
 50
90.56074068204933
 51
270.5607406820494
  0
ARC
  5
651
330
70
100
AcDbEntity
  8
final_table_top_design v3_depths$3_4_
100
AcDbCircle
 10
-275.6521782404778
 20
168.1954650254579
 30
0.0
 40
9.499999999999989
100
AcDbArc
 50
91.50795775423882
 51
268.4920422457608
  0
LINE
  5
652
330
70
100
AcDbEntity
  8
final_table_top_design v3_depths$3_4_
100
AcDbLine
 10
-280.3013019832144
 20
163.1954650254578
 30
0.0
 11
-280.3013019832144
 21
171.1954650254579
 31
0.0
  0
ARC
  5
653
330
70
100
AcDbEntity
  8
final_table_top_design v3_depths$3_4_
100
AcDbCircle
 10
-276.4530732200402
 20
167.2638660484309
 30
0.0
 40
0.6365834903213478
100
AcDbArc
 50
30.07237401960862
 51
329.9276259803914
  0
LINE
  5
654
330
70
100
AcDbEntity
  8
final_table_top_design v3_depths$3_4_
100
AcDbLine
 10
-275.9021782404778
 20
176.9454650254578
 30
0.0
 11
-275.9021782404778
 21
176.7520995411222
 31
0.0
  0
SPLINE
  5
655
330
70
100
AcDbEntity
  8
final_table_top_design v3_depths$3_4_
100
AcDbSpline
210
0.0
220
0.0
230
1.0
 70
     8
 71
     3
 72
    11
 73
     7
 74
     0
 42
0.000000001
 43
0.0000000001
 40
2.821053607083166
 40
2.821053607083166
 40
2.821053607083166
 40
2.821053607083166
 40
2.937063805967857
 40
3.047293166495042
 40
3.153854297016551
 40
3.257968485242848
 40
3.257968485242848
 40
3.257968485242848
 40
3.257968485242848
 10
-278.7610806921322
 20
160.9166124150888
 30
0.0
 10
-278.7266348715776
 20
160.8990380168467
 30
0.0
 10
-278.6640014775823
 20
160.8560976608529
 30
0.0
 10
-278.5870774957253
 20
160.7755611926294
 30
0.0
 10
-278.5254768048108
 20
160.6878732106066
 30
0.0
 10
-278.4912028565285
 20
160.6265023449299
 30
0.0
 10
-278.4755184948589
 20
160.5955440012669
 30
0.0
  0
LINE
  5
656
330
70
100
AcDbEntity
  8
final_table_top_design v3_depths$3_4_
100
AcDbLine
 10
-278.9994071813254
 20
169.4919082645555
 30
0.0
 11
-279.6359906716467
 21
169.1736165193949
 31
0.0
  0
LINE
  5
657
330
70
100
AcDbEntity
  8
final_table_top_design v3_depths$3_4_
100
AcDbLine
 10
-279.8013019832144
 20
163.1954650254578
 30
0.0
 11
-279.8013019832144
 21
161.8794695537079
 31
0.0
  0
SPLINE
  5
658
330
70
100
AcDbEntity
  8
final_table_top_design v3_depths$3_4_
100
AcDbSpline
210
0.0
220
0.0
230
1.0
 70
     8
 71
     3
 72
    10
 73
     6
 74
     0
 42
0.000000001
 43
0.0000000001
 40
9.245404953865573
 40
9.245404953865573
 40
9.245404953865573
 40
9.245404953865573
 40
9.493123517299839
 40
9.803101115002416
 40
10.17054300509518
 40
10.17054300509518
 40
10.17054300509518
 40
10.17054300509518
 10
-279.5611179020862
 20
161.3794695537079
 30
0.0
 10
-279.4943731733884
 20
161.3308299555595
 30
0.0
 10
-279.3383266434444
 20
161.2295817347953
 30
0.0
 10
-279.0703246926519
 20
161.0768795194452
 30
0.0
 10
-278.8701817671415
 20
160.9722762288691
 30
0.0
 10
-278.7610806921322
 20
160.9166124150888
 30
0.0
  0
LINE
  5
659
330
70
100
AcDbEntity
  8
final_table_top_design v3_depths$3_4_
100
AcDbLine
 10
-279.8013019832144
 20
172.9250160968504
 30
0.0
 11
-279.8013019832144
 21
171.1954650254579
 31
0.0
  0
ARC
  5
65A
330
70
100
AcDbEntity
  8
final_table_top_design v3_depths$3_4_
100
AcDbCircle
 10
-276.4530732200402
 20
167.2638660484309
 30
0.0
 40
2.546333961285249
100
AcDbArc
 50
180.0
 51
194.4775121859296
  0
CIRCLE
  5
65B
330
70
100
AcDbEntity
  8
final_table_top_design v3_depths$3_4_
100
AcDbCircle
 10
-320.7146782404779
 20
402.4043841968284
 30
0.0
 40
1.937500000000012
  0
SPLINE
  5
65C
330
70
100
AcDbEntity
  8
final_table_top_design v3_depths$3_4_
100
AcDbSpline
210
0.0
220
0.0
230
1.0
 70
     8
 71
     3
 72
    16
 73
    12
 74
     0
 42
0.000000001
 43
0.0000000001
 40
30.9457950312487
 40
30.9457950312487
 40
30.9457950312487
 40
30.9457950312487
 40
31.18426677719496
 40
31.41118072197884
 40
31.61826584127045
 40
31.82121942290211
 40
32.05221619311962
 40
32.36428018735099
 40
32.57041016111859
 40
32.82622530959399
 40
33.54583135460963
 40
33.54583135460963
 40
33.54583135460963
 40
33.54583135460963
 10
-271.3106760033423
 20
412.9622115094713
 30
0.0
 10
-271.3190681689606
 20
413.0412578514492
 30
0.0
 10
-271.3468595216103
 20
413.1941843301677
 30
0.0
 10
-271.4069556944461
 20
413.4102021541803
 30
0.0
 10
-271.4716406528478
 20
413.612486392037
 30
0.0
 10
-271.5505645618729
 20
413.8112458816395
 30
0.0
 10
-271.6590729004521
 20
414.0350769453048
 30
0.0
 10
-271.7722440276077
 20
414.2576715620973
 30
0.0
 10
-271.8872612784454
 20
414.4886224065062
 30
0.0
 10
-272.0508026444427
 20
414.8470662316658
 30
0.0
 10
-272.1645393358048
 20
415.1519617871115
 30
0.0
 10
-272.241416735605
 20
415.3791772131877
 30
0.0
  0
LINE
  5
65D
330
70
100
AcDbEntity
  8
final_table_top_design v3_depths$3_4_
100
AcDbLine
 10
-279.6359906716467
 20
165.9906990677883
 30
0.0
 11
-279.6359906716467
 21
166.6272825581096
 31
0.0
  0
LINE
  5
65E
330
70
100
AcDbEntity
  8
final_table_top_design v3_depths$3_4_
100
AcDbLine
 10
-280.3425940003011
 20
418.6954650254578
 30
0.0
 11
-300.7864766702962
 21
418.6954650254578
 31
0.0
  0
LINE
  5
65F
330
70
100
AcDbEntity
  8
final_table_top_design v3_depths$3_4_
100
AcDbLine
 10
-272.6521782404778
 20
387.1954650254578
 30
0.0
 11
-238.6521782404778
 21
387.1954650254578
 31
0.0
  0
LINE
  5
660
330
70
100
AcDbEntity
  8
final_table_top_design v3_depths$3_4_
100
AcDbLine
 10
-279.8013019832144
 20
171.1954650254579
 30
0.0
 11
-279.8013019832144
 21
163.1954650254578
 31
0.0
  0
LINE
  5
661
330
70
100
AcDbEntity
  8
final_table_top_design v3_depths$3_4_
100
AcDbLine
 10
-278.863174117232
 20
175.3407110489529
 30
0.0
 11
-278.8816721396681
 21
175.2860391159481
 31
0.0
  0
LINE
  5
662
330
70
100
AcDbEntity
  8
final_table_top_design v3_depths$3_4_
100
AcDbLine
 10
-276.4021782404779
 20
160.5955440012669
 30
0.0
 11
-276.4021782404779
 21
161.379469553708
 31
0.0
  0
SPLINE
  5
663
330
70
100
AcDbEntity
  8
final_table_top_design v3_depths$3_4_
100
AcDbSpline
210
0.0
220
0.0
230
1.0
 70
     8
 71
     3
 72
    17
 73
    13
 74
     0
 42
0.000000001
 43
0.0000000001
 40
43.58820121221286
 40
43.58820121221286
 40
43.58820121221286
 40
43.58820121221286
 40
43.92756913933635
 40
44.08081767699568
 40
44.22217933249913
 40
44.49808645012707
 40
44.64201703925517
 40
44.79878305336838
 40
45.16035189533007
 40
45.43005822836544
 40
45.78338581063536
 40
46.25446517347157
 40
46.25446517347157
 40
46.25446517347157
 40
46.25446517347157
 10
-280.2999385120644
 20
172.9647256125667
 30
0.0
 10
-280.2881400729912
 20
173.0772312971041
 30
0.0
 10
-280.2565042049878
 20
173.2388227436978
 30
0.0
 10
-280.1995495420257
 20
173.4422860660304
 30
0.0
 10
-280.1437302299756
 20
173.6241167207999
 30
0.0
 10
-280.0797828739971
 20
173.8000665919303
 30
0.0
 10
-280.0014686276021
 20
173.9756639550503
 30
0.0
 10
-279.9049833730201
 20
174.1742261678338
 30
0.0
 10
-279.784904962521
 20
174.4078610062583
 30
0.0
 10
-279.6412723078399
 20
174.7030197565019
 30
0.0
 10
-279.4991488863626
 20
175.0390665094415
 30
0.0
 10
-279.405623401958
 20
175.2975448579984
 30
0.0
 10
-279.355296758977
 20
175.4462880472529
 30
0.0
  0
CIRCLE
  5
664
330
70
100
AcDbEntity
  8
final_table_top_design v3_depths$3_4_
100
AcDbCircle
 10
-320.7146782404779
 20
406.2793841968285
 30
0.0
 40
1.937500000000012
  0
LINE
  5
665
330
70
100
AcDbEntity
  8
final_table_top_design v3_depths$3_4_
100
AcDbLine
 10
-277.7262402006827
 20
169.1736165193949
 30
0.0
 11
-277.7262402006827
 21
167.2638660484309
 31
0.0
  0
LINE
  5
666
330
70
100
AcDbEntity
  8
final_table_top_design v3_depths$3_4_
100
AcDbLine
 10
-275.4021782404779
 20
416.7520995411222
 30
0.0
 11
-275.4021782404779
 21
416.9454650254578
 31
0.0
  0
LINE
  5
667
330
70
100
AcDbEntity
  8
final_table_top_design v3_depths$3_4_
100
AcDbLine
 10
-278.8106226857605
 20
160.0955440012669
 30
0.0
 11
-278.8721550775166
 21
160.2560568908539
 31
0.0
  0
LINE
  5
668
330
70
100
AcDbEntity
  8
final_table_top_design v3_depths$3_4_
100
AcDbLine
 10
-276.4021782404779
 20
161.3794695537079
 30
0.0
 11
-279.5611179020862
 21
161.3794695537079
 31
0.0
  0
ARC
  5
669
330
70
100
AcDbEntity
  8
final_table_top_design v3_depths$3_4_
100
AcDbCircle
 10
-276.4530732200402
 20
167.2638660484309
 30
0.0
 40
1.909750470963892
100
AcDbArc
 50
180.0
 51
286.7660428209194
  0
ARC
  5
66A
330
70
100
AcDbEntity
  8
final_table_top_design v3_depths$3_4_
100
AcDbCircle
 10
-275.6521782404778
 20
168.1954650254579
 30
0.0
 40
8.999999999999984
100
AcDbArc
 50
271.5917541765859
 51
88.40824582341337
  0
ARC
  5
66B
330
70
100
AcDbEntity
  8
final_table_top_design v3_depths$3_4_
100
AcDbCircle
 10
-276.4530732200402
 20
167.2638660484309
 30
0.0
 40
2.546333961285289
100
AcDbArc
 50
294.3751248381061
 51
318.5903778907286
  0
LINE
  5
66C
330
70
100
AcDbEntity
  8
final_table_top_design v3_depths$3_4_
100
AcDbLine
 10
-275.9021782404778
 20
176.7520995411222
 30
0.0
 11
-275.9021782404778
 21
176.126908386694
 31
0.0
  0
ARC
  5
66D
330
70
100
AcDbEntity
  8
final_table_top_design v3_depths$3_4_
100
AcDbCircle
 10
276.4530732200402
 20
169.1736165193948
 30
0.0
 40
0.6365834903213572
210
0.0
220
0.0
230
-1.0
100
AcDbArc
 50
0.0000000000025581
 51
149.9276259803866
  0
LINE
  5
66E
330
70
100
AcDbEntity
  8
final_table_top_design v3_depths$3_4_
100
AcDbLine
 10
-278.4755184948589
 20
160.5955440012669
 30
0.0
 11
-276.402178240478
 21
160.5955440012669
 31
0.0
  0
LINE
  5
66F
330
70
100
AcDbEntity
  8
final_table_top_design v3_depths$3_4_
100
AcDbLine
 10
-275.4021782404779
 20
161.6944712901223
 30
0.0
 11
-275.4021782404779
 21
176.126908386694
 31
0.0
  0
LINE
  5
670
330
70
100
AcDbEntity
  8
final_table_top_design v3_depths$3_4_
100
AcDbLine
 10
-274.9021782404778
 20
161.8794695537079
 30
0.0
 11
-271.5213059246023
 21
161.8794695537079
 31
0.0
  0
LINE
  5
671
330
70
100
AcDbEntity
  8
final_table_top_design v3_depths$3_4_
100
AcDbLine
 10
-279.6359906716467
 20
165.9906990677883
 30
0.0
 11
-278.6582631170322
 21
165.9906990677883
 31
0.0
  0
ARC
  5
672
330
70
100
AcDbEntity
  8
final_table_top_design v3_depths$3_4_
100
AcDbCircle
 10
276.4530732200402
 20
167.2638660484309
 30
0.0
 40
1.27316698064263
210
0.0
220
0.0
230
-1.0
100
AcDbArc
 50
60.0000000000066
 51
115.6388130708163
  0
LINE
  5
673
330
70
100
AcDbEntity
  8
final_table_top_design v3_depths$3_4_
100
AcDbLine
 10
-274.5433227490762
 20
165.5796244443112
 30
0.0
 11
-274.5433227490762
 21
164.7175320871456
 31
0.0
  0
LINE
  5
674
330
70
100
AcDbEntity
  8
final_table_top_design v3_depths$3_4_
100
AcDbLine
 10
-276.6521782404779
 20
176.4454650254578
 30
0.0
 11
-276.6521782404779
 21
176.1954650254579
 31
0.0
  0
LINE
  5
675
330
70
100
AcDbEntity
  8
final_table_top_design v3_depths$3_4_
100
AcDbLine
 10
-279.8013019832144
 20
161.8794695537079
 30
0.0
 11
-275.9021782404778
 21
161.8794695537079
 31
0.0
  0
LINE
  5
676
330
70
100
AcDbEntity
  8
final_table_top_design v3_depths$3_4_
100
AcDbLine
 10
-275.4021782404779
 20
160.0955440012669
 30
0.0
 11
-275.4021782404779
 21
160.3455440012669
 31
0.0
  0
SPLINE
  5
677
330
70
100
AcDbEntity
  8
final_table_top_design v3_depths$3_4_
100
AcDbSpline
210
0.0
220
0.0
230
1.0
 70
     8
 71
     3
 72
    10
 73
     6
 74
     0
 42
0.000000001
 43
0.0000000001
 40
-2.956448266031095
 40
-2.956448266031095
 40
-2.956448266031095
 40
-2.956448266031095
 40
-2.840438067146349
 40
-2.730208706619253
 40
-2.519533387871431
 40
-2.519533387871431
 40
-2.519533387871431
 40
-2.519533387871431
 10
-272.5615272156845
 20
160.9166124150888
 30
0.0
 10
-272.5959730362392
 20
160.8990380168467
 30
0.0
 10
-272.6586603986526
 20
160.8561885489351
 30
0.0
 10
-272.7594729950326
 20
160.7501596547285
 30
0.0
 10
-272.8153520681214
 20
160.6581882866444
 30
0.0
 10
-272.8470894129578
 20
160.5955440012669
 30
0.0
  0
SPLINE
  5
678
330
70
100
AcDbEntity
  8
final_table_top_design v3_depths$3_4_
100
AcDbSpline
210
0.0
220
0.0
230
1.0
 70
    12
 71
     2
 72
     6
 73
     3
 74
     0
 42
0.000000001
 43
0.0000000001
 40
2.070796464907533
 40
2.070796464907533
 40
2.070796464907533
 40
3.64159279170243
 40
3.64159279170243
 40
3.64159279170243
 10
-275.9021782404778
 20
176.9454650254578
 30
0.0
 41
1.0
 10
-276.6521782404777
 20
176.9454650254578
 30
0.0
 41
0.7071067811865475
 10
-276.6521782404779
 20
176.4454650254578
 30
0.0
 41
1.0
  0
LINE
  5
679
330
70
100
AcDbEntity
  8
final_table_top_design v3_depths$3_4_
100
AcDbLine
 10
-271.0213059246022
 20
163.1954650254578
 30
0.0
 11
-271.0213059246022
 21
161.6294695537079
 31
0.0
  0
SPLINE
  5
67A
330
70
100
AcDbEntity
  8
final_table_top_design v3_depths$3_4_
100
AcDbSpline
210
0.0
220
0.0
230
1.0
 70
     8
 71
     3
 72
    15
 73
    11
 74
     0
 42
0.000000001
 43
0.0000000001
 40
30.45284224207364
 40
30.45284224207364
 40
30.45284224207364
 40
30.45284224207364
 40
30.8329185874387
 40
31.16630862856613
 40
31.45667041761297
 40
31.71059180858089
 40
31.92036874053456
 40
32.03579412783577
 40
32.1542087125757
 40
32.27610719495161
 40
32.27610719495161
 40
32.27610719495161
 40
32.27610719495161
 10
-278.991076096603
 20
160.472640055902
 30
0.0
 10
-279.1039188860514
 20
160.5302369039362
 30
0.0
 10
-279.3146225483156
 20
160.6405405456679
 30
0.0
 10
-279.6054831204324
 20
160.8061975686733
 30
0.0
 10
-279.8505354722724
 20
160.9662903897052
 30
0.0
 10
-280.0472597304692
 20
161.1235729695735
 30
0.0
 10
-280.1763707771554
 20
161.2684073492091
 30
0.0
 10
-280.2514053088204
 20
161.396538268053
 30
0.0
 10
-280.2914155314102
 20
161.5087607583336
 30
0.0
 10
-280.3013019832144
 20
161.5888367262493
 30
0.0
 10
-280.3013019832144
 20
161.6294695537079
 30
0.0
  0
LINE
  5
67B
330
70
100
AcDbEntity
  8
final_table_top_design v3_depths$3_4_
100
AcDbLine
 10
-279.6359906716467
 20
166.6272825581096
 30
0.0
 11
-278.9185504765252
 21
166.6272825581096
 31
0.0
  0
LINE
  5
67C
330
70
100
AcDbEntity
  8
final_table_top_design v3_depths$3_4_
100
AcDbLine
 10
-274.9021782404778
 20
160.5955440012669
 30
0.0
 11
-274.9021782404778
 21
161.3794695537079
 31
0.0
  0
LINE
  5
67D
330
70
100
AcDbEntity
  8
final_table_top_design v3_depths$3_4_
100
AcDbLine
 10
-272.4594337905845
 20
175.3407110489529
 30
0.0
 11
-272.4774037719581
 21
175.3938223272611
 31
0.0
  0
LINE
  5
67E
330
70
100
AcDbEntity
  8
final_table_top_design v3_depths$3_4_
100
AcDbLine
 10
-274.6521782404778
 20
175.9187548319538
 30
0.0
 11
-272.3360569534943
 21
175.9187548319538
 31
0.0
  0
LINE
  5
67F
330
70
100
AcDbEntity
  8
final_table_top_design v3_depths$3_4_
100
AcDbLine
 10
-279.3552967589771
 20
175.4462880472529
 30
0.0
 11
-279.3367987365534
 21
175.5009599802216
 31
0.0
  0
LINE
  5
680
330
70
100
AcDbEntity
  8
final_table_top_design v3_depths$3_4_
100
AcDbLine
 10
-277.0896567103615
 20
169.1736165193949
 30
0.0
 11
-277.0896567103613
 21
168.366460996927
 31
0.0
  0
LINE
  5
681
330
70
100
AcDbEntity
  8
final_table_top_design v3_depths$3_4_
100
AcDbLine
 10
-275.4021782404779
 20
160.3455440012669
 30
0.0
 11
-275.4021782404777
 21
161.8794695537079
 31
0.0
  0
LINE
  5
682
330
70
100
AcDbEntity
  8
final_table_top_design v3_depths$3_4_
100
AcDbLine
 10
-278.3628236910041
 20
170.4467835000375
 30
0.0
 11
-279.6359906716467
 21
169.8102000097162
 31
0.0
  0
ARC
  5
683
330
70
100
AcDbEntity
  8
final_table_top_design v3_depths$3_4_
100
AcDbCircle
 10
-273.2701557684336
 20
168.8553247742342
 30
0.0
 40
0.9548752354819686
100
AcDbArc
 50
270.0
 51
90.0
  0
LINE
  5
684
330
70
100
AcDbEntity
  8
final_table_top_design v3_depths$3_4_
100
AcDbLine
 10
-274.5433227490762
 20
164.7175320871456
 30
0.0
 11
-273.9067392587549
 21
164.7175320871456
 31
0.0
  0
LINE
  5
685
330
70
100
AcDbEntity
  8
final_table_top_design v3_depths$3_4_
100
AcDbLine
 10
-275.402178240478
 20
166.545135290407
 30
0.0
 11
-274.902178240478
 21
166.545135290407
 31
0.0
  0
SPLINE
  5
686
330
70
100
AcDbEntity
  8
final_table_top_design v3_depths$3_4_
100
AcDbSpline
210
0.0
220
0.0
230
1.0
 70
     8
 71
     3
 72
     8
 73
     4
 74
     0
 42
0.000000001
 43
0.0000000001
 40
43.4835150912277
 40
43.4835150912277
 40
43.4835150912277
 40
43.4835150912277
 40
43.65876502797692
 40
43.65876502797692
 40
43.65876502797692
 40
43.65876502797692
 10
-272.3315318112137
 20
160.472640055902
 30
0.0
 10
-272.3348849789906
 20
160.4696379063116
 30
0.0
 10
-272.351512518837
 20
160.4538858631396
 30
0.0
 10
-272.3719852386903
 20
160.4212388264465
 30
0.0
  0
ARC
  5
687
330
70
100
AcDbEntity
  8
final_table_top_design v3_depths$3_4_
100
AcDbCircle
 10
-276.4530732200402
 20
167.2638660484309
 30
0.0
 40
1.909750470963961
100
AcDbArc
 50
303.3861340862794
 51
0.0
  0
LINE
  5
688
330
70
100
AcDbEntity
  8
final_table_top_design v3_depths$3_4_
100
AcDbLine
 10
-276.6521782404779
 20
175.9187548319538
 30
0.0
 11
-276.6521782404779
 21
176.1954650254578
 31
0.0
  0
LINE
  5
689
330
70
100
AcDbEntity
  8
final_table_top_design v3_depths$3_4_
100
AcDbLine
 10
-272.8470894129578
 20
160.5955440012669
 30
0.0
 11
-274.9021782404778
 21
160.5955440012669
 31
0.0
  0
LINE
  5
68A
330
70
100
AcDbEntity
  8
final_table_top_design v3_depths$3_4_
100
AcDbLine
 10
-271.5213059246023
 20
161.8794695537079
 30
0.0
 11
-271.5213059246023
 21
163.1954650254578
 31
0.0
  0
LINE
  5
68B
330
70
100
AcDbEntity
  8
final_table_top_design v3_depths$3_4_
100
AcDbLine
 10
-271.0213059246022
 20
171.1954650254579
 30
0.0
 11
-271.0213059246022
 21
163.1954650254578
 31
0.0
  0
LINE
  5
68C
330
70
100
AcDbEntity
  8
final_table_top_design v3_depths$3_4_
100
AcDbLine
 10
-273.2701557684336
 20
167.9004495387522
 30
0.0
 11
-273.9067392587549
 21
167.9004495387522
 31
0.0
  0
LINE
  5
68D
330
70
100
AcDbEntity
  8
final_table_top_design v3_depths$3_4_
100
AcDbLine
 10
-275.4021782404779
 20
176.7520995411222
 30
0.0
 11
-275.4021782404779
 21
176.9454650254579
 31
0.0
  0
ARC
  5
68E
330
70
100
AcDbEntity
  8
final_table_top_design v3_depths$3_4_
100
AcDbCircle
 10
-275.6521782404778
 20
168.1954650254579
 30
0.0
 40
9.499999999999989
100
AcDbArc
 50
271.5079577542388
 51
88.49204224576117
  0
LINE
  5
68F
330
70
100
AcDbEntity
  8
final_table_top_design v3_depths$3_4_
100
AcDbLine
 10
-272.4504528303001
 20
160.2560568908538
 30
0.0
 11
-272.5119852220562
 21
160.0955440012669
 31
0.0
  0
SPLINE
  5
690
330
70
100
AcDbEntity
  8
final_table_top_design v3_depths$3_4_
100
AcDbSpline
210
0.0
220
0.0
230
1.0
 70
     8
 71
     3
 72
    15
 73
    11
 74
     0
 42
0.000000001
 43
0.0000000001
 40
41.66025013834979
 40
41.66025013834979
 40
41.66025013834979
 40
41.66025013834979
 40
41.90056320546566
 40
42.01598859276685
 40
42.10809963866914
 40
42.22576552472053
 40
42.47968691568838
 40
42.77004870473521
 40
43.10343874586275
 40
43.4835150912277
 40
43.4835150912277
 40
43.4835150912277
 40
43.4835150912277
 10
-271.0213059246022
 20
161.6294695537079
 30
0.0
 10
-271.0213059246024
 20
161.5493651980026
 30
0.0
 10
-271.0504230580954
 20
161.4314128514364
 30
0.0
 10
-271.1264170471892
 20
161.3025645729902
 30
0.0
 10
-271.1924382452421
 20
161.2163617907541
 30
0.0
 10
-271.2994263488934
 20
161.1044611126527
 30
0.0
 10
-271.4720441997831
 20
160.966230599323
 30
0.0
 10
-271.7171399344335
 20
160.8062296503672
 30
0.0
 10
-272.0079765055857
 20
160.6405217919893
 30
0.0
 10
-272.2186890217652
 20
160.5302369039362
 30
0.0
 10
-272.3315318112137
 20
160.472640055902
 30
0.0
  0
LINE
  5
691
330
70
100
AcDbEntity
  8
final_table_top_design v3_depths$3_4_
100
AcDbLine
 10
-278.8452041358587
 20
175.3938223272611
 30
0.0
 11
-278.863174117232
 21
175.340711048953
 31
0.0
  0
LINE
  5
692
330
70
100
AcDbEntity
  8
final_table_top_design v3_depths$3_4_
100
AcDbLine
 10
-279.3367987365534
 20
175.5009599802216
 30
0.0
 11
-279.2311438791237
 21
175.7446414196392
 31
0.0
  0
LINE
  5
693
330
70
100
AcDbEntity
  8
final_table_top_design v3_depths$3_4_
100
AcDbLine
 10
-273.9067392587549
 20
167.2638660484309
 30
0.0
 11
-273.2701557684336
 21
167.2638660484309
 31
0.0
  0
LINE
  5
694
330
70
100
AcDbEntity
  8
final_table_top_design v3_depths$3_4_
100
AcDbLine
 10
-275.4021782404779
 20
176.7520995411222
 30
0.0
 11
-275.4021782404779
 21
176.126908386694
 31
0.0
  0
LINE
  5
695
330
70
100
AcDbEntity
  8
final_table_top_design v3_depths$3_4_
100
AcDbLine
 10
-275.402178240478
 20
167.9825968064548
 30
0.0
 11
-274.902178240478
 21
167.9825968064548
 31
0.0
  0
LINE
  5
696
330
70
100
AcDbEntity
  8
final_table_top_design v3_depths$3_4_
100
AcDbLine
 10
-273.9067392587549
 20
164.7175320871456
 30
0.0
 11
-273.9067392587549
 21
167.2638660484309
 31
0.0
  0
LINE
  5
697
330
70
100
AcDbEntity
  8
final_table_top_design v3_depths$3_4_
100
AcDbLine
 10
-278.9814133960021
 20
175.9187548319539
 30
0.0
 11
-276.652178240478
 21
175.9187548319538
 31
0.0
  0
SPLINE
  5
698
330
70
100
AcDbEntity
  8
final_table_top_design v3_depths$3_4_
100
AcDbSpline
210
0.0
220
0.0
230
1.0
 70
     8
 71
     3
 72
    10
 73
     6
 74
     0
 42
0.000000001
 43
0.0000000001
 40
3.431575177243559
 40
3.431575177243559
 40
3.431575177243559
 40
3.431575177243559
 40
3.67929736725572
 40
3.989274964958296
 40
4.356716855051109
 40
4.356716855051109
 40
4.356716855051109
 40
4.356716855051109
 10
-271.7614863854534
 20
161.3794695537079
 30
0.0
 10
-271.828243730857
 20
161.3308654645781
 30
0.0
 10
-271.9842710411084
 20
161.2295538881387
 30
0.0
 10
-272.2522885842116
 20
161.0768961693028
 30
0.0
 10
-272.4524261406753
 20
160.9722762288691
 30
0.0
 10
-272.5615272156845
 20
160.9166124150888
 30
0.0
  0
LINE
  5
699
330
70
100
AcDbEntity
  8
final_table_top_design v3_depths$3_4_
100
AcDbLine
 10
-271.5213059246023
 20
171.1954650254579
 30
0.0
 11
-271.5213059246023
 21
172.9250160968504
 31
0.0
  0
SPLINE
  5
69A
330
70
100
AcDbEntity
  8
final_table_top_design v3_depths$3_4_
100
AcDbSpline
210
0.0
220
0.0
230
1.0
 70
     8
 71
     3
 72
    18
 73
    14
 74
     0
 42
0.000000001
 43
0.0000000001
 40
7.788150899532338
 40
7.788150899532338
 40
7.788150899532338
 40
7.788150899532338
 40
8.284951436751397
 40
8.664183745505255
 40
8.950960874472681
 40
9.309734708348543
 40
9.455028227412753
 40
9.579023207974131
 40
9.814676514679502
 40
9.940998372523953
 40
10.07093169789801
 40
10.20204096999075
 40
10.33099335441402
 40
10.33099335441402
 40
10.33099335441402
 40
10.33099335441402
 10
-278.8816721396679
 20
175.2860391159481
 30
0.0
 10
-278.9347466431207
 20
175.1291744724102
 30
0.0
 10
-279.0342216870038
 20
174.8545420146197
 30
0.0
 10
-279.1853196902857
 20
174.4974212455287
 30
0.0
 10
-279.3347341707646
 20
174.190175977339
 30
0.0
 10
-279.4550504272331
 20
173.9556189336776
 30
0.0
 10
-279.546712670495
 20
173.7673853039563
 30
0.0
 10
-279.6155397439455
 20
173.6137312298006
 30
0.0
 10
-279.6708002145114
 20
173.4612959392969
 30
0.0
 10
-279.7187559324562
 20
173.30450245771
 30
0.0
 10
-279.7535544004919
 20
173.1801316484547
 30
0.0
 10
-279.7825255146376
 20
173.0533537265308
 30
0.0
 10
-279.7964208370536
 20
172.967722181712
 30
0.0
 10
-279.8013019832143
 20
172.9250160968504
 30
0.0
  0
LINE
  5
69B
330
70
100
AcDbEntity
  8
final_table_top_design v3_depths$3_4_
100
AcDbLine
 10
-274.902178240478
 20
166.545135290407
 30
0.0
 11
-274.902178240478
 21
167.9825968064548
 31
0.0
  0
LINE
  5
69C
330
70
100
AcDbEntity
  8
final_table_top_design v3_depths$3_4_
100
AcDbLine
 10
-273.9067392587549
 20
167.9004495387522
 30
0.0
 11
-273.9067392587549
 21
169.8102000097162
 31
0.0
  0
ARC
  5
69D
330
70
100
AcDbEntity
  8
final_table_top_design v3_depths$3_4_
100
AcDbCircle
 10
-273.2701557684336
 20
168.8553247742342
 30
0.0
 40
1.591458725803303
100
AcDbArc
 50
270.0
 51
90.0
  0
LINE
  5
69E
330
70
100
AcDbEntity
  8
final_table_top_design v3_depths$3_4_
100
AcDbLine
 10
-274.5433227490762
 20
167.2638660484309
 30
0.0
 11
-274.5433227490762
 21
170.4467835000376
 31
0.0
  0
SPLINE
  5
69F
330
70
100
AcDbEntity
  8
final_table_top_design v3_depths$3_4_
100
AcDbSpline
210
0.0
220
0.0
230
1.0
 70
     8
 71
     3
 72
     8
 73
     4
 74
     0
 42
0.000000001
 43
0.0000000001
 40
30.08221256288962
 40
30.08221256288962
 40
30.08221256288962
 40
30.08221256288962
 40
30.27758522084027
 40
30.27758522084027
 40
30.27758522084027
 40
30.27758522084027
 10
-278.8721550775166
 20
160.2560568908539
 30
0.0
 10
-278.9001251630806
 20
160.3290194253456
 30
0.0
 10
-278.9278001330302
 20
160.3848446307216
 30
0.0
 10
-278.9506226691265
 20
160.4212388264465
 30
0.0
  0
LINE
  5
6A0
330
70
100
AcDbEntity
  8
final_table_top_design v3_depths$3_4_
100
AcDbLine
 10
-271.5213059246023
 20
163.1954650254578
 30
0.0
 11
-271.5213059246023
 21
171.1954650254579
 31
0.0
  0
LINE
  5
6A1
330
70
100
AcDbEntity
  8
final_table_top_design v3_depths$3_4_
100
AcDbLine
 10
-275.4021782404777
 20
161.8794695537079
 30
0.0
 11
-274.9021782404778
 21
161.8794695537079
 31
0.0
  0
LINE
  5
6A2
330
70
100
AcDbEntity
  8
final_table_top_design v3_depths$3_4_
100
AcDbLine
 10
-275.9021782404778
 20
175.3938223272611
 30
0.0
 11
-278.8452041358587
 21
175.3938223272611
 31
0.0
  0
LINE
  5
6A3
330
70
100
AcDbEntity
  8
final_table_top_design v3_depths$3_4_
100
AcDbLine
 10
-280.3013019832144
 20
161.6294695537079
 30
0.0
 11
-280.3013019832144
 21
163.1954650254578
 31
0.0
  0
ARC
  5
6A4
330
70
100
AcDbEntity
  8
final_table_top_design v3_depths$3_4_
100
AcDbCircle
 10
276.4530732200402
 20
169.1736165193949
 30
0.0
 40
1.273166980642535
210
0.0
220
0.0
230
-1.0
100
AcDbArc
 50
0.0
 51
115.638813070818
  0
LINE
  5
6A5
330
70
100
AcDbEntity
  8
final_table_top_design v3_depths$3_4_
100
AcDbLine
 10
-274.9021782404778
 20
161.3794695537079
 30
0.0
 11
-271.7614863854534
 21
161.3794695537079
 31
0.0
  0
SPLINE
  5
6A6
330
70
100
AcDbEntity
  8
final_table_top_design v3_depths$3_4_
100
AcDbSpline
210
0.0
220
0.0
230
1.0
 70
     8
 71
     3
 72
     8
 73
     4
 74
     0
 42
0.000000001
 43
0.0000000001
 40
43.65876502797692
 40
43.65876502797692
 40
43.65876502797692
 40
43.65876502797692
 40
43.85412978830106
 40
43.85412978830106
 40
43.85412978830106
 40
43.85412978830106
 10
-272.3719852386903
 20
160.4212388264465
 30
0.0
 10
-272.3948077747865
 20
160.3848446307215
 30
0.0
 10
-272.4224827447361
 20
160.3290194253456
 30
0.0
 10
-272.4504528303001
 20
160.2560568908538
 30
0.0
  0
LINE
  5
6A7
330
70
100
AcDbEntity
  8
final_table_top_design v3_depths$3_4_
100
AcDbLine
 10
-274.6521782404778
 20
176.4454649943716
 30
0.0
 11
-274.6521782404778
 21
176.1954650254579
 31
0.0
  0
LINE
  5
6A8
330
70
100
AcDbEntity
  8
final_table_top_design v3_depths$3_4_
100
AcDbLine
 10
-280.3013019832144
 20
171.1954650254579
 30
0.0
 11
-280.3013019832144
 21
172.9517240405692
 31
0.0
  0
SPLINE
  5
6A9
330
70
100
AcDbEntity
  8
final_table_top_design v3_depths$3_4_
100
AcDbSpline
210
0.0
220
0.0
230
1.0
 70
     8
 71
     3
 72
    15
 73
    11
 74
     0
 42
0.000000001
 43
0.0000000001
 40
27.69502745183304
 40
27.69502745183304
 40
27.69502745183304
 40
27.69502745183304
 40
28.51943439693916
 40
28.78914072997453
 40
29.15070957193625
 40
29.45140617517759
 40
29.72731329280559
 40
29.86867494830903
 40
30.02192348596834
 40
30.36129141309166
 40
30.36129141309166
 40
30.36129141309166
 40
30.36129141309166
 10
-271.9673111488396
 20
175.446288047253
 30
0.0
 10
-271.8792375942505
 20
175.1859817635584
 30
0.0
 10
-271.7499190953954
 20
174.8444463578238
 30
0.0
 10
-271.5377537477426
 20
174.4077678933517
 30
0.0
 10
-271.3956758503609
 20
174.1316471763004
 30
0.0
 10
-271.2607320669051
 20
173.8492592061191
 30
0.0
 10
-271.1788565267177
 20
173.6240989700427
 30
0.0
 10
-271.1230674055459
 20
173.442293350482
 30
0.0
 10
-271.0660976521231
 20
173.2388178898798
 30
0.0
 10
-271.0344678348257
 20
173.0772312971041
 30
0.0
 10
-271.0226693957523
 20
172.9647256125668
 30
0.0
  0
LINE
  5
6AA
330
70
100
AcDbEntity
  8
final_table_top_design v3_depths$3_4_
100
AcDbLine
 10
-272.477403771958
 20
175.3938223272611
 30
0.0
 11
-275.4021782404778
 21
175.3938223272612
 31
0.0
  0
LINE
  5
6AB
330
70
100
AcDbEntity
  8
final_table_top_design v3_depths$3_4_
100
AcDbLine
 10
-274.5433227490762
 20
170.4467835000375
 30
0.0
 11
-273.2701557684336
 21
170.4467835000375
 31
0.0
  0
LINE
  5
6AC
330
70
100
AcDbEntity
  8
final_table_top_design v3_depths$3_4_
100
AcDbLine
 10
-273.2701557684336
 20
169.8102000097162
 30
0.0
 11
-273.9067392587549
 21
169.8102000097162
 31
0.0
  0
ELLIPSE
  5
6AD
330
70
100
AcDbEntity
  8
final_table_top_design v3_depths$3_4_
100
AcDbEllipse
 10
-275.4021782404811
 20
176.4454650254555
 30
0.0
 11
0.7500000000033336
 21
0.0000000000035323
 31
0.0
210
0.0
220
0.0
230
1.0
 40
0.6666666666668128
 41
0.0
 42
1.57079632678736
  0
LINE
  5
6AE
330
70
100
AcDbEntity
  8
final_table_top_design v3_depths$3_4_
100
AcDbLine
 10
-274.902178240478
 20
169.8923472774188
 30
0.0
 11
-274.9021782404778
 21
169.1736165193949
 31
0.0
  0
LINE
  5
6AF
330
70
100
AcDbEntity
  8
final_table_top_design v3_depths$3_4_
100
AcDbLine
 10
-272.0894266851233
 20
175.7387201691615
 30
0.0
 11
-271.9858091712633
 21
175.5009599802216
 31
0.0
  0
LINE
  5
6B0
330
70
100
AcDbEntity
  8
final_table_top_design v3_depths$3_4_
100
AcDbLine
 10
-275.4021782404779
 20
169.1736165193949
 30
0.0
 11
-274.9021782404778
 21
169.1736165193949
 31
0.0
  0
LINE
  5
6B1
330
70
100
AcDbEntity
  8
final_table_top_design v3_depths$3_4_
100
AcDbLine
 10
-272.5119852220562
 20
160.0955440012669
 30
0.0
 11
-275.4021782404779
 21
160.0955440012669
 31
0.0
  0
LINE
  5
6B2
330
70
100
AcDbEntity
  8
final_table_top_design v3_depths$3_4_
100
AcDbLine
 10
-271.0213059246022
 20
172.9517240405692
 30
0.0
 11
-271.0213059246022
 21
171.1954650254579
 31
0.0
  0
SPLINE
  5
6B3
330
70
100
AcDbEntity
  8
final_table_top_design v3_depths$3_4_
100
AcDbSpline
210
0.0
220
0.0
230
1.0
 70
     8
 71
     3
 72
    15
 73
    11
 74
     0
 42
0.000000001
 43
0.0000000001
 40
63.39703563332317
 40
63.39703563332317
 40
63.39703563332317
 40
63.39703563332317
 40
63.65709728983929
 40
63.78703061521337
 40
63.91335247305779
 40
64.1490057797631
 40
64.41829427938867
 40
64.77706811326446
 40
65.06384524223193
 40
65.93987808820489
 40
65.93987808820489
 40
65.93987808820489
 40
65.93987808820489
 10
-271.5213059246023
 20
172.9250160968504
 30
0.0
 10
-271.5311498601134
 20
173.0111425785134
 30
0.0
 10
-271.5576548260675
 20
173.1387513986286
 30
0.0
 10
-271.6038081994381
 20
173.3044936403201
 30
0.0
 10
-271.6517826617736
 20
173.4613042248096
 30
0.0
 10
-271.7237322268486
 20
173.659287801434
 30
0.0
 10
-271.8487665244136
 20
173.9188935167746
 30
0.0
 10
-271.9878971552353
 20
174.1900954392296
 30
0.0
 10
-272.2095991690709
 20
174.6465734181104
 30
0.0
 10
-272.3473468832663
 20
175.0094319671569
 30
0.0
 10
-272.4409357681485
 20
175.2860391159481
 30
0.0
  0
ARC
  5
6B4
330
70
100
AcDbEntity
  8
final_table_top_design v3_depths$3_4_
100
AcDbCircle
 10
272.338625732655
 20
175.6562885796075
 30
0.0
 40
0.2624788224735656
210
0.0
220
0.0
230
-1.0
100
AcDbArc
 50
90.5607406820617
 51
161.6965007842965
  0
LINE
  5
6B5
330
70
100
AcDbEntity
  8
final_table_top_design v3_depths$3_4_
100
AcDbLine
 10
-272.4409357681485
 20
175.2860391159481
 30
0.0
 11
-272.4594337905845
 21
175.3407110489529
 31
0.0
  0
LINE
  5
6B6
330
70
100
AcDbEntity
  8
final_table_top_design v3_depths$3_4_
100
AcDbLine
 10
-274.6521782404778
 20
176.1954650254579
 30
0.0
 11
-274.6521782404778
 21
175.9187548319539
 31
0.0
  0
LINE
  5
6B7
330
70
100
AcDbEntity
  8
final_table_top_design v3_depths$3_4_
100
AcDbLine
 10
-275.402178240478
 20
169.8923472774188
 30
0.0
 11
-274.902178240478
 21
169.8923472774188
 31
0.0
  0
LINE
  5
6BA
330
70
100
AcDbEntity
  8
final_table_top_design v3_inside semi circle table
100
AcDbLine
 10
-275.4021782404779
 20
-22.30782501793082
 30
0.0
 11
-275.4021782404779
 21
-22.80800786681883
 31
0.0
  0
LINE
  5
6BB
330
70
100
AcDbEntity
  8
final_table_top_design v3_inside semi circle table
100
AcDbLine
 10
-275.4021782404779
 20
-40.80106208226538
 30
0.0
 11
-275.4021782404779
 21
-41.30124493115339
 31
0.0
  0
LINE
  5
6BC
330
70
100
AcDbEntity
  8
final_table_top_design v3_inside semi circle table
100
AcDbLine
 10
-275.9021782404779
 20
-22.80800786681882
 30
0.0
 11
-275.9021782404778
 21
-23.05453497454211
 31
0.0
  0
LINE
  5
6BD
330
70
100
AcDbEntity
  8
final_table_top_design v3_inside semi circle table
100
AcDbLine
 10
-275.6521782404778
 20
-55.80453497454211
 30
0.0
 11
-275.6521782404778
 21
-7.804534974542107
 31
0.0
  0
LINE
  5
6BE
330
70
100
AcDbEntity
  8
final_table_top_design v3_inside semi circle table
100
AcDbLine
 10
-275.4021782404779
 20
-22.80800786681883
 30
0.0
 11
-275.4021782404779
 21
-23.05453497454211
 31
0.0
  0
LINE
  5
6BF
330
70
100
AcDbEntity
  8
final_table_top_design v3_inside semi circle table
100
AcDbLine
 10
-275.4021782404779
 20
-23.24790045887771
 30
0.0
 11
-275.4021782404779
 21
-23.87309161330598
 31
0.0
  0
LINE
  5
6C0
330
70
100
AcDbEntity
  8
final_table_top_design v3_inside semi circle table
100
AcDbLine
 10
-275.9021782404779
 20
-40.80106208226538
 30
0.0
 11
-275.9021782404778
 21
-41.30124493115338
 31
0.0
  0
LINE
  5
6C1
330
70
100
AcDbEntity
  8
final_table_top_design v3_inside semi circle table
100
AcDbLine
 10
-275.9021782404778
 20
-23.2479004588777
 30
0.0
 11
-275.9021782404778
 21
-23.87309161330596
 31
0.0
  0
LINE
  5
6C2
330
70
100
AcDbEntity
  8
final_table_top_design v3_inside semi circle table
100
AcDbLine
 10
-275.4021782404779
 20
-39.66819441979899
 30
0.0
 11
-275.4021782404779
 21
-40.80106208226538
 31
0.0
  0
LINE
  5
6C3
330
70
100
AcDbEntity
  8
final_table_top_design v3_inside semi circle table
100
AcDbLine
 10
-275.9021782404778
 20
-22.3078250179308
 30
0.0
 11
-275.9021782404779
 21
-22.80800786681882
 31
0.0
  0
LINE
  5
6C4
330
70
100
AcDbEntity
  8
final_table_top_design v3_inside semi circle table
100
AcDbLine
 10
-275.9021782404778
 20
-39.66819441979899
 30
0.0
 11
-275.9021782404779
 21
-40.80106208226539
 31
0.0
  0
LINE
  5
6C6
330
70
100
AcDbEntity
  8
final_table_top_design v3_Default
100
AcDbLine
 10
-275.9021782404778
 20
-24.6061776727388
 30
0.0
 11
-278.9865509543226
 21
-24.6061776727388
 31
0.0
  0
LINE
  5
6C7
330
70
100
AcDbEntity
  8
final_table_top_design v3_Default
100
AcDbLine
 10
-275.4021782404779
 20
-54.80453497454211
 30
0.0
 11
-228.6521782404778
 21
-54.80453497454211
 31
0.0
  0
LINE
  5
6C8
330
70
100
AcDbEntity
  8
final_table_top_design v3_Default
100
AcDbLine
 10
-228.6521782404778
 20
-54.80453497454211
 30
0.0
 11
-228.6521782404778
 21
-8.804534974542107
 31
0.0
  0
LINE
  5
6C9
330
70
100
AcDbEntity
  8
final_table_top_design v3_Default
100
AcDbLine
 10
-323.6521782404778
 20
-7.804534974542107
 30
0.0
 11
-227.6521782404778
 21
-7.804534974542107
 31
0.0
  0
LINE
  5
6CA
330
70
100
AcDbEntity
  8
final_table_top_design v3_Default
100
AcDbLine
 10
-275.9021782404778
 20
-22.3078250179308
 30
0.0
 11
-275.9021782404778
 21
-8.804534974542105
 31
0.0
  0
LINE
  5
6CB
330
70
100
AcDbEntity
  8
final_table_top_design v3_Default
100
AcDbLine
 10
-322.6521782404778
 20
-8.804534974542107
 30
0.0
 11
-322.6521782404778
 21
-54.80453497454211
 31
0.0
  0
LINE
  5
6CC
330
70
100
AcDbEntity
  8
final_table_top_design v3_Default
100
AcDbLine
 10
-273.2701557684335
 20
-30.18979999028376
 30
0.0
 11
-273.9067392587548
 21
-30.18979999028376
 31
0.0
  0
LINE
  5
6CD
330
70
100
AcDbEntity
  8
final_table_top_design v3_Default
100
AcDbLine
 10
-274.543322749076
 20
-32.73613395156905
 30
0.0
 11
-274.543322749076
 21
-29.55321649996243
 31
0.0
  0
LINE
  5
6CE
330
70
100
AcDbEntity
  8
final_table_top_design v3_Default
100
AcDbLine
 10
-278.3628236910041
 20
-29.55321649996243
 30
0.0
 11
-278.3628236910041
 21
-32.73613395156905
 31
0.0
  0
ARC
  5
6CF
330
70
100
AcDbEntity
  8
final_table_top_design v3_Default
100
AcDbCircle
 10
-276.4530732200401
 20
-32.73613395156905
 30
0.0
 40
1.909750470963966
100
AcDbArc
 50
303.3861340862793
 51
0.0
  0
LINE
  5
6D0
330
70
100
AcDbEntity
  8
final_table_top_design v3_Default
100
AcDbLine
 10
-276.6521782404778
 20
-23.80453497454211
 30
0.0
 11
-276.6521782404778
 21
-24.08124516804611
 31
0.0
  0
LINE
  5
6D1
330
70
100
AcDbEntity
  8
final_table_top_design v3_Default
100
AcDbLine
 10
-227.6521782404778
 20
-7.804534974542107
 30
0.0
 11
-227.6521782404778
 21
-55.80453497454211
 31
0.0
  0
LINE
  5
6D2
330
70
100
AcDbEntity
  8
final_table_top_design v3_Default
100
AcDbLine
 10
-275.9021782404778
 20
-54.80453497454211
 30
0.0
 11
-275.9021782404778
 21
-41.30124493115339
 31
0.0
  0
LINE
  5
6D3
330
70
100
AcDbEntity
  8
final_table_top_design v3_Default
100
AcDbLine
 10
-277.0896567103614
 20
-30.82638348060509
 30
0.0
 11
-277.0896567103613
 21
-31.63353900307295
 31
0.0
  0
LINE
  5
6D4
330
70
100
AcDbEntity
  8
final_table_top_design v3_Default
100
AcDbLine
 10
-276.6521782404778
 20
-23.55453497454211
 30
0.0
 11
-276.6521782404778
 21
-23.80453497454211
 31
0.0
  0
LINE
  5
6D5
330
70
100
AcDbEntity
  8
final_table_top_design v3_Default
100
AcDbLine
 10
-279.6359906716467
 20
-34.0093009322117
 30
0.0
 11
-278.6582631170322
 21
-34.0093009322117
 31
0.0
  0
LINE
  5
6D6
330
70
100
AcDbEntity
  8
final_table_top_design v3_Default
100
AcDbLine
 10
-274.543322749076
 20
-29.55321649996243
 30
0.0
 11
-273.2701557684334
 21
-29.55321649996243
 31
0.0
  0
LINE
  5
6D7
330
70
100
AcDbEntity
  8
final_table_top_design v3_Default
100
AcDbLine
 10
-228.6521782404778
 20
-8.804534974542104
 30
0.0
 11
-275.4021782404779
 21
-8.804534974542107
 31
0.0
  0
ARC
  5
6D8
330
70
100
AcDbEntity
  8
final_table_top_design v3_Default
100
AcDbCircle
 10
-275.6521782404778
 20
-31.80453497454211
 30
0.0
 40
9.0
100
AcDbArc
 50
271.5917541765993
 51
88.4082458234141
  0
LINE
  5
6D9
330
70
100
AcDbEntity
  8
final_table_top_design v3_Default
100
AcDbLine
 10
-275.4021782404779
 20
-38.30552870987763
 30
0.0
 11
-275.4021782404779
 21
-23.87309161330598
 31
0.0
  0
LINE
  5
6DA
330
70
100
AcDbEntity
  8
final_table_top_design v3_Default
100
AcDbLine
 10
-275.9021782404778
 20
-38.32231424825092
 30
0.0
 11
-275.9021782404778
 21
-23.87309161330596
 31
0.0
  0
ARC
  5
6DB
330
70
100
AcDbEntity
  8
final_table_top_design v3_Default
100
AcDbCircle
 10
-275.6521782404778
 20
-31.80453497454211
 30
0.0
 40
8.999999999999998
100
AcDbArc
 50
91.59175417660001
 51
268.4082458234141
  0
ARC
  5
6DC
330
70
100
AcDbEntity
  8
final_table_top_design v3_Default
100
AcDbCircle
 10
-276.4530732200401
 20
-32.73613395156905
 30
0.0
 40
1.909750470963981
100
AcDbArc
 50
180.0
 51
286.7660428209185
  0
LINE
  5
6DD
330
70
100
AcDbEntity
  8
final_table_top_design v3_Default
100
AcDbLine
 10
-275.9021782404778
 20
-8.804534974542107
 30
0.0
 11
-322.6521782404778
 21
-8.804534974542107
 31
0.0
  0
LINE
  5
6DE
330
70
100
AcDbEntity
  8
final_table_top_design v3_Default
100
AcDbLine
 10
-273.9067392587548
 20
-32.73613395156905
 30
0.0
 11
-273.2701557684335
 21
-32.73613395156905
 31
0.0
  0
LINE
  5
6DF
330
70
100
AcDbEntity
  8
final_table_top_design v3_Default
100
AcDbLine
 10
-272.3411945118164
 20
-24.60617767273881
 30
0.0
 11
-275.4021782404779
 21
-24.6061776727388
 31
0.0
  0
ARC
  5
6E0
330
70
100
AcDbEntity
  8
final_table_top_design v3_Default
100
AcDbCircle
 10
272.3386257326549
 20
-24.34371142039245
 30
0.0
 40
0.2624788224735764
210
0.0
220
0.0
230
-1.0
100
AcDbArc
 50
90.56074068204926
 51
270.5607406820493
  0
LINE
  5
6E1
330
70
100
AcDbEntity
  8
final_table_top_design v3_Default
100
AcDbLine
 10
-274.6521782404778
 20
-24.0812451680461
 30
0.0
 11
-274.6521782404778
 21
-23.8045349745421
 31
0.0
  0
LINE
  5
6E2
330
70
100
AcDbEntity
  8
final_table_top_design v3_Default
100
AcDbLine
 10
-275.4021782404779
 20
-24.0812451680461
 30
0.0
 11
-272.3360569534944
 21
-24.0812451680461
 31
0.0
  0
LINE
  5
6E3
330
70
100
AcDbEntity
  8
final_table_top_design v3_Default
100
AcDbLine
 10
-323.6521782404778
 20
-55.80453497454211
 30
0.0
 11
-323.6521782404778
 21
-7.804534974542107
 31
0.0
  0
LINE
  5
6E4
330
70
100
AcDbEntity
  8
final_table_top_design v3_Default
100
AcDbLine
 10
-278.9814133960019
 20
-24.0812451680461
 30
0.0
 11
-275.9021782404778
 21
-24.0812451680461
 31
0.0
  0
LINE
  5
6E5
330
70
100
AcDbEntity
  8
final_table_top_design v3_Default
100
AcDbLine
 10
-275.4021782404779
 20
-54.80453497454211
 30
0.0
 11
-275.4021782404779
 21
-41.30124493115339
 31
0.0
  0
LINE
  5
6E6
330
70
100
AcDbEntity
  8
final_table_top_design v3_Default
100
AcDbLine
 10
-322.6521782404778
 20
-54.80453497454211
 30
0.0
 11
-275.9021782404778
 21
-54.80453497454211
 31
0.0
  0
LINE
  5
6E7
330
70
100
AcDbEntity
  8
final_table_top_design v3_Default
100
AcDbLine
 10
-227.6521782404778
 20
-55.80453497454211
 30
0.0
 11
-323.6521782404778
 21
-55.80453497454211
 31
0.0
  0
LINE
  5
6E8
330
70
100
AcDbEntity
  8
final_table_top_design v3_Default
100
AcDbLine
 10
-273.2701557684335
 20
-32.09955046124772
 30
0.0
 11
-273.9067392587548
 21
-32.09955046124774
 31
0.0
  0
LINE
  5
6E9
330
70
100
AcDbEntity
  8
final_table_top_design v3_Default
100
AcDbLine
 10
-275.4021782404779
 20
-30.82638348060509
 30
0.0
 11
-275.1799062393974
 21
-30.82638348060509
 31
0.0
  0
LINE
  5
6EA
330
70
100
AcDbEntity
  8
final_table_top_design v3_Default
100
AcDbLine
 10
-274.6521782404778
 20
-23.80453497454211
 30
0.0
 11
-274.6521782404778
 21
-23.55453500562838
 31
0.0
  0
LINE
  5
6EB
330
70
100
AcDbEntity
  8
final_table_top_design v3_Default
100
AcDbLine
 10
-275.4021782404779
 20
-22.3078250179308
 30
0.0
 11
-275.4021782404779
 21
-8.804534974542105
 31
0.0
  0
ARC
  5
6EC
330
70
100
AcDbEntity
  8
final_table_top_design v3_Default
100
AcDbCircle
 10
-276.4530732200401
 20
-32.73613395156903
 30
0.0
 40
1.273166980642667
100
AcDbArc
 50
325.6308959473018
 51
359.9999999999988
  0
LINE
  5
6ED
330
70
100
AcDbEntity
  8
final_table_top_design v3_Default
100
AcDbLine
 10
-273.9067392587548
 20
-35.28246791285436
 30
0.0
 11
-273.9067392587548
 21
-32.73613395156905
 31
0.0
  0
ARC
  5
6EE
330
70
100
AcDbEntity
  8
final_table_top_design v3_Default
100
AcDbCircle
 10
-273.2701557684335
 20
-31.14467522576575
 30
0.0
 40
0.9548752354819797
100
AcDbArc
 50
270.0
 51
90.0
  0
ARC
  5
6EF
330
70
100
AcDbEntity
  8
final_table_top_design v3_Default
100
AcDbCircle
 10
-276.4530732200401
 20
-32.73613395156905
 30
0.0
 40
0.6365834903213116
100
AcDbArc
 50
30.0723740196123
 51
329.9276259803916
  0
LINE
  5
6F0
330
70
100
AcDbEntity
  8
final_table_top_design v3_Default
100
AcDbLine
 10
-277.7262402006828
 20
-30.82638348060509
 30
0.0
 11
-277.7262402006828
 21
-32.73613395156904
 31
0.0
  0
ARC
  5
6F1
330
70
100
AcDbEntity
  8
final_table_top_design v3_Default
100
AcDbCircle
 10
-276.4530732200401
 20
-32.73613395156903
 30
0.0
 40
2.546333961285294
100
AcDbArc
 50
180.0000000000001
 51
194.4775121859304
  0
ARC
  5
6F2
330
70
100
AcDbEntity
  8
final_table_top_design v3_Default
100
AcDbCircle
 10
-273.2701557684335
 20
-31.14467522576575
 30
0.0
 40
1.591458725803308
100
AcDbArc
 50
270.0
 51
90.0
  0
ARC
  5
6F3
330
70
100
AcDbEntity
  8
final_table_top_design v3_Default
100
AcDbCircle
 10
276.4530732200401
 20
-30.82638348060509
 30
0.0
 40
1.273166980642664
210
0.0
220
0.0
230
-1.0
100
AcDbArc
 50
145.6308959473019
 51
180.0
  0
LINE
  5
6F4
330
70
100
AcDbEntity
  8
final_table_top_design v3_Default
100
AcDbLine
 10
-278.9994071813254
 20
-30.50809173544442
 30
0.0
 11
-278.9994071813254
 21
-32.73613395156904
 31
0.0
  0
LINE
  5
6F5
330
70
100
AcDbEntity
  8
final_table_top_design v3_Default
100
AcDbLine
 10
-275.9021782404778
 20
-23.24790045887771
 30
0.0
 11
-275.9021782404778
 21
-23.05453497454211
 31
0.0
  0
LINE
  5
6F6
330
70
100
AcDbEntity
  8
final_table_top_design v3_Default
100
AcDbLine
 10
-279.6359906716467
 20
-34.0093009322117
 30
0.0
 11
-279.6359906716467
 21
-33.37271744189039
 31
0.0
  0
ARC
  5
6F7
330
70
100
AcDbEntity
  8
final_table_top_design v3_Default
100
AcDbCircle
 10
-276.4530732200401
 20
-32.73613395156903
 30
0.0
 40
1.273166980642669
100
AcDbArc
 50
180.0000000000003
 51
295.638813070815
  0
SPLINE
  5
6F8
330
70
100
AcDbEntity
  8
final_table_top_design v3_Default
100
AcDbSpline
210
0.0
220
0.0
230
1.0
 70
    12
 71
     2
 72
     8
 73
     5
 74
     0
 42
0.000000001
 43
0.0000000001
 40
10.37973942941414
 40
10.37973942941414
 40
10.37973942941414
 40
11.74557428756428
 40
11.74557428756428
 40
13.11140914571438
 40
13.11140914571438
 40
13.11140914571438
 10
-275.9021782404778
 20
-23.2479004588777
 30
0.0
 41
0.933538525052524
 10
-276.2889833185799
 20
-23.29783563617361
 30
0.0
 41
0.7453242274970994
 10
-276.2889833185799
 20
-23.56049603609183
 30
0.0
 41
1.0
 10
-276.2889833185799
 20
-23.82315643601002
 30
0.0
 41
0.7453242274971059
 10
-275.9021782404778
 20
-23.87309161330596
 30
0.0
 41
0.933538525052514
  0
ARC
  5
6F9
330
70
100
AcDbEntity
  8
final_table_top_design v3_Default
100
AcDbCircle
 10
276.4530732200401
 20
-32.73613395156907
 30
0.0
 40
1.27316698064267
210
0.0
220
0.0
230
-1.0
100
AcDbArc
 50
145.6308959473015
 51
180.0
  0
SPLINE
  5
6FA
330
70
100
AcDbEntity
  8
final_table_top_design v3_Default
100
AcDbSpline
210
0.0
220
0.0
230
1.0
 70
    12
 71
     2
 72
     8
 73
     5
 74
     0
 42
0.000000001
 43
0.0000000001
 40
0.2499999999999858
 40
0.2499999999999858
 40
0.2499999999999858
 40
0.2500000690563164
 40
0.2500000690563164
 40
1.820796464907533
 40
1.820796464907533
 40
1.820796464907533
 10
-274.6521782404778
 20
-23.55453500562839
 30
0.0
 41
0.9999999742472926
 10
-274.6521782404778
 20
-23.55453499008525
 30
0.0
 41
0.9999999871236456
 10
-274.6521782404778
 20
-23.55453497454212
 30
0.0
 41
1.0
 10
-274.6521782404778
 20
-23.05453497454209
 30
0.0
 41
0.7071067811865475
 10
-275.4021782404779
 20
-23.05453497454211
 30
0.0
 41
1.0
  0
LINE
  5
6FB
330
70
100
AcDbEntity
  8
final_table_top_design v3_Default
100
AcDbLine
 10
-278.3628236910041
 20
-29.55321649996243
 30
0.0
 11
-279.6359906716467
 21
-30.18979999028376
 31
0.0
  0
SPLINE
  5
6FC
330
70
100
AcDbEntity
  8
final_table_top_design v3_Default
100
AcDbSpline
210
0.0
220
0.0
230
1.0
 70
    12
 71
     2
 72
     6
 73
     3
 74
     0
 42
0.000000001
 43
0.0000000001
 40
2.070796464907533
 40
2.070796464907533
 40
2.070796464907533
 40
3.64159279170243
 40
3.64159279170243
 40
3.64159279170243
 10
-275.9021782404778
 20
-23.05453497454211
 30
0.0
 41
1.0
 10
-276.6521782404778
 20
-23.05453497454209
 30
0.0
 41
0.7071067811865475
 10
-276.6521782404778
 20
-23.55453497454211
 30
0.0
 41
1.0
  0
LINE
  5
6FD
330
70
100
AcDbEntity
  8
final_table_top_design v3_Default
100
AcDbLine
 10
-279.6359906716467
 20
-30.18979999028376
 30
0.0
 11
-279.6359906716467
 21
-30.82638348060509
 31
0.0
  0
LINE
  5
6FE
330
70
100
AcDbEntity
  8
final_table_top_design v3_Default
100
AcDbLine
 10
-274.543322749076
 20
-35.28246791285436
 30
0.0
 11
-273.9067392587548
 21
-35.28246791285436
 31
0.0
  0
ARC
  5
6FF
330
70
100
AcDbEntity
  8
final_table_top_design v3_Default
100
AcDbCircle
 10
-276.4530732200401
 20
-32.73613395156903
 30
0.0
 40
2.546333961285294
100
AcDbArc
 50
294.3751248381062
 51
318.5903778907299
  0
LINE
  5
700
330
70
100
AcDbEntity
  8
final_table_top_design v3_Default
100
AcDbLine
 10
-275.4021782404779
 20
-23.24790045887771
 30
0.0
 11
-275.4021782404779
 21
-23.05453497454211
 31
0.0
  0
LINE
  5
701
330
70
100
AcDbEntity
  8
final_table_top_design v3_Default
100
AcDbLine
 10
-274.543322749076
 20
-34.42037555568878
 30
0.0
 11
-274.543322749076
 21
-35.28246791285436
 31
0.0
  0
ARC
  5
702
330
70
100
AcDbEntity
  8
final_table_top_design v3_Default
100
AcDbCircle
 10
278.9839821751616
 20
-24.34371142039245
 30
0.0
 40
0.2624788224735753
210
0.0
220
0.0
230
-1.0
100
AcDbArc
 50
269.4392593179135
 51
90.56074068185074
  0
ARC
  5
703
330
70
100
AcDbEntity
  8
final_table_top_design v3_Default
100
AcDbCircle
 10
276.4530732200401
 20
-30.82638348060509
 30
0.0
 40
1.273166980642669
210
0.0
220
0.0
230
-1.0
100
AcDbArc
 50
0.0000000000003198
 51
115.6388130708151
  0
ARC
  5
704
330
70
100
AcDbEntity
  8
final_table_top_design v3_Default
100
AcDbCircle
 10
-276.4530732200401
 20
-32.73613395156903
 30
0.0
 40
2.546333961285299
100
AcDbArc
 50
210.0000000000003
 51
282.4946401056686
  0
ARC
  5
705
330
70
100
AcDbEntity
  8
final_table_top_design v3_Default
100
AcDbCircle
 10
276.4530732200401
 20
-30.8263834806051
 30
0.0
 40
0.6365834903213124
210
0.0
220
0.0
230
-1.0
100
AcDbArc
 50
0.0000000000009593
 51
149.9276259803874
  0
ARC
  5
706
330
70
100
AcDbEntity
  8
final_table_top_design v3_Default
100
AcDbCircle
 10
276.4530732200401
 20
-32.73613395156907
 30
0.0
 40
1.273166980642675
210
0.0
220
0.0
230
-1.0
100
AcDbArc
 50
60.00000000000464
 51
115.638813070815
  0
LINE
  5
707
330
70
100
AcDbEntity
  8
final_table_top_design v3_Default
100
AcDbLine
 10
-279.6359906716467
 20
-33.37271744189039
 30
0.0
 11
-278.9185504765251
 21
-33.37271744189039
 31
0.0
  0
SPLINE
  5
708
330
70
100
AcDbEntity
  8
final_table_top_design v3_Default
100
AcDbSpline
210
0.0
220
0.0
230
1.0
 70
    12
 71
     2
 72
     8
 73
     5
 74
     0
 42
0.000000001
 43
0.0000000001
 40
6.988146775824369
 40
6.988146775824369
 40
6.988146775824369
 40
8.353981633974482
 40
8.353981633974482
 40
9.719816492124627
 40
9.719816492124627
 40
9.719816492124627
 10
-275.4021782404779
 20
-23.87309161330598
 30
0.0
 41
0.9335385250525176
 10
-275.0153731623756
 20
-23.82315643601004
 30
0.0
 41
0.7453242274971038
 10
-275.0153731623757
 20
-23.56049603609185
 30
0.0
 41
1.0
 10
-275.0153731623757
 20
-23.29783563617364
 30
0.0
 41
0.7453242274970981
 10
-275.4021782404779
 20
-23.24790045887772
 30
0.0
 41
0.9335385250525259
  0
ARC
  5
709
330
70
100
AcDbEntity
  8
final_table_top_design v3_Default
100
AcDbCircle
 10
276.4530732200401
 20
-32.73613395156907
 30
0.0
 40
1.273166980642669
210
0.0
220
0.0
230
-1.0
100
AcDbArc
 50
0.0000000000015988
 51
0.0000000000015988
  0
LINE
  5
70A
330
70
100
AcDbEntity
  8
final_table_top_design v3_Default
100
AcDbLine
 10
-278.9994071813254
 20
-30.50809173544442
 30
0.0
 11
-279.6359906716467
 21
-30.82638348060509
 31
0.0
  0
LINE
  5
70B
330
70
100
AcDbEntity
  8
final_table_top_design v3_Default
100
AcDbLine
 10
-273.9067392587548
 20
-32.09955046124774
 30
0.0
 11
-273.9067392587548
 21
-30.18979999028376
 31
0.0
  0
LINE
  5
70D
330
70
100
AcDbEntity
  8
final_table_top_design v3_table legs
100
AcDbLine
 10
-280.0119319044742
 20
-36.77890331686789
 30
0.0
 11
-280.0119319044742
 21
-28.77890331686789
 31
0.0
  0
LINE
  5
70E
330
70
100
AcDbEntity
  8
final_table_top_design v3_table legs
100
AcDbLine
 10
-272.647126697826
 20
-39.64291679939159
 30
0.0
 11
-272.6568168382601
 21
-39.66819441979899
 31
0.0
  0
LINE
  5
70F
330
70
100
AcDbEntity
  8
final_table_top_design v3_table legs
100
AcDbLine
 10
-275.4021782404779
 20
-39.62882434105882
 30
0.0
 11
-275.4021782404779
 21
-38.30552870987763
 31
0.0
  0
LINE
  5
710
330
70
100
AcDbEntity
  8
final_table_top_design v3_table legs
100
AcDbLine
 10
-271.3106760033423
 20
-28.77890331686789
 30
0.0
 11
-271.3106760033423
 21
-27.03778849052854
 31
0.0
  0
LINE
  5
711
330
70
100
AcDbEntity
  8
final_table_top_design v3_table legs
100
AcDbLine
 10
-275.3234380829975
 20
-39.58945426231866
 30
0.0
 11
-275.3234380829975
 21
-38.38426886735796
 31
0.0
  0
LINE
  5
712
330
70
100
AcDbEntity
  8
final_table_top_design v3_table legs
100
AcDbLine
 10
-271.2319358458621
 20
-27.03365845200532
 30
0.0
 11
-271.2319358458621
 21
-28.77890331686789
 31
0.0
  0
LINE
  5
713
330
70
100
AcDbEntity
  8
final_table_top_design v3_table legs
100
AcDbLine
 10
-271.2319358458621
 20
-36.77890331686789
 30
0.0
 11
-271.2319358458621
 21
-38.34489878861779
 31
0.0
  0
LINE
  5
714
330
70
100
AcDbEntity
  8
final_table_top_design v3_table legs
100
AcDbLine
 10
-279.1415764841573
 20
-24.55361417411241
 30
0.0
 11
-279.1557777264334
 21
-24.59558673463821
 31
0.0
  0
LINE
  5
715
330
70
100
AcDbEntity
  8
final_table_top_design v3_table legs
100
AcDbLine
 10
-280.0119319044742
 20
-28.77890331686789
 30
0.0
 11
-280.0119319044742
 21
-27.03778849052854
 31
0.0
  0
LINE
  5
716
330
70
100
AcDbEntity
  8
final_table_top_design v3_table legs
100
AcDbLine
 10
-275.9021782404778
 20
-39.62882434105882
 30
0.0
 11
-275.9021782404778
 21
-38.30552870987763
 31
0.0
  0
LINE
  5
717
330
70
100
AcDbEntity
  8
final_table_top_design v3_table legs
100
AcDbLine
 10
-280.0119319044742
 20
-38.30552870987761
 30
0.0
 11
-280.0119319044742
 21
-36.77890331686789
 31
0.0
  0
LINE
  5
718
330
70
100
AcDbEntity
  8
final_table_top_design v3_table legs
100
AcDbLine
 10
-275.9809183979581
 20
-39.58945426231866
 30
0.0
 11
-275.9809183979581
 21
-38.38426886735796
 31
0.0
  0
LINE
  5
719
330
70
100
AcDbEntity
  8
final_table_top_design v3_table legs
100
AcDbLine
 10
-271.3106760033423
 20
-36.77890331686789
 30
0.0
 11
-271.3106760033423
 21
-28.77890331686789
 31
0.0
  0
LINE
  5
71A
330
70
100
AcDbEntity
  8
final_table_top_design v3_table legs
100
AcDbLine
 10
-271.3106760033423
 20
-38.30552870987763
 30
0.0
 11
-271.3106760033423
 21
-36.77890331686788
 31
0.0
  0
LINE
  5
71B
330
70
100
AcDbEntity
  8
final_table_top_design v3_table legs
100
AcDbLine
 10
-271.2319358458621
 20
-28.77890331686789
 30
0.0
 11
-271.2319358458621
 21
-36.77890331686789
 31
0.0
  0
LINE
  5
71C
330
70
100
AcDbEntity
  8
final_table_top_design v3_table legs
100
AcDbLine
 10
-280.0906720619545
 20
-28.77890331686789
 30
0.0
 11
-280.0906720619545
 21
-36.77890331686789
 31
0.0
  0
LINE
  5
71D
330
70
100
AcDbEntity
  8
final_table_top_design v3_table legs
100
AcDbLine
 10
-280.0904573420883
 20
-27.03161096035218
 30
0.0
 11
-280.0906720619544
 21
-27.03365845200533
 31
0.0
  0
LINE
  5
71E
330
70
100
AcDbEntity
  8
final_table_top_design v3_table legs
100
AcDbLine
 10
-271.2321505657282
 20
-27.03161096035218
 30
0.0
 11
-271.231935845862
 21
-27.03365845200532
 31
0.0
  0
LINE
  5
71F
330
70
100
AcDbEntity
  8
final_table_top_design v3_table legs
100
AcDbLine
 10
-278.6118525318091
 20
-39.58945426231866
 30
0.0
 11
-275.9809183979581
 21
-39.58945426231866
 31
0.0
  0
LINE
  5
720
330
70
100
AcDbEntity
  8
final_table_top_design v3_table legs
100
AcDbLine
 10
-275.3234380829975
 20
-38.38426886735796
 30
0.0
 11
-271.3141818872951
 21
-38.38426886735796
 31
0.0
  0
LINE
  5
721
330
70
100
AcDbEntity
  8
final_table_top_design v3_table legs
100
AcDbLine
 10
-275.4021782404779
 20
-39.66819441979899
 30
0.0
 11
-275.4021782404779
 21
-39.62882434105882
 31
0.0
  0
LINE
  5
722
330
70
100
AcDbEntity
  8
final_table_top_design v3_table legs
100
AcDbLine
 10
-275.9021782404778
 20
-39.66819441979899
 30
0.0
 11
-275.9021782404778
 21
-39.62882434105882
 31
0.0
  0
LINE
  5
723
330
70
100
AcDbEntity
  8
final_table_top_design v3_table legs
100
AcDbLine
 10
-278.6657910695565
 20
-39.66819441979899
 30
0.0
 11
-275.9021782404778
 21
-39.66819441979899
 31
0.0
  0
LINE
  5
724
330
70
100
AcDbEntity
  8
final_table_top_design v3_table legs
100
AcDbLine
 10
-272.6568168382601
 20
-39.66819441979899
 30
0.0
 11
-275.4021782404779
 21
-39.66819441979899
 31
0.0
  0
LINE
  5
725
330
70
100
AcDbEntity
  8
final_table_top_design v3_table legs
100
AcDbLine
 10
-272.1810314236591
 20
-24.55361417411247
 30
0.0
 11
-272.1668301813831
 21
-24.59558673463822
 31
0.0
  0
LINE
  5
726
330
70
100
AcDbEntity
  8
final_table_top_design v3_table legs
100
AcDbLine
 10
-275.9021782404778
 20
-38.30552870987763
 30
0.0
 11
-280.0119319044742
 21
-38.30552870987761
 31
0.0
  0
LINE
  5
727
330
70
100
AcDbEntity
  8
final_table_top_design v3_table legs
100
AcDbLine
 10
-280.0906720619545
 20
-27.03365845200533
 30
0.0
 11
-280.0906720619545
 21
-28.77890331686789
 31
0.0
  0
LINE
  5
728
330
70
100
AcDbEntity
  8
final_table_top_design v3_table legs
100
AcDbLine
 10
-278.6754812099906
 20
-39.64291679939159
 30
0.0
 11
-278.6657910695565
 21
-39.66819441979899
 31
0.0
  0
LINE
  5
729
330
70
100
AcDbEntity
  8
final_table_top_design v3_table legs
100
AcDbLine
 10
-272.7107553760074
 20
-39.58945426231866
 30
0.0
 11
-275.3234380829975
 21
-39.58945426231866
 31
0.0
  0
LINE
  5
72A
330
70
100
AcDbEntity
  8
final_table_top_design v3_table legs
100
AcDbLine
 10
-275.4021782404779
 20
-38.30552870987763
 30
0.0
 11
-271.3106760033424
 21
-38.30552870987763
 31
0.0
  0
LINE
  5
72B
330
70
100
AcDbEntity
  8
final_table_top_design v3_table legs
100
AcDbLine
 10
-280.0906720619545
 20
-36.77890331686789
 30
0.0
 11
-280.0906720619545
 21
-38.34489878861779
 31
0.0
  0
LINE
  5
72C
330
70
100
AcDbEntity
  8
final_table_top_design v3_table legs
100
AcDbLine
 10
-275.9809183979581
 20
-38.38426886735796
 30
0.0
 11
-280.0084260205215
 21
-38.38426886735794
 31
0.0
  0
SPLINE
  5
72D
330
70
100
AcDbEntity
  8
final_table_top_design v3_table legs
100
AcDbSpline
210
0.0
220
0.0
230
1.0
 70
     8
 71
     3
 72
    15
 73
    11
 74
     0
 42
0.000000001
 43
0.0000000001
 40
9.544203799818076
 40
9.544203799818076
 40
9.544203799818076
 40
9.544203799818076
 40
9.631377801240233
 40
9.723847117642687
 40
9.825700571018424
 40
9.940231451976979
 40
10.06992700418131
 40
10.32367505607716
 40
10.69419849828469
 40
11.13904086178217
 40
11.13904086178217
 40
11.13904086178217
 40
11.13904086178217
 10
-271.2319358458621
 20
-38.34489878861779
 30
0.0
 10
-271.2319358458621
 20
-38.37395678909184
 30
0.0
 10
-271.2410242721743
 20
-38.43374569714436
 30
0.0
 10
-271.2788574069649
 20
-38.5203112852472
 30
0.0
 10
-271.3382098870854
 20
-38.6048589470961
 30
0.0
 10
-271.4174468403925
 20
-38.68898457835947
 30
0.0
 10
-271.5434285402203
 20
-38.7973437465592
 30
0.0
 10
-271.7496747550066
 20
-38.94148395961712
 30
0.0
 10
-272.0572270920294
 20
-39.12182995326855
 30
0.0
 10
-272.2979342253136
 20
-39.24812653930115
 30
0.0
 10
-272.4300170971252
 20
-39.31551575961314
 30
0.0
  0
SPLINE
  5
72E
330
70
100
AcDbEntity
  8
final_table_top_design v3_table legs
100
AcDbSpline
210
0.0
220
0.0
230
1.0
 70
     8
 71
     3
 72
    16
 73
    12
 74
     0
 42
0.000000001
 43
0.0000000001
 40
-1.847742957211396
 40
-1.847742957211396
 40
-1.847742957211396
 40
-1.847742957211396
 40
-1.135536836793288
 40
-0.882240494027271
 40
-0.6771568338059862
 40
-0.3640922275044303
 40
-0.1299349170268229
 40
0.0782756735500749
 40
0.2896476975073377
 40
0.5231639563937774
 40
0.7717946200069066
 40
0.7717946200069066
 40
0.7717946200069066
 40
0.7717946200069066
 10
-279.1557777264335
 20
-24.59558673463821
 30
0.0
 10
-279.2318645728602
 20
-24.82046563641242
 30
0.0
 10
-279.3443551941049
 20
-25.12229435624763
 30
0.0
 10
-279.5063794227309
 20
-25.47741282362606
 30
0.0
 10
-279.6210382166512
 20
-25.70758831278685
 30
0.0
 10
-279.734670861168
 20
-25.93111015408368
 30
0.0
 10
-279.8445122813584
 20
-26.15778981461169
 30
0.0
 10
-279.9249108522138
 20
-26.36051856525857
 30
0.0
 10
-279.9913984106805
 20
-26.56788126594461
 30
0.0
 10
-280.0531050620189
 20
-26.79073410791244
 30
0.0
 10
-280.0818134676914
 20
-26.94918607346354
 30
0.0
 10
-280.0904573420883
 20
-27.03161096035218
 30
0.0
  0
LINE
  5
72F
330
70
100
AcDbEntity
  8
final_table_top_design v3_table legs
100
AcDbLine
 10
-279.0811911722116
 20
-24.62082278681221
 30
0.0
 11
-279.0711947402034
 21
-24.59127777664021
 31
0.0
  0
SPLINE
  5
730
330
70
100
AcDbEntity
  8
final_table_top_design v3_table legs
100
AcDbSpline
210
0.0
220
0.0
230
1.0
 70
     8
 71
     3
 72
    11
 73
     7
 74
     0
 42
0.000000001
 43
0.0000000001
 40
3.052577030845768
 40
3.052577030845768
 40
3.052577030845768
 40
3.052577030845768
 40
3.142298399289093
 40
3.245500127148598
 40
3.355453287610636
 40
3.483246931305883
 40
3.483246931305883
 40
3.483246931305883
 40
3.483246931305883
 10
-278.8568057444168
 20
-39.24537702971485
 30
0.0
 10
-278.8301656197809
 20
-39.25896893003921
 30
0.0
 10
-278.7786266691004
 20
-39.29864679620372
 30
0.0
 10
-278.7159833008433
 20
-39.37840200227963
 30
0.0
 10
-278.6595899424163
 20
-39.47726984453718
 30
0.0
 10
-278.6276660448415
 20
-39.5499003460649
 30
0.0
 10
-278.6118525318091
 20
-39.58945426231863
 30
0.0
  0
SPLINE
  5
731
330
70
100
AcDbEntity
  8
final_table_top_design v3_table legs
100
AcDbSpline
210
0.0
220
0.0
230
1.0
 70
     8
 71
     3
 72
    15
 73
    11
 74
     0
 42
0.000000001
 43
0.0000000001
 40
5.136797144958888
 40
5.136797144958888
 40
5.136797144958888
 40
5.136797144958888
 40
5.162933876605901
 40
5.237156752698132
 40
5.325208405030174
 40
5.429925636907444
 40
5.552548662151938
 40
5.798404239357967
 40
6.163501477626085
 40
6.605531017482074
 40
6.605531017482074
 40
6.605531017482074
 40
6.605531017482074
 10
-271.3141818872951
 20
-38.38426886735793
 30
0.0
 10
-271.3156897858028
 20
-38.39285278263123
 30
0.0
 10
-271.3232561380134
 20
-38.42550880767943
 30
0.0
 10
-271.3489754680203
 20
-38.48327219245996
 30
0.0
 10
-271.4005443456396
 20
-38.55616294584912
 30
0.0
 10
-271.4729060792937
 20
-38.63267373355951
 30
0.0
 10
-271.5925636589441
 20
-38.73571010551486
 30
0.0
 10
-271.7934108318963
 20
-38.87570117809128
 30
0.0
 10
-272.0963274670212
 20
-39.05329671037547
 30
0.0
 10
-272.3345544769371
 20
-39.17841392437669
 30
0.0
 10
-272.4658021633999
 20
-39.24537702971485
 30
0.0
  0
LINE
  5
732
330
70
100
AcDbEntity
  8
final_table_top_design v3_table legs
100
AcDbLine
 10
-272.241416735605
 20
-24.62082278681221
 30
0.0
 11
-272.251413167613
 21
-24.59127777664044
 31
0.0
  0
SPLINE
  5
733
330
70
100
AcDbEntity
  8
final_table_top_design v3_table legs
100
AcDbSpline
210
0.0
220
0.0
230
1.0
 70
     8
 71
     3
 72
    11
 73
     7
 74
     0
 42
0.000000001
 43
0.0000000001
 40
-3.084640163597813
 40
-3.084640163597813
 40
-3.084640163597813
 40
-3.084640163597813
 40
-2.994918795154486
 40
-2.891717067294982
 40
-2.781763906832946
 40
-2.653970263137698
 40
-2.653970263137698
 40
-2.653970263137698
 40
-2.653970263137698
 10
-272.4658021633999
 20
-39.24537702971485
 30
0.0
 10
-272.4924422880355
 20
-39.25896893003924
 30
0.0
 10
-272.5439812387161
 20
-39.29864679620354
 30
0.0
 10
-272.6066246069733
 20
-39.37840200227964
 30
0.0
 10
-272.6630179654003
 20
-39.47726984453712
 30
0.0
 10
-272.694941862975
 20
-39.54990034606495
 30
0.0
 10
-272.7107553760074
 20
-39.58945426231871
 30
0.0
  0
SPLINE
  5
734
330
70
100
AcDbEntity
  8
final_table_top_design v3_table legs
100
AcDbSpline
210
0.0
220
0.0
230
1.0
 70
     8
 71
     3
 72
    15
 73
    11
 74
     0
 42
0.000000001
 43
0.0000000001
 40
1.5838431583226
 40
1.5838431583226
 40
1.5838431583226
 40
1.5838431583226
 40
1.609979889969593
 40
1.684202766061825
 40
1.772254418393869
 40
1.876971650271134
 40
1.999594675515629
 40
2.24545025272166
 40
2.610547490989776
 40
3.052577030845768
 40
3.052577030845768
 40
3.052577030845768
 40
3.052577030845768
 10
-280.0084260205214
 20
-38.38426886735793
 30
0.0
 10
-280.0069181220139
 20
-38.39285278263123
 30
0.0
 10
-279.9993517698032
 20
-38.4255088076794
 30
0.0
 10
-279.9736324397962
 20
-38.48327219245978
 30
0.0
 10
-279.922063562177
 20
-38.55616294584889
 30
0.0
 10
-279.8497018285229
 20
-38.63267373355934
 30
0.0
 10
-279.7300442488726
 20
-38.73571010551426
 30
0.0
 10
-279.5291970759203
 20
-38.8757011780916
 30
0.0
 10
-279.2262804407954
 20
-39.05329671037515
 30
0.0
 10
-278.9880534308795
 20
-39.17841392437669
 30
0.0
 10
-278.8568057444168
 20
-39.24537702971485
 30
0.0
  0
SPLINE
  5
735
330
70
100
AcDbEntity
  8
final_table_top_design v3_table legs
100
AcDbSpline
210
0.0
220
0.0
230
1.0
 70
     8
 71
     3
 72
    16
 73
    12
 74
     0
 42
0.000000001
 43
0.0000000001
 40
-4.363278352409561
 40
-4.363278352409561
 40
-4.363278352409561
 40
-4.363278352409561
 40
-3.651072231991443
 40
-3.397775889225423
 40
-3.192692229004138
 40
-2.879627622702586
 40
-2.645470312224977
 40
-2.437259721648083
 40
-2.225887697690821
 40
-1.992371438804383
 40
-1.74374077519125
 40
-1.74374077519125
 40
-1.74374077519125
 40
-1.74374077519125
 10
-272.1668301813831
 20
-24.59558673463821
 30
0.0
 10
-272.0907433349221
 20
-24.8204656364008
 30
0.0
 10
-271.9782527137118
 20
-25.12229435624798
 30
0.0
 10
-271.8162284850856
 20
-25.47741282362552
 30
0.0
 10
-271.7015696911654
 20
-25.707588312787
 30
0.0
 10
-271.5879370466485
 20
-25.93111015408331
 30
0.0
 10
-271.4780956264582
 20
-26.15778981461144
 30
0.0
 10
-271.3976970556027
 20
-26.36051856525854
 30
0.0
 10
-271.331209497136
 20
-26.56788126594444
 30
0.0
 10
-271.2695028457976
 20
-26.79073410791271
 30
0.0
 10
-271.2407944401251
 20
-26.94918607346357
 30
0.0
 10
-271.2321505657282
 20
-27.03161096035218
 30
0.0
  0
SPLINE
  5
736
330
70
100
AcDbEntity
  8
final_table_top_design v3_table legs
100
AcDbSpline
210
0.0
220
0.0
230
1.0
 70
     8
 71
     3
 72
    11
 73
     7
 74
     0
 42
0.000000001
 43
0.0000000001
 40
11.13904086178217
 40
11.13904086178217
 40
11.13904086178217
 40
11.13904086178217
 40
11.20527073067425
 40
11.29226695768239
 40
11.40317045327953
 40
11.5390980541477
 40
11.5390980541477
 40
11.5390980541477
 40
11.5390980541477
 10
-272.4300170971252
 20
-39.31551575961314
 30
0.0
 10
-272.4496821110735
 20
-39.32554892999492
 30
0.0
 10
-272.4900608842338
 20
-39.35777171405979
 30
0.0
 10
-272.5445907163269
 20
-39.42730411542801
 30
0.0
 10
-272.5987243558081
 20
-39.52482096980217
 30
0.0
 10
-272.6309083401899
 20
-39.6006097254387
 30
0.0
 10
-272.647126697826
 20
-39.64291679939159
 30
0.0
  0
SPLINE
  5
737
330
70
100
AcDbEntity
  8
final_table_top_design v3_table legs
100
AcDbSpline
210
0.0
220
0.0
230
1.0
 70
     8
 71
     3
 72
    15
 73
    11
 74
     0
 42
0.000000001
 43
0.0000000001
 40
12.06186033677064
 40
12.06186033677064
 40
12.06186033677064
 40
12.06186033677064
 40
12.1490343381928
 40
12.24150365459525
 40
12.34335710797099
 40
12.45788798892955
 40
12.58758354113388
 40
12.84133159302973
 40
13.21185503523725
 40
13.65669739873473
 40
13.65669739873473
 40
13.65669739873473
 40
13.65669739873473
 10
-280.0906720619545
 20
-38.34489878861779
 30
0.0
 10
-280.0906720619545
 20
-38.37395678909182
 30
0.0
 10
-280.0815836356424
 20
-38.43374569714458
 30
0.0
 10
-280.0437505008517
 20
-38.52031128524732
 30
0.0
 10
-279.984398020731
 20
-38.60485894709702
 30
0.0
 10
-279.905161067424
 20
-38.68898457836003
 30
0.0
 10
-279.7791793675963
 20
-38.79734374655963
 30
0.0
 10
-279.57293315281
 20
-38.94148395961678
 30
0.0
 10
-279.2653808157872
 20
-39.12182995326876
 30
0.0
 10
-279.0246736825029
 20
-39.24812653930106
 30
0.0
 10
-278.8925908106914
 20
-39.31551575961313
 30
0.0
  0
SPLINE
  5
738
330
70
100
AcDbEntity
  8
final_table_top_design v3_table legs
100
AcDbSpline
210
0.0
220
0.0
230
1.0
 70
     8
 71
     3
 72
    11
 73
     7
 74
     0
 42
0.000000001
 43
0.0000000001
 40
13.65669739873473
 40
13.65669739873473
 40
13.65669739873473
 40
13.65669739873473
 40
13.72292726762682
 40
13.80992349463496
 40
13.92082699023209
 40
14.05675459110026
 40
14.05675459110026
 40
14.05675459110026
 40
14.05675459110026
 10
-278.8925908106914
 20
-39.31551575961313
 30
0.0
 10
-278.872925796743
 20
-39.32554892999493
 30
0.0
 10
-278.8325470235828
 20
-39.35777171405958
 30
0.0
 10
-278.7780171914898
 20
-39.42730411542808
 30
0.0
 10
-278.7238835520085
 20
-39.52482096980205
 30
0.0
 10
-278.6916995676266
 20
-39.60060972543877
 30
0.0
 10
-278.6754812099906
 20
-39.64291679939159
 30
0.0
  0
SPLINE
  5
739
330
70
100
AcDbEntity
  8
final_table_top_design v3_table legs
100
AcDbSpline
210
0.0
220
0.0
230
1.0
 70
     8
 71
     3
 72
    16
 73
    12
 74
     0
 42
0.000000001
 43
0.0000000001
 40
33.52694171166888
 40
33.52694171166888
 40
33.52694171166888
 40
33.52694171166888
 40
33.76541345761511
 40
33.99232740239901
 40
34.19941252169064
 40
34.4023661033223
 40
34.63336287353979
 40
34.94542686777116
 40
35.15155684153877
 40
35.40737199001418
 40
36.12697803502979
 40
36.12697803502979
 40
36.12697803502979
 40
36.12697803502979
 10
-280.0119319044742
 20
-27.03778849052856
 30
0.0
 10
-280.003539738856
 20
-26.95874214855065
 30
0.0
 10
-279.9757483862064
 20
-26.80581566983218
 30
0.0
 10
-279.9156522133705
 20
-26.58979784581916
 30
0.0
 10
-279.8509672549688
 20
-26.38751360796252
 30
0.0
 10
-279.7720433459435
 20
-26.18875411835983
 30
0.0
 10
-279.6635350073643
 20
-25.96492305469443
 30
0.0
 10
-279.5503638802089
 20
-25.74232843790275
 30
0.0
 10
-279.4353466293711
 20
-25.51137759349346
 30
0.0
 10
-279.2718052633737
 20
-25.1529337683341
 30
0.0
 10
-279.1580685719772
 20
-24.84803821290006
 30
0.0
 10
-279.0811911722116
 20
-24.62082278681221
 30
0.0
  0
SPLINE
  5
73A
330
70
100
AcDbEntity
  8
final_table_top_design v3_table legs
100
AcDbSpline
210
0.0
220
0.0
230
1.0
 70
     8
 71
     3
 72
    16
 73
    12
 74
     0
 42
0.000000001
 43
0.0000000001
 40
30.9457950312487
 40
30.9457950312487
 40
30.9457950312487
 40
30.9457950312487
 40
31.18426677719496
 40
31.41118072197884
 40
31.61826584127045
 40
31.82121942290211
 40
32.05221619311962
 40
32.36428018735099
 40
32.57041016111859
 40
32.82622530959399
 40
33.54583135460963
 40
33.54583135460963
 40
33.54583135460963
 40
33.54583135460963
 10
-271.3106760033423
 20
-27.03778849052854
 30
0.0
 10
-271.3190681689606
 20
-26.95874214855065
 30
0.0
 10
-271.3468595216103
 20
-26.80581566983214
 30
0.0
 10
-271.4069556944461
 20
-26.58979784581955
 30
0.0
 10
-271.4716406528478
 20
-26.38751360796291
 30
0.0
 10
-271.5505645618729
 20
-26.18875411836039
 30
0.0
 10
-271.6590729004521
 20
-25.96492305469506
 30
0.0
 10
-271.7722440276077
 20
-25.74232843790266
 30
0.0
 10
-271.8872612784454
 20
-25.51137759349383
 30
0.0
 10
-272.0508026444427
 20
-25.15293376833404
 30
0.0
 10
-272.1645393358048
 20
-24.84803821288835
 30
0.0
 10
-272.241416735605
 20
-24.62082278681221
 30
0.0
  0
ENDSEC
  0
SECTION
  2
OBJECTS
  0
DICTIONARY
  5
C
330
0
100
AcDbDictionary
281
     1
  3
ACAD_COLOR
350
63
  3
ACAD_DETAILVIEWSTYLE
350
6A
  3
ACAD_GROUP
350
D
  3
ACAD_LAYOUT
350
62
  3
ACAD_MATERIAL
350
10
  3
ACAD_MLEADERSTYLE
350
66
  3
ACAD_MLINESTYLE
350
5F
  3
ACAD_PLOTSETTINGS
350
61
  3
ACAD_PLOTSTYLENAME
350
E
  3
ACAD_SCALELIST
350
42
  3
ACAD_SECTIONVIEWSTYLE
350
68
  3
ACAD_TABLESTYLE
350
64
  3
ACAD_VISUALSTYLE
350
29
  3
ACDB_RECOMPOSE_DATA
350
743
  3
AcDbVariableDictionary
350
73B
  0
DICTIONARY
  5
63
102
{ACAD_REACTORS
330
C
102
}
330
C
100
AcDbDictionary
281
     1
  0
DICTIONARY
  5
6A
102
{ACAD_REACTORS
330
C
102
}
330
C
100
AcDbDictionary
281
     1
  3
Imperial24
350
6B
  0
DICTIONARY
  5
D
102
{ACAD_REACTORS
330
C
102
}
330
C
100
AcDbDictionary
281
     1
  0
DICTIONARY
  5
62
102
{ACAD_REACTORS
330
C
102
}
330
C
100
AcDbDictionary
281
     1
  3
Layout1
350
6F
  3
Layout2
350
77
  3
Model
350
73
  0
DICTIONARY
  5
10
102
{ACAD_REACTORS
330
C
102
}
330
C
100
AcDbDictionary
281
     1
  3
ByBlock
350
19
  3
ByLayer
350
11
  3
Global
350
21
  0
DICTIONARY
  5
66
102
{ACAD_REACTORS
330
C
102
}
330
C
100
AcDbDictionary
281
     1
  3
Standard
350
67
  0
DICTIONARY
  5
5F
102
{ACAD_REACTORS
330
C
102
}
330
C
100
AcDbDictionary
281
     1
  3
Standard
350
60
  0
DICTIONARY
  5
61
102
{ACAD_REACTORS
330
C
102
}
330
C
100
AcDbDictionary
281
     1
  0
ACDBDICTIONARYWDFLT
  5
E
102
{ACAD_REACTORS
330
C
102
}
330
C
100
AcDbDictionary
281
     1
  3
Normal
350
F
100
AcDbDictionaryWithDefault
340
F
  0
DICTIONARY
  5
42
102
{ACAD_REACTORS
330
C
102
}
330
C
100
AcDbDictionary
281
     1
  3
A0
350
43
  3
A1
350
44
  3
A2
350
45
  3
A3
350
46
  3
A4
350
47
  3
A5
350
48
  3
A6
350
49
  3
A7
350
4A
  3
A8
350
4B
  3
A9
350
4C
  3
B0
350
4D
  3
B1
350
4E
  3
B2
350
4F
  3
B3
350
50
  3
B4
350
51
  3
B5
350
52
  3
B6
350
53
  0
DICTIONARY
  5
68
102
{ACAD_REACTORS
330
C
102
}
330
C
100
AcDbDictionary
281
     1
  3
Imperial24
350
69
  0
DICTIONARY
  5
64
102
{ACAD_REACTORS
330
C
102
}
330
C
100
AcDbDictionary
281
     1
  3
Standard
350
65
  0
DICTIONARY
  5
29
102
{ACAD_REACTORS
330
C
102
}
330
C
100
AcDbDictionary
281
     1
  3
2dWireframe
350
2F
  3
Basic
350
2E
  3
Brighten
350
35
  3
ColorChange
350
39
  3
Conceptual
350
32
  3
Dim
350
34
  3
EdgeColorOff
350
41
  3
Facepattern
350
38
  3
Flat
350
2A
  3
FlatWithEdges
350
2B
  3
Gouraud
350
2C
  3
GouraudWithEdges
350
2D
  3
Hidden
350
31
  3
JitterOff
350
3F
  3
Linepattern
350
37
  3
OverhangOff
350
40
  3
Realistic
350
33
  3
Shaded
350
3E
  3
Shaded with edges
350
3D
  3
Shades of Gray
350
3A
  3
Sketchy
350
3B
  3
Thicken
350
36
  3
Wireframe
350
30
  3
X-Ray
350
3C
  0
XRECORD
  5
743
102
{ACAD_REACTORS
330
C
102
}
330
C
100
AcDbXrecord
280
     1
 90
        1
330
65
  0
DICTIONARY
  5
73B
102
{ACAD_REACTORS
330
C
102
}
330
C
100
AcDbDictionary
281
     1
  3
CANNOSCALE
350
740
  3
CMLEADERSTYLE
350
73D
  3
CTABLESTYLE
350
73C
  3
CVIEWDETAILSTYLE
350
73E
  3
CVIEWSECTIONSTYLE
350
73F
  0
ACDBDETAILVIEWSTYLE
  5
6B
102
{ACAD_XDICTIONARY
360
746
102
}
102
{ACAD_REACTORS
330
6A
102
}
330
6A
100
AcDbModelDocViewStyle
 70
     0
  3
Imperial24
290
     0
100
AcDbDetailViewStyle
 70
     0
 71
     0
 90
        3
 71
     1
340
55
 62
   256
 40
0.24
340
0
 62
   256
 40
0.24
300

 40
0.36
280
     3
 71
     2
340
5D
 90
       25
 62
   256
 71
     3
340
55
 62
   256
 40
0.24
 90
        1
 40
0.75
 90
        1
300
%<\AcVar ViewType \f "%tc1">% %<\AcVar ViewDetailId>%\PSCALE %<\AcVar ViewScale \f "%sn">%
 71
     4
340
5D
 90
       25
 62
   256
340
5D
 90
       25
 62
   256
280
     0
  0
LAYOUT
  5
6F
102
{ACAD_REACTORS
330
62
102
}
330
62
100
AcDbPlotSettings
  1

  2

  4

  6

 40
0.0
 41
0.0
 42
0.0
 43
0.0
 44
0.0
 45
0.0
 46
0.0
 47
0.0
 48
0.0
 49
0.0
140
0.0
141
0.0
142
1.0
143
1.0
 70
   688
 72
     0
 73
     0
 74
     5
  7

 75
    16
147
1.0
 76
     0
 77
     2
 78
   300
148
0.0
149
0.0
100
AcDbLayout
  1
Layout1
 70
     1
 71
     1
 10
0.0
 20
0.0
 11
12.0
 21
9.0
 12
0.0
 22
0.0
 32
0.0
 14
0.0
 24
0.0
 34
0.0
 15
0.0
 25
0.0
 35
0.0
146
0.0
 13
0.0
 23
0.0
 33
0.0
 16
1.0
 26
0.0
 36
0.0
 17
0.0
 27
1.0
 37
0.0
 76
     0
330
6C
  0
LAYOUT
  5
77
102
{ACAD_REACTORS
330
62
102
}
330
62
100
AcDbPlotSettings
  1

  2

  4

  6

 40
0.0
 41
0.0
 42
0.0
 43
0.0
 44
0.0
 45
0.0
 46
0.0
 47
0.0
 48
0.0
 49
0.0
140
0.0
141
0.0
142
1.0
143
1.0
 70
   688
 72
     0
 73
     0
 74
     5
  7

 75
    16
147
1.0
 76
     0
 77
     2
 78
   300
148
0.0
149
0.0
100
AcDbLayout
  1
Layout2
 70
     1
 71
     2
 10
0.0
 20
0.0
 11
12.0
 21
9.0
 12
0.0
 22
0.0
 32
0.0
 14
0.0
 24
0.0
 34
0.0
 15
0.0
 25
0.0
 35
0.0
146
0.0
 13
0.0
 23
0.0
 33
0.0
 16
1.0
 26
0.0
 36
0.0
 17
0.0
 27
1.0
 37
0.0
 76
     0
330
74
  0
LAYOUT
  5
73
102
{ACAD_REACTORS
330
62
102
}
330
62
100
AcDbPlotSettings
  1

  2

  4

  6

 40
0.0
 41
0.0
 42
0.0
 43
0.0
 44
0.0
 45
0.0
 46
0.0
 47
0.0
 48
0.0
 49
0.0
140
0.0
141
0.0
142
1.0
143
1.0
 70
  1712
 72
     0
 73
     0
 74
     0
  7

 75
     0
147
1.0
 76
     0
 77
     2
 78
   300
148
0.0
149
0.0
100
AcDbLayout
  1
Model
 70
     1
 71
     0
 10
0.0
 20
0.0
 11
12.0
 21
9.0
 12
0.0
 22
0.0
 32
0.0
 14
0.0
 24
0.0
 34
0.0
 15
0.0
 25
0.0
 35
0.0
146
0.0
 13
0.0
 23
0.0
 33
0.0
 16
1.0
 26
0.0
 36
0.0
 17
0.0
 27
1.0
 37
0.0
 76
     0
330
70
  0
MATERIAL
  5
19
102
{ACAD_XDICTIONARY
360
1A
102
}
102
{ACAD_REACTORS
330
10
102
}
330
10
100
AcDbMaterial
  1
ByBlock
 72
     0
 43
0.0208333333333333
 43
0.0
 43
0.0
 43
0.0
 43
0.0
 43
0.0208333333333333
 43
0.0
 43
0.0
 43
0.0
 43
0.0
 43
1.0
 43
0.0
 43
0.0
 43
0.0
 43
0.0
 43
1.0
 77
     0
 47
0.0208333333333333
 47
0.0
 47
0.0
 47
0.0
 47
0.0
 47
0.0208333333333333
 47
0.0
 47
0.0
 47
0.0
 47
0.0
 47
1.0
 47
0.0
 47
0.0
 47
0.0
 47
0.0
 47
1.0
171
     0
 49
0.0208333333333333
 49
0.0
 49
0.0
 49
0.0
 49
0.0
 49
0.0208333333333333
 49
0.0
 49
0.0
 49
0.0
 49
0.0
 49
1.0
 49
0.0
 49
0.0
 49
0.0
 49
0.0
 49
1.0
175
     0
142
0.0208333333333333
142
0.0
142
0.0
142
0.0
142
0.0
142
0.0208333333333333
142
0.0
142
0.0
142
0.0
142
0.0
142
1.0
142
0.0
142
0.0
142
0.0
142
0.0
142
1.0
179
     0
144
0.0208333333333333
144
0.0
144
0.0
144
0.0
144
0.0
144
0.0208333333333333
144
0.0
144
0.0
144
0.0
144
0.0
144
1.0
144
0.0
144
0.0
144
0.0
144
0.0
144
1.0
147
0.0208333333333333
147
0.0
147
0.0
147
0.0
147
0.0
147
0.0208333333333333
147
0.0
147
0.0
147
0.0
147
0.0
147
1.0
147
0.0
147
0.0
147
0.0
147
0.0
147
1.0
  0
MATERIAL
  5
11
102
{ACAD_XDICTIONARY
360
12
102
}
102
{ACAD_REACTORS
330
10
102
}
330
10
100
AcDbMaterial
  1
ByLayer
 72
     0
 43
0.0208333333333333
 43
0.0
 43
0.0
 43
0.0
 43
0.0
 43
0.0208333333333333
 43
0.0
 43
0.0
 43
0.0
 43
0.0
 43
1.0
 43
0.0
 43
0.0
 43
0.0
 43
0.0
 43
1.0
 77
     0
 47
0.0208333333333333
 47
0.0
 47
0.0
 47
0.0
 47
0.0
 47
0.0208333333333333
 47
0.0
 47
0.0
 47
0.0
 47
0.0
 47
1.0
 47
0.0
 47
0.0
 47
0.0
 47
0.0
 47
1.0
171
     0
 49
0.0208333333333333
 49
0.0
 49
0.0
 49
0.0
 49
0.0
 49
0.0208333333333333
 49
0.0
 49
0.0
 49
0.0
 49
0.0
 49
1.0
 49
0.0
 49
0.0
 49
0.0
 49
0.0
 49
1.0
175
     0
142
0.0208333333333333
142
0.0
142
0.0
142
0.0
142
0.0
142
0.0208333333333333
142
0.0
142
0.0
142
0.0
142
0.0
142
1.0
142
0.0
142
0.0
142
0.0
142
0.0
142
1.0
179
     0
144
0.0208333333333333
144
0.0
144
0.0
144
0.0
144
0.0
144
0.0208333333333333
144
0.0
144
0.0
144
0.0
144
0.0
144
1.0
144
0.0
144
0.0
144
0.0
144
0.0
144
1.0
147
0.0208333333333333
147
0.0
147
0.0
147
0.0
147
0.0
147
0.0208333333333333
147
0.0
147
0.0
147
0.0
147
0.0
147
1.0
147
0.0
147
0.0
147
0.0
147
0.0
147
1.0
  0
MATERIAL
  5
21
102
{ACAD_XDICTIONARY
360
22
102
}
102
{ACAD_REACTORS
330
10
102
}
330
10
100
AcDbMaterial
  1
Global
 72
     0
 43
0.0208333333333333
 43
0.0
 43
0.0
 43
0.0
 43
0.0
 43
0.0208333333333333
 43
0.0
 43
0.0
 43
0.0
 43
0.0
 43
1.0
 43
0.0
 43
0.0
 43
0.0
 43
0.0
 43
1.0
 77
     0
 47
0.0208333333333333
 47
0.0
 47
0.0
 47
0.0
 47
0.0
 47
0.0208333333333333
 47
0.0
 47
0.0
 47
0.0
 47
0.0
 47
1.0
 47
0.0
 47
0.0
 47
0.0
 47
0.0
 47
1.0
171
     0
 49
0.0208333333333333
 49
0.0
 49
0.0
 49
0.0
 49
0.0
 49
0.0208333333333333
 49
0.0
 49
0.0
 49
0.0
 49
0.0
 49
1.0
 49
0.0
 49
0.0
 49
0.0
 49
0.0
 49
1.0
175
     0
142
0.0208333333333333
142
0.0
142
0.0
142
0.0
142
0.0
142
0.0208333333333333
142
0.0
142
0.0
142
0.0
142
0.0
142
1.0
142
0.0
142
0.0
142
0.0
142
0.0
142
1.0
179
     0
144
0.0208333333333333
144
0.0
144
0.0
144
0.0
144
0.0
144
0.0208333333333333
144
0.0
144
0.0
144
0.0
144
0.0
144
1.0
144
0.0
144
0.0
144
0.0
144
0.0
144
1.0
147
0.0208333333333333
147
0.0
147
0.0
147
0.0
147
0.0
147
0.0208333333333333
147
0.0
147
0.0
147
0.0
147
0.0
147
1.0
147
0.0
147
0.0
147
0.0
147
0.0
147
1.0
  0
MLEADERSTYLE
  5
67
102
{ACAD_REACTORS
330
66
102
}
330
66
100
AcDbMLeaderStyle
179
     2
170
     2
171
     1
172
     0
 90
        2
 40
0.0
 41
0.0
173
     1
 91
-1056964608
340
5B
 92
       -2
290
     1
 42
0.09
291
     1
 43
0.36
  3
Standard
 44
0.18
300

342
55
174
     1
178
     6
175
     1
176
     0
 93
-1056964608
 45
0.18
292
     0
297
     0
 46
0.18
 94
-1056964608
 47
1.0
 49
1.0
140
1.0
293
     1
141
0.0
294
     1
177
     0
142
1.0
295
     0
296
     0
143
0.125
271
     0
272
     9
273
     9
298
     1
  0
MLINESTYLE
  5
60
102
{ACAD_REACTORS
330
5F
102
}
330
5F
100
AcDbMlineStyle
  2
STANDARD
 70
     0
  3

 62
   256
 51
90.0
 52
90.0
 71
     2
 49
0.5
 62
   256
  6
BYLAYER
 49
-0.5
 62
   256
  6
BYLAYER
  0
ACDBPLACEHOLDER
  5
F
102
{ACAD_REACTORS
330
E
102
}
330
E
  0
SCALE
  5
43
102
{ACAD_REACTORS
330
42
102
}
330
42
100
AcDbScale
 70
     0
300
1:1
140
1.0
141
1.0
290
     1
  0
SCALE
  5
44
102
{ACAD_REACTORS
330
42
102
}
330
42
100
AcDbScale
 70
     0
300
1/128" = 1'-0"
140
0.0078125
141
12.0
290
     0
  0
SCALE
  5
45
102
{ACAD_REACTORS
330
42
102
}
330
42
100
AcDbScale
 70
     0
300
1/64" = 1'-0"
140
0.015625
141
12.0
290
     0
  0
SCALE
  5
46
102
{ACAD_REACTORS
330
42
102
}
330
42
100
AcDbScale
 70
     0
300
1/32" = 1'-0"
140
0.03125
141
12.0
290
     0
  0
SCALE
  5
47
102
{ACAD_REACTORS
330
42
102
}
330
42
100
AcDbScale
 70
     0
300
1/16" = 1'-0"
140
0.0625
141
12.0
290
     0
  0
SCALE
  5
48
102
{ACAD_REACTORS
330
42
102
}
330
42
100
AcDbScale
 70
     0
300
3/32" = 1'-0"
140
0.09375
141
12.0
290
     0
  0
SCALE
  5
49
102
{ACAD_REACTORS
330
42
102
}
330
42
100
AcDbScale
 70
     0
300
1/8" = 1'-0"
140
0.125
141
12.0
290
     0
  0
SCALE
  5
4A
102
{ACAD_REACTORS
330
42
102
}
330
42
100
AcDbScale
 70
     0
300
3/16" = 1'-0"
140
0.1875
141
12.0
290
     0
  0
SCALE
  5
4B
102
{ACAD_REACTORS
330
42
102
}
330
42
100
AcDbScale
 70
     0
300
1/4" = 1'-0"
140
0.25
141
12.0
290
     0
  0
SCALE
  5
4C
102
{ACAD_REACTORS
330
42
102
}
330
42
100
AcDbScale
 70
     0
300
3/8" = 1'-0"
140
0.375
141
12.0
290
     0
  0
SCALE
  5
4D
102
{ACAD_REACTORS
330
42
102
}
330
42
100
AcDbScale
 70
     0
300
1/2" = 1'-0"
140
0.5
141
12.0
290
     0
  0
SCALE
  5
4E
102
{ACAD_REACTORS
330
42
102
}
330
42
100
AcDbScale
 70
     0
300
3/4" = 1'-0"
140
0.75
141
12.0
290
     0
  0
SCALE
  5
4F
102
{ACAD_REACTORS
330
42
102
}
330
42
100
AcDbScale
 70
     0
300
1" = 1'-0"
140
1.0
141
12.0
290
     0
  0
SCALE
  5
50
102
{ACAD_REACTORS
330
42
102
}
330
42
100
AcDbScale
 70
     0
300
1-1/2" = 1'-0"
140
1.5
141
12.0
290
     0
  0
SCALE
  5
51
102
{ACAD_REACTORS
330
42
102
}
330
42
100
AcDbScale
 70
     0
300
3" = 1'-0"
140
3.0
141
12.0
290
     0
  0
SCALE
  5
52
102
{ACAD_REACTORS
330
42
102
}
330
42
100
AcDbScale
 70
     0
300
6" = 1'-0"
140
6.0
141
12.0
290
     0
  0
SCALE
  5
53
102
{ACAD_REACTORS
330
42
102
}
330
42
100
AcDbScale
 70
     0
300
1'-0" = 1'-0"
140
12.0
141
12.0
290
     0
  0
ACDBSECTIONVIEWSTYLE
  5
69
102
{ACAD_XDICTIONARY
360
744
102
}
102
{ACAD_REACTORS
330
68
102
}
330
68
100
AcDbModelDocViewStyle
 70
     0
  3
Imperial24
290
     0
100
AcDbSectionViewStyle
 70
     0
 71
     0
 90
       78
 71
     1
340
55
 62
   256
 40
0.24
340
0
340
0
 62
   256
 40
0.24
300
I, O, Q, S, X, Z
 40
0.48
 90
        3
 40
0.18
 90
        1
 71
     2
340
5D
 90
       25
 62
   256
340
5D
 90
       50
 62
   256
 40
0.24
 40
0.0
 40
0.24
 71
     3
340
55
 62
   256
 40
0.24
 90
        1
 40
0.75
 90
        1
300
%<\AcVar ViewType \f "%tc1">% %<\AcVar ViewSectionStartId>%-%<\AcVar ViewSectionEndId>%\PSCALE %<\AcVar ViewScale \f "%sn">%
 71
     4
 62
   256
 62
   257
300
ANSI31
 40
1.0
 90
        0
290
     0
290
     0
 90
        6
 40
0.0
 40
1.570796326794896
 40
0.2617993877991494
 40
1.308996938995747
 40
-0.2617993877991494
 40
1.832595714594046
  0
TABLESTYLE
  5
65
102
{ACAD_XDICTIONARY
360
741
102
}
102
{ACAD_REACTORS
330
64
102
}
330
64
100
AcDbTableStyle
280
     0
  3
Standard
 70
     0
 71
     0
 40
0.06
 41
0.06
280
     0
281
     0
  7
Standard
140
0.18
170
     2
 62
     0
 63
     7
283
     0
 90
      512
 91
        0
  1

274
    -2
284
     1
 64
     0
275
    -2
285
     1
 65
     0
276
    -2
286
     1
 66
     0
277
    -2
287
     1
 67
     0
278
    -2
288
     1
 68
     0
279
    -2
289
     1
 69
     0
  7
Standard
140
0.25
170
     5
 62
     0
 63
     7
283
     0
 90
      512
 91
        0
  1

274
    -2
284
     1
 64
     0
275
    -2
285
     1
 65
     0
276
    -2
286
     1
 66
     0
277
    -2
287
     1
 67
     0
278
    -2
288
     1
 68
     0
279
    -2
289
     1
 69
     0
  7
Standard
140
0.18
170
     5
 62
     0
 63
     7
283
     0
 90
      512
 91
        0
  1

274
    -2
284
     1
 64
     0
275
    -2
285
     1
 65
     0
276
    -2
286
     1
 66
     0
277
    -2
287
     1
 67
     0
278
    -2
288
     1
 68
     0
279
    -2
289
     1
 69
     0
  0
VISUALSTYLE
  5
2F
102
{ACAD_REACTORS
330
29
102
}
330
29
100
AcDbVisualStyle
  2
2dWireframe
 70
     4
177
     3
291
     0
 70
    58
 90
        0
176
     1
 90
        2
176
     1
 90
        0
176
     1
 90
        0
176
     1
 40
0.6
176
     1
 40
30.0
176
     1
 62
     7
420
 16777215
176
     1
 90
        1
176
     1
 90
        4
176
     1
 62
     7
176
     1
 62
   257
176
     1
 90
        1
176
     1
 90
        1
176
     1
 40
1.0
176
     1
 90
        0
176
     1
 62
   257
176
     1
 40
1.0
176
     1
 90
        1
176
     1
 90
        6
176
     1
 90
        2
176
     1
 62
     7
176
     1
 90
        5
176
     1
 90
        0
176
     1
 90
        0
176
     1
290
     0
176
     1
 90
        1
176
     1
 40
0.0
176
     1
 90
        0
176
     1
290
     1
176
     1
290
     1
176
     1
290
     0
176
     1
290
     0
176
     1
290
     0
176
     1
290
     0
176
     1
290
     0
176
     1
290
     0
176
     1
290
     0
176
     1
 90
       50
176
     1
 40
0.0
176
     1
 40
1.0
176
     1
 90
        0
176
     1
 62
    18
420
        0
176
     1
 90
       50
176
     1
 90
        3
176
     1
 62
     5
420
      255
176
     1
290
     0
176
     1
 90
       50
176
     1
 90
       50
176
     1
 90
       50
176
     1
290
     0
176
     1
 90
       50
176
     1
 62
   256
176
     0
 40
1.0
176
     0
 90
        2
176
     1
  1
strokes_ogs.tif
176
     1
290
     0
176
     1
 40
1.0
176
     1
 40
1.0
176
     1
1001
ACAD
1000
AcDbSavedByObjectVersion
1070
     0
  0
VISUALSTYLE
  5
2E
102
{ACAD_REACTORS
330
29
102
}
330
29
100
AcDbVisualStyle
  2
Basic
 70
     7
177
     3
291
     1
 70
    58
 90
        1
176
     1
 90
        0
176
     1
 90
        1
176
     1
 90
        0
176
     1
 40
0.6
176
     1
 40
30.0
176
     1
 62
     7
420
 16777215
176
     1
 90
        0
176
     1
 90
        4
176
     1
 62
     7
176
     1
 62
   257
176
     1
 90
        1
176
     1
 90
        1
176
     1
 40
1.0
176
     1
 90
        8
176
     1
 62
     7
176
     1
 40
1.0
176
     1
 90
        1
176
     1
 90
        6
176
     1
 90
        2
176
     1
 62
     7
176
     1
 90
        5
176
     1
 90
        0
176
     1
 90
        0
176
     1
290
     0
176
     1
 90
        1
176
     1
 40
0.0
176
     1
 90
        0
176
     1
290
     0
176
     1
290
     1
176
     1
290
     1
176
     1
290
     0
176
     1
290
     0
176
     1
290
     0
176
     1
290
     0
176
     1
290
     0
176
     1
290
     0
176
     1
 90
       50
176
     1
 40
0.0
176
     1
 40
1.0
176
     1
 90
        0
176
     1
 62
    18
420
        0
176
     1
 90
       50
176
     1
 90
        3
176
     1
 62
     5
420
      255
176
     1
290
     0
176
     1
 90
       50
176
     1
 90
       50
176
     1
 90
       50
176
     1
290
     0
176
     1
 90
       50
176
     1
 62
   256
176
     0
 40
1.0
176
     0
 90
        2
176
     1
  1
strokes_ogs.tif
176
     1
290
     0
176
     1
 40
1.0
176
     1
 40
1.0
176
     1
1001
ACAD
1000
AcDbSavedByObjectVersion
1070
     0
  0
VISUALSTYLE
  5
35
102
{ACAD_REACTORS
330
29
102
}
330
29
100
AcDbVisualStyle
  2
Brighten
 70
    12
177
     3
291
     1
 70
    58
 90
        2
176
     1
 90
        2
176
     1
 90
        0
176
     1
 90
        0
176
     1
 40
0.6
176
     1
 40
30.0
176
     1
 62
     7
420
 16777215
176
     1
 90
        1
176
     1
 90
        4
176
     1
 62
     7
176
     1
 62
   257
176
     1
 90
        1
176
     1
 90
        1
176
     1
 40
1.0
176
     1
 90
        8
176
     1
 62
     7
176
     1
 40
1.0
176
     1
 90
        1
176
     1
 90
        6
176
     1
 90
        2
176
     1
 62
     7
176
     1
 90
        5
176
     1
 90
        0
176
     1
 90
        0
176
     1
290
     0
176
     1
 90
        1
176
     1
 40
50.0
176
     1
 90
        0
176
     1
290
     0
176
     1
290
     1
176
     1
290
     1
176
     1
290
     0
176
     1
290
     0
176
     1
290
     0
176
     1
290
     0
176
     1
290
     0
176
     1
290
     0
176
     1
 90
       50
176
     1
 40
0.0
176
     1
 40
1.0
176
     1
 90
        0
176
     1
 62
    18
420
        0
176
     1
 90
       50
176
     1
 90
        3
176
     1
 62
     5
420
      255
176
     1
290
     0
176
     1
 90
       50
176
     1
 90
       50
176
     1
 90
       50
176
     1
290
     0
176
     1
 90
       50
176
     1
 62
   256
176
     0
 40
1.0
176
     0
 90
        2
176
     1
  1
strokes_ogs.tif
176
     1
290
     0
176
     1
 40
1.0
176
     1
 40
1.0
176
     1
1001
ACAD
1000
AcDbSavedByObjectVersion
1070
     0
  0
VISUALSTYLE
  5
39
102
{ACAD_REACTORS
330
29
102
}
330
29
100
AcDbVisualStyle
  2
ColorChange
 70
    16
177
     3
291
     1
 70
    58
 90
        2
176
     1
 90
        2
176
     1
 90
        3
176
     1
 90
        0
176
     1
 40
0.6
176
     1
 40
30.0
176
     1
 62
     8
420
  8421504
176
     1
 90
        1
176
     1
 90
        4
176
     1
 62
     7
176
     1
 62
   257
176
     1
 90
        1
176
     1
 90
        1
176
     1
 40
1.0
176
     1
 90
        8
176
     1
 62
     8
420
  8421504
176
     1
 40
1.0
176
     1
 90
        1
176
     1
 90
        6
176
     1
 90
        2
176
     1
 62
     7
176
     1
 90
        5
176
     1
 90
        0
176
     1
 90
        0
176
     1
290
     0
176
     1
 90
        1
176
     1
 40
0.0
176
     1
 90
        0
176
     1
290
     0
176
     1
290
     1
176
     1
290
     1
176
     1
290
     0
176
     1
290
     0
176
     1
290
     0
176
     1
290
     0
176
     1
290
     0
176
     1
290
     0
176
     1
 90
       50
176
     1
 40
0.0
176
     1
 40
1.0
176
     1
 90
        0
176
     1
 62
    18
420
        0
176
     1
 90
       50
176
     1
 90
        3
176
     1
 62
     5
420
      255
176
     1
290
     0
176
     1
 90
       50
176
     1
 90
       50
176
     1
 90
       50
176
     1
290
     0
176
     1
 90
       50
176
     1
 62
   256
176
     0
 40
1.0
176
     0
 90
        2
176
     1
  1
strokes_ogs.tif
176
     1
290
     0
176
     1
 40
1.0
176
     1
 40
1.0
176
     1
1001
ACAD
1000
AcDbSavedByObjectVersion
1070
     0
  0
VISUALSTYLE
  5
32
102
{ACAD_REACTORS
330
29
102
}
330
29
100
AcDbVisualStyle
  2
Conceptual
 70
     9
177
     3
291
     0
 70
    58
 90
        3
176
     1
 90
        2
176
     1
 90
        0
176
     1
 90
        0
176
     1
 40
0.6
176
     1
 40
30.0
176
     1
 62
     7
420
 16777215
176
     1
 90
        2
176
     1
 90
        2
176
     1
 62
     7
176
     1
 62
   257
176
     1
 90
        1
176
     1
 90
        1
176
     1
 40
179.0
176
     1
 90
        8
176
     1
 62
     7
176
     1
 40
1.0
176
     1
 90
        1
176
     1
 90
        6
176
     1
 90
        2
176
     1
 62
     7
176
     1
 90
        3
176
     1
 90
        0
176
     1
 90
        0
176
     1
290
     0
176
     1
 90
        1
176
     1
 40
0.0
176
     1
 90
        0
176
     1
290
     0
176
     1
290
     1
176
     1
290
     1
176
     1
290
     0
176
     1
290
     0
176
     1
290
     0
176
     1
290
     0
176
     1
290
     0
176
     1
290
     0
176
     1
 90
       50
176
     1
 40
0.0
176
     1
 40
1.0
176
     1
 90
        0
176
     1
 62
    18
420
        0
176
     1
 90
       50
176
     1
 90
        3
176
     1
 62
     5
420
      255
176
     1
290
     0
176
     1
 90
       50
176
     1
 90
       50
176
     1
 90
       50
176
     1
290
     0
176
     1
 90
       50
176
     1
 62
   256
176
     0
 40
1.0
176
     0
 90
        2
176
     1
  1
strokes_ogs.tif
176
     1
290
     0
176
     1
 40
1.0
176
     1
 40
1.0
176
     1
1001
ACAD
1000
AcDbSavedByObjectVersion
1070
     0
  0
VISUALSTYLE
  5
34
102
{ACAD_REACTORS
330
29
102
}
330
29
100
AcDbVisualStyle
  2
Dim
 70
    11
177
     3
291
     1
 70
    58
 90
        2
176
     1
 90
        2
176
     1
 90
        0
176
     1
 90
        0
176
     1
 40
0.6
176
     1
 40
30.0
176
     1
 62
     7
420
 16777215
176
     1
 90
        1
176
     1
 90
        4
176
     1
 62
     7
176
     1
 62
   257
176
     1
 90
        1
176
     1
 90
        1
176
     1
 40
1.0
176
     1
 90
        8
176
     1
 62
     7
176
     1
 40
1.0
176
     1
 90
        1
176
     1
 90
        6
176
     1
 90
        2
176
     1
 62
     7
176
     1
 90
        5
176
     1
 90
        0
176
     1
 90
        0
176
     1
290
     0
176
     1
 90
        1
176
     1
 40
-50.0
176
     1
 90
        0
176
     1
290
     0
176
     1
290
     1
176
     1
290
     1
176
     1
290
     0
176
     1
290
     0
176
     1
290
     0
176
     1
290
     0
176
     1
290
     0
176
     1
290
     0
176
     1
 90
       50
176
     1
 40
0.0
176
     1
 40
1.0
176
     1
 90
        0
176
     1
 62
    18
420
        0
176
     1
 90
       50
176
     1
 90
        3
176
     1
 62
     5
420
      255
176
     1
290
     0
176
     1
 90
       50
176
     1
 90
       50
176
     1
 90
       50
176
     1
290
     0
176
     1
 90
       50
176
     1
 62
   256
176
     0
 40
1.0
176
     0
 90
        2
176
     1
  1
strokes_ogs.tif
176
     1
290
     0
176
     1
 40
1.0
176
     1
 40
1.0
176
     1
1001
ACAD
1000
AcDbSavedByObjectVersion
1070
     0
  0
VISUALSTYLE
  5
41
102
{ACAD_REACTORS
330
29
102
}
330
29
100
AcDbVisualStyle
  2
EdgeColorOff
 70
    22
177
     3
291
     1
 70
    58
 90
        2
176
     0
 90
        2
176
     0
 90
        0
176
     0
 90
        0
176
     0
 40
0.6
176
     0
 40
30.0
176
     0
 62
     7
420
 16777215
176
     0
 90
        1
176
     0
 90
        4
176
     0
 62
     7
176
     0
 62
   257
176
     0
 90
        1
176
     0
 90
        1
176
     0
 40
1.0
176
     0
 90
        8
176
     2
 62
     7
176
     0
 40
1.0
176
     0
 90
        1
176
     0
 90
        6
176
     0
 90
        2
176
     0
 62
     7
176
     0
 90
        5
176
     0
 90
        0
176
     0
 90
        0
176
     0
290
     0
176
     0
 90
        1
176
     0
 40
0.0
176
     0
 90
        0
176
     0
290
     0
176
     0
290
     1
176
     0
290
     1
176
     0
290
     0
176
     0
290
     0
176
     0
290
     0
176
     0
290
     0
176
     0
290
     0
176
     0
290
     0
176
     0
 90
       50
176
     0
 40
0.0
176
     0
 40
1.0
176
     0
 90
        0
176
     0
 62
    18
420
        0
176
     0
 90
       50
176
     0
 90
        3
176
     0
 62
     5
420
      255
176
     0
290
     0
176
     0
 90
       50
176
     0
 90
       50
176
     0
 90
       50
176
     0
290
     0
176
     0
 90
       50
176
     0
 62
   256
176
     0
 40
1.0
176
     0
 90
        2
176
     0
  1
strokes_ogs.tif
176
     0
290
     0
176
     0
 40
1.0
176
     0
 40
1.0
176
     0
1001
ACAD
1000
AcDbSavedByObjectVersion
1070
     0
  0
VISUALSTYLE
  5
38
102
{ACAD_REACTORS
330
29
102
}
330
29
100
AcDbVisualStyle
  2
Facepattern
 70
    15
177
     3
291
     1
 70
    58
 90
        2
176
     1
 90
        2
176
     1
 90
        0
176
     1
 90
        0
176
     1
 40
0.6
176
     1
 40
30.0
176
     1
 62
     7
420
 16777215
176
     1
 90
        1
176
     1
 90
        4
176
     1
 62
     7
176
     1
 62
   257
176
     1
 90
        1
176
     1
 90
        1
176
     1
 40
1.0
176
     1
 90
        8
176
     1
 62
     7
176
     1
 40
1.0
176
     1
 90
        1
176
     1
 90
        6
176
     1
 90
        2
176
     1
 62
     7
176
     1
 90
        5
176
     1
 90
        0
176
     1
 90
        0
176
     1
290
     0
176
     1
 90
        1
176
     1
 40
0.0
176
     1
 90
        0
176
     1
290
     0
176
     1
290
     1
176
     1
290
     1
176
     1
290
     0
176
     1
290
     0
176
     1
290
     0
176
     1
290
     0
176
     1
290
     0
176
     1
290
     0
176
     1
 90
       50
176
     1
 40
0.0
176
     1
 40
1.0
176
     1
 90
        0
176
     1
 62
    18
420
        0
176
     1
 90
       50
176
     1
 90
        3
176
     1
 62
     5
420
      255
176
     1
290
     0
176
     1
 90
       50
176
     1
 90
       50
176
     1
 90
       50
176
     1
290
     0
176
     1
 90
       50
176
     1
 62
   256
176
     0
 40
1.0
176
     0
 90
        2
176
     1
  1
strokes_ogs.tif
176
     1
290
     0
176
     1
 40
1.0
176
     1
 40
1.0
176
     1
1001
ACAD
1000
AcDbSavedByObjectVersion
1070
     0
  0
VISUALSTYLE
  5
2A
102
{ACAD_REACTORS
330
29
102
}
330
29
100
AcDbVisualStyle
  2
Flat
 70
     0
177
     3
291
     1
 70
    58
 90
        2
176
     1
 90
        1
176
     1
 90
        1
176
     1
 90
        2
176
     1
 40
0.6
176
     1
 40
30.0
176
     1
 62
     7
420
 16777215
176
     1
 90
        0
176
     1
 90
        0
176
     1
 62
     7
176
     1
 62
   257
176
     1
 90
        1
176
     1
 90
        1
176
     1
 40
1.0
176
     1
 90
        8
176
     1
 62
     7
176
     1
 40
1.0
176
     1
 90
        1
176
     1
 90
        6
176
     1
 90
        2
176
     1
 62
     7
176
     1
 90
        5
176
     1
 90
        0
176
     1
 90
        0
176
     1
290
     0
176
     1
 90
       13
176
     1
 40
0.0
176
     1
 90
        0
176
     1
290
     0
176
     1
290
     1
176
     1
290
     1
176
     1
290
     0
176
     1
290
     0
176
     1
290
     0
176
     1
290
     0
176
     1
290
     0
176
     1
290
     0
176
     1
 90
       50
176
     1
 40
0.0
176
     1
 40
1.0
176
     1
 90
        0
176
     1
 62
    18
420
        0
176
     1
 90
       50
176
     1
 90
        3
176
     1
 62
     5
420
      255
176
     1
290
     0
176
     1
 90
       50
176
     1
 90
       50
176
     1
 90
       50
176
     1
290
     0
176
     1
 90
       50
176
     1
 62
   256
176
     0
 40
1.0
176
     0
 90
        2
176
     1
  1
strokes_ogs.tif
176
     1
290
     0
176
     1
 40
1.0
176
     1
 40
1.0
176
     1
1001
ACAD
1000
AcDbSavedByObjectVersion
1070
     0
  0
VISUALSTYLE
  5
2B
102
{ACAD_REACTORS
330
29
102
}
330
29
100
AcDbVisualStyle
  2
FlatWithEdges
 70
     1
177
     3
291
     1
 70
    58
 90
        2
176
     1
 90
        1
176
     1
 90
        1
176
     1
 90
        2
176
     1
 40
0.6
176
     1
 40
30.0
176
     1
 62
     7
420
 16777215
176
     1
 90
        1
176
     1
 90
        0
176
     1
 62
     7
176
     1
 62
   257
176
     1
 90
        1
176
     1
 90
        1
176
     1
 40
1.0
176
     1
 90
        0
176
     1
 62
   257
176
     1
 40
1.0
176
     1
 90
        1
176
     1
 90
        6
176
     1
 90
        2
176
     1
 62
     7
176
     1
 90
        5
176
     1
 90
        0
176
     1
 90
        0
176
     1
290
     0
176
     1
 90
       13
176
     1
 40
0.0
176
     1
 90
        0
176
     1
290
     0
176
     1
290
     1
176
     1
290
     1
176
     1
290
     0
176
     1
290
     0
176
     1
290
     0
176
     1
290
     0
176
     1
290
     0
176
     1
290
     0
176
     1
 90
       50
176
     1
 40
0.0
176
     1
 40
1.0
176
     1
 90
        0
176
     1
 62
    18
420
        0
176
     1
 90
       50
176
     1
 90
        3
176
     1
 62
     5
420
      255
176
     1
290
     0
176
     1
 90
       50
176
     1
 90
       50
176
     1
 90
       50
176
     1
290
     0
176
     1
 90
       50
176
     1
 62
   256
176
     0
 40
1.0
176
     0
 90
        2
176
     1
  1
strokes_ogs.tif
176
     1
290
     0
176
     1
 40
1.0
176
     1
 40
1.0
176
     1
1001
ACAD
1000
AcDbSavedByObjectVersion
1070
     0
  0
VISUALSTYLE
  5
2C
102
{ACAD_REACTORS
330
29
102
}
330
29
100
AcDbVisualStyle
  2
Gouraud
 70
     2
177
     3
291
     1
 70
    58
 90
        2
176
     1
 90
        2
176
     1
 90
        1
176
     1
 90
        2
176
     1
 40
0.6
176
     1
 40
30.0
176
     1
 62
     7
420
 16777215
176
     1
 90
        0
176
     1
 90
        0
176
     1
 62
     7
176
     1
 62
   257
176
     1
 90
        1
176
     1
 90
        1
176
     1
 40
1.0
176
     1
 90
        0
176
     1
 62
     7
176
     1
 40
1.0
176
     1
 90
        1
176
     1
 90
        6
176
     1
 90
        2
176
     1
 62
     7
176
     1
 90
        5
176
     1
 90
        0
176
     1
 90
        0
176
     1
290
     0
176
     1
 90
       13
176
     1
 40
0.0
176
     1
 90
        0
176
     1
290
     0
176
     1
290
     1
176
     1
290
     1
176
     1
290
     0
176
     1
290
     0
176
     1
290
     0
176
     1
290
     0
176
     1
290
     0
176
     1
290
     0
176
     1
 90
       50
176
     1
 40
0.0
176
     1
 40
1.0
176
     1
 90
        0
176
     1
 62
    18
420
        0
176
     1
 90
       50
176
     1
 90
        3
176
     1
 62
     5
420
      255
176
     1
290
     0
176
     1
 90
       50
176
     1
 90
       50
176
     1
 90
       50
176
     1
290
     0
176
     1
 90
       50
176
     1
 62
   256
176
     0
 40
1.0
176
     0
 90
        2
176
     1
  1
strokes_ogs.tif
176
     1
290
     0
176
     1
 40
1.0
176
     1
 40
1.0
176
     1
1001
ACAD
1000
AcDbSavedByObjectVersion
1070
     0
  0
VISUALSTYLE
  5
2D
102
{ACAD_REACTORS
330
29
102
}
330
29
100
AcDbVisualStyle
  2
GouraudWithEdges
 70
     3
177
     3
291
     1
 70
    58
 90
        2
176
     1
 90
        2
176
     1
 90
        1
176
     1
 90
        2
176
     1
 40
0.6
176
     1
 40
30.0
176
     1
 62
     7
420
 16777215
176
     1
 90
        1
176
     1
 90
        0
176
     1
 62
     7
176
     1
 62
   257
176
     1
 90
        1
176
     1
 90
        1
176
     1
 40
1.0
176
     1
 90
        0
176
     1
 62
   257
176
     1
 40
1.0
176
     1
 90
        1
176
     1
 90
        6
176
     1
 90
        2
176
     1
 62
     7
176
     1
 90
        5
176
     1
 90
        0
176
     1
 90
        0
176
     1
290
     0
176
     1
 90
       13
176
     1
 40
0.0
176
     1
 90
        0
176
     1
290
     0
176
     1
290
     1
176
     1
290
     1
176
     1
290
     0
176
     1
290
     0
176
     1
290
     0
176
     1
290
     0
176
     1
290
     0
176
     1
290
     0
176
     1
 90
       50
176
     1
 40
0.0
176
     1
 40
1.0
176
     1
 90
        0
176
     1
 62
    18
420
        0
176
     1
 90
       50
176
     1
 90
        3
176
     1
 62
     5
420
      255
176
     1
290
     0
176
     1
 90
       50
176
     1
 90
       50
176
     1
 90
       50
176
     1
290
     0
176
     1
 90
       50
176
     1
 62
   256
176
     0
 40
1.0
176
     0
 90
        2
176
     1
  1
strokes_ogs.tif
176
     1
290
     0
176
     1
 40
1.0
176
     1
 40
1.0
176
     1
1001
ACAD
1000
AcDbSavedByObjectVersion
1070
     0
  0
VISUALSTYLE
  5
31
102
{ACAD_REACTORS
330
29
102
}
330
29
100
AcDbVisualStyle
  2
Hidden
 70
     6
177
     3
291
     0
 70
    58
 90
        1
176
     1
 90
        2
176
     1
 90
        2
176
     1
 90
        0
176
     1
 40
0.6
176
     1
 40
30.0
176
     1
 62
     7
420
 16777215
176
     1
 90
        2
176
     1
 90
        2
176
     1
 62
     7
176
     1
 62
   257
176
     1
 90
        2
176
     1
 90
        1
176
     1
 40
40.0
176
     1
 90
        0
176
     1
 62
   257
176
     1
 40
1.0
176
     1
 90
        1
176
     1
 90
        6
176
     1
 90
        2
176
     1
 62
     7
176
     1
 90
        3
176
     1
 90
        0
176
     1
 90
        0
176
     1
290
     0
176
     1
 90
        1
176
     1
 40
0.0
176
     1
 90
        0
176
     1
290
     0
176
     1
290
     1
176
     1
290
     1
176
     1
290
     0
176
     1
290
     0
176
     1
290
     0
176
     1
290
     0
176
     1
290
     0
176
     1
290
     0
176
     1
 90
       50
176
     1
 40
0.0
176
     1
 40
1.0
176
     1
 90
        0
176
     1
 62
    18
420
        0
176
     1
 90
       50
176
     1
 90
        3
176
     1
 62
     5
420
      255
176
     1
290
     0
176
     1
 90
       50
176
     1
 90
       50
176
     1
 90
       50
176
     1
290
     0
176
     1
 90
       50
176
     1
 62
   256
176
     0
 40
1.0
176
     0
 90
        2
176
     1
  1
strokes_ogs.tif
176
     1
290
     0
176
     1
 40
1.0
176
     1
 40
1.0
176
     1
1001
ACAD
1000
AcDbSavedByObjectVersion
1070
     0
  0
VISUALSTYLE
  5
3F
102
{ACAD_REACTORS
330
29
102
}
330
29
100
AcDbVisualStyle
  2
JitterOff
 70
    20
177
     3
291
     1
 70
    58
 90
        2
176
     0
 90
        2
176
     0
 90
        0
176
     0
 90
        0
176
     0
 40
0.6
176
     0
 40
30.0
176
     0
 62
     7
420
 16777215
176
     0
 90
        1
176
     0
 90
        4
176
     0
 62
     7
176
     0
 62
   257
176
     0
 90
        1
176
     0
 90
        1
176
     0
 40
1.0
176
     0
 90
       10
176
     2
 62
     7
176
     0
 40
1.0
176
     0
 90
        1
176
     0
 90
        6
176
     0
 90
        2
176
     0
 62
     7
176
     0
 90
        5
176
     0
 90
        0
176
     0
 90
        0
176
     0
290
     0
176
     0
 90
        1
176
     0
 40
0.0
176
     0
 90
        0
176
     0
290
     0
176
     0
290
     1
176
     0
290
     1
176
     0
290
     0
176
     0
290
     0
176
     0
290
     0
176
     0
290
     0
176
     0
290
     0
176
     0
290
     0
176
     0
 90
       50
176
     0
 40
0.0
176
     0
 40
1.0
176
     0
 90
        0
176
     0
 62
    18
420
        0
176
     0
 90
       50
176
     0
 90
        3
176
     0
 62
     5
420
      255
176
     0
290
     0
176
     0
 90
       50
176
     0
 90
       50
176
     0
 90
       50
176
     0
290
     0
176
     0
 90
       50
176
     0
 62
   256
176
     0
 40
1.0
176
     0
 90
        2
176
     0
  1
strokes_ogs.tif
176
     0
290
     0
176
     0
 40
1.0
176
     0
 40
1.0
176
     0
1001
ACAD
1000
AcDbSavedByObjectVersion
1070
     0
  0
VISUALSTYLE
  5
37
102
{ACAD_REACTORS
330
29
102
}
330
29
100
AcDbVisualStyle
  2
Linepattern
 70
    14
177
     3
291
     1
 70
    58
 90
        2
176
     1
 90
        2
176
     1
 90
        0
176
     1
 90
        0
176
     1
 40
0.6
176
     1
 40
30.0
176
     1
 62
     7
420
 16777215
176
     1
 90
        1
176
     1
 90
        4
176
     1
 62
     7
176
     1
 62
   257
176
     1
 90
        7
176
     1
 90
        7
176
     1
 40
1.0
176
     1
 90
        8
176
     1
 62
     7
176
     1
 40
1.0
176
     1
 90
        1
176
     1
 90
        6
176
     1
 90
        2
176
     1
 62
     7
176
     1
 90
        5
176
     1
 90
        0
176
     1
 90
        0
176
     1
290
     0
176
     1
 90
        1
176
     1
 40
0.0
176
     1
 90
        0
176
     1
290
     0
176
     1
290
     1
176
     1
290
     1
176
     1
290
     0
176
     1
290
     0
176
     1
290
     0
176
     1
290
     0
176
     1
290
     0
176
     1
290
     0
176
     1
 90
       50
176
     1
 40
0.0
176
     1
 40
1.0
176
     1
 90
        0
176
     1
 62
    18
420
        0
176
     1
 90
       50
176
     1
 90
        3
176
     1
 62
     5
420
      255
176
     1
290
     0
176
     1
 90
       50
176
     1
 90
       50
176
     1
 90
       50
176
     1
290
     0
176
     1
 90
       50
176
     1
 62
   256
176
     0
 40
1.0
176
     0
 90
        2
176
     1
  1
strokes_ogs.tif
176
     1
290
     0
176
     1
 40
1.0
176
     1
 40
1.0
176
     1
1001
ACAD
1000
AcDbSavedByObjectVersion
1070
     0
  0
VISUALSTYLE
  5
40
102
{ACAD_REACTORS
330
29
102
}
330
29
100
AcDbVisualStyle
  2
OverhangOff
 70
    21
177
     3
291
     1
 70
    58
 90
        2
176
     0
 90
        2
176
     0
 90
        0
176
     0
 90
        0
176
     0
 40
0.6
176
     0
 40
30.0
176
     0
 62
     7
420
 16777215
176
     0
 90
        1
176
     0
 90
        4
176
     0
 62
     7
176
     0
 62
   257
176
     0
 90
        1
176
     0
 90
        1
176
     0
 40
1.0
176
     0
 90
        9
176
     2
 62
     7
176
     0
 40
1.0
176
     0
 90
        1
176
     0
 90
        6
176
     0
 90
        2
176
     0
 62
     7
176
     0
 90
        5
176
     0
 90
        0
176
     0
 90
        0
176
     0
290
     0
176
     0
 90
        1
176
     0
 40
0.0
176
     0
 90
        0
176
     0
290
     0
176
     0
290
     1
176
     0
290
     1
176
     0
290
     0
176
     0
290
     0
176
     0
290
     0
176
     0
290
     0
176
     0
290
     0
176
     0
290
     0
176
     0
 90
       50
176
     0
 40
0.0
176
     0
 40
1.0
176
     0
 90
        0
176
     0
 62
    18
420
        0
176
     0
 90
       50
176
     0
 90
        3
176
     0
 62
     5
420
      255
176
     0
290
     0
176
     0
 90
       50
176
     0
 90
       50
176
     0
 90
       50
176
     0
290
     0
176
     0
 90
       50
176
     0
 62
   256
176
     0
 40
1.0
176
     0
 90
        2
176
     0
  1
strokes_ogs.tif
176
     0
290
     0
176
     0
 40
1.0
176
     0
 40
1.0
176
     0
1001
ACAD
1000
AcDbSavedByObjectVersion
1070
     0
  0
VISUALSTYLE
  5
33
102
{ACAD_REACTORS
330
29
102
}
330
29
100
AcDbVisualStyle
  2
Realistic
 70
     8
177
     3
291
     0
 70
    58
 90
        2
176
     1
 90
        3
176
     1
 90
        0
176
     1
 90
        2
176
     1
 40
0.6
176
     1
 40
30.0
176
     1
 62
     7
420
 16777215
176
     1
 90
        0
176
     1
 90
        0
176
     1
 62
     7
176
     1
 62
   257
176
     1
 90
        1
176
     1
 90
        1
176
     1
 40
1.0
176
     1
 90
        8
176
     1
 62
   257
176
     1
 40
1.0
176
     1
 90
        1
176
     1
 90
        6
176
     1
 90
        2
176
     1
 62
     7
176
     1
 90
        3
176
     1
 90
        0
176
     1
 90
        0
176
     1
290
     0
176
     1
 90
       13
176
     1
 40
0.0
176
     1
 90
        0
176
     1
290
     0
176
     1
290
     1
176
     1
290
     1
176
     1
290
     0
176
     1
290
     0
176
     1
290
     0
176
     1
290
     0
176
     1
290
     0
176
     1
290
     0
176
     1
 90
       50
176
     1
 40
0.0
176
     1
 40
1.0
176
     1
 90
        0
176
     1
 62
    18
420
        0
176
     1
 90
       50
176
     1
 90
        3
176
     1
 62
     5
420
      255
176
     1
290
     0
176
     1
 90
       50
176
     1
 90
       50
176
     1
 90
       50
176
     1
290
     0
176
     1
 90
       50
176
     1
 62
   256
176
     0
 40
1.0
176
     0
 90
        2
176
     1
  1
strokes_ogs.tif
176
     1
290
     0
176
     1
 40
1.0
176
     1
 40
1.0
176
     1
1001
ACAD
1000
AcDbSavedByObjectVersion
1070
     0
  0
VISUALSTYLE
  5
3E
102
{ACAD_REACTORS
330
29
102
}
330
29
100
AcDbVisualStyle
  2
Shaded
 70
    27
177
     3
291
     0
 70
    58
 90
        2
176
     1
 90
        2
176
     1
 90
        1
176
     1
 90
        2
176
     1
 40
0.6
176
     1
 40
30.0
176
     1
 62
     7
420
 16777215
176
     1
 90
        0
176
     1
 90
        4
176
     1
 62
     7
176
     1
 62
   257
176
     1
 90
        1
176
     1
 90
        1
176
     1
 40
1.0
176
     1
 90
        8
176
     1
 62
   257
176
     1
 40
1.0
176
     1
 90
        1
176
     1
 90
        6
176
     1
 90
        2
176
     1
 62
     8
420
  7895160
176
     1
 90
        3
176
     1
 90
        0
176
     1
 90
        0
176
     1
290
     0
176
     1
 90
        5
176
     1
 40
0.0
176
     1
 90
        0
176
     1
290
     0
176
     1
290
     1
176
     1
290
     1
176
     1
290
     0
176
     1
290
     0
176
     1
290
     0
176
     1
290
     0
176
     1
290
     0
176
     1
290
     0
176
     1
 90
       50
176
     1
 40
0.0
176
     1
 40
1.0
176
     1
 90
        0
176
     1
 62
    18
420
        0
176
     1
 90
       50
176
     1
 90
        3
176
     1
 62
     5
420
      255
176
     1
290
     0
176
     1
 90
       50
176
     1
 90
       50
176
     1
 90
       50
176
     1
290
     0
176
     1
 90
       50
176
     1
 62
   256
176
     0
 40
1.0
176
     0
 90
        2
176
     1
  1
strokes_ogs.tif
176
     1
290
     0
176
     1
 40
1.0
176
     1
 40
1.0
176
     1
1001
ACAD
1000
AcDbSavedByObjectVersion
1070
     0
  0
VISUALSTYLE
  5
3D
102
{ACAD_REACTORS
330
29
102
}
330
29
100
AcDbVisualStyle
  2
Shaded with edges
 70
    26
177
     3
291
     0
 70
    58
 90
        2
176
     1
 90
        2
176
     1
 90
        1
176
     1
 90
        2
176
     1
 40
0.6
176
     1
 40
30.0
176
     1
 62
     7
420
 16777215
176
     1
 90
        1
176
     1
 90
        2
176
     1
 62
     7
176
     1
 62
   257
176
     1
 90
        2
176
     1
 90
        1
176
     1
 40
1.0
176
     1
 90
        8
176
     1
 62
   257
176
     1
 40
1.0
176
     1
 90
        1
176
     1
 90
        6
176
     1
 90
        2
176
     1
 62
     7
176
     1
 90
        3
176
     1
 90
        0
176
     1
 90
        0
176
     1
290
     0
176
     1
 90
        5
176
     1
 40
0.0
176
     1
 90
        0
176
     1
290
     0
176
     1
290
     1
176
     1
290
     1
176
     1
290
     0
176
     1
290
     0
176
     1
290
     0
176
     1
290
     0
176
     1
290
     0
176
     1
290
     0
176
     1
 90
       50
176
     1
 40
0.0
176
     1
 40
1.0
176
     1
 90
        0
176
     1
 62
    18
420
        0
176
     1
 90
       50
176
     1
 90
        3
176
     1
 62
     5
420
      255
176
     1
290
     0
176
     1
 90
       50
176
     1
 90
       50
176
     1
 90
       50
176
     1
290
     0
176
     1
 90
       50
176
     1
 62
   256
176
     0
 40
1.0
176
     0
 90
        2
176
     1
  1
strokes_ogs.tif
176
     1
290
     0
176
     1
 40
1.0
176
     1
 40
1.0
176
     1
1001
ACAD
1000
AcDbSavedByObjectVersion
1070
     0
  0
VISUALSTYLE
  5
3A
102
{ACAD_REACTORS
330
29
102
}
330
29
100
AcDbVisualStyle
  2
Shades of Gray
 70
    23
177
     3
291
     0
 70
    58
 90
        2
176
     1
 90
        2
176
     1
 90
        3
176
     1
 90
        0
176
     1
 40
0.6
176
     1
 40
30.0
176
     1
 62
     7
420
 16777215
176
     1
 90
        2
176
     1
 90
        2
176
     1
 62
     7
176
     1
 62
     7
176
     1
 90
        1
176
     1
 90
        1
176
     1
 40
40.0
176
     1
 90
        8
176
     1
 62
     7
176
     1
 40
1.0
176
     1
 90
        1
176
     1
 90
        6
176
     1
 90
        2
176
     1
 62
     7
176
     1
 90
        3
176
     1
 90
        0
176
     1
 90
        0
176
     1
290
     0
176
     1
 90
        1
176
     1
 40
0.0
176
     1
 90
        0
176
     1
290
     0
176
     1
290
     1
176
     1
290
     1
176
     1
290
     0
176
     1
290
     0
176
     1
290
     0
176
     1
290
     0
176
     1
290
     0
176
     1
290
     0
176
     1
 90
       50
176
     1
 40
0.0
176
     1
 40
1.0
176
     1
 90
        0
176
     1
 62
    18
420
        0
176
     1
 90
       50
176
     1
 90
        3
176
     1
 62
     5
420
      255
176
     1
290
     0
176
     1
 90
       50
176
     1
 90
       50
176
     1
 90
       50
176
     1
290
     0
176
     1
 90
       50
176
     1
 62
   256
176
     0
 40
1.0
176
     0
 90
        2
176
     1
  1
strokes_ogs.tif
176
     1
290
     0
176
     1
 40
1.0
176
     1
 40
1.0
176
     1
1001
ACAD
1000
AcDbSavedByObjectVersion
1070
     0
  0
VISUALSTYLE
  5
3B
102
{ACAD_REACTORS
330
29
102
}
330
29
100
AcDbVisualStyle
  2
Sketchy
 70
    24
177
     3
291
     0
 70
    58
 90
        1
176
     1
 90
        2
176
     1
 90
        2
176
     1
 90
        0
176
     1
 40
0.6
176
     1
 40
30.0
176
     1
 62
     7
420
 16777215
176
     1
 90
        2
176
     1
 90
        2
176
     1
 62
     7
176
     1
 62
     7
176
     1
 90
        1
176
     1
 90
        1
176
     1
 40
40.0
176
     1
 90
       11
176
     1
 62
     7
176
     1
 40
1.0
176
     1
 90
        1
176
     1
 90
        6
176
     1
 90
        2
176
     1
 62
     7
176
     1
 90
        6
176
     1
 90
        0
176
     1
 90
        0
176
     1
290
     0
176
     1
 90
        1
176
     1
 40
0.0
176
     1
 90
        0
176
     1
290
     0
176
     1
290
     1
176
     1
290
     1
176
     1
290
     0
176
     1
290
     0
176
     1
290
     0
176
     1
290
     0
176
     1
290
     0
176
     1
290
     0
176
     1
 90
       50
176
     1
 40
0.0
176
     1
 40
1.0
176
     1
 90
        0
176
     1
 62
    18
420
        0
176
     1
 90
       50
176
     1
 90
        3
176
     1
 62
     5
420
      255
176
     1
290
     0
176
     1
 90
       50
176
     1
 90
       50
176
     1
 90
       50
176
     1
290
     0
176
     1
 90
       50
176
     1
 62
   256
176
     0
 40
1.0
176
     0
 90
        2
176
     1
  1
strokes_ogs.tif
176
     1
290
     0
176
     1
 40
1.0
176
     1
 40
1.0
176
     1
1001
ACAD
1000
AcDbSavedByObjectVersion
1070
     0
  0
VISUALSTYLE
  5
36
102
{ACAD_REACTORS
330
29
102
}
330
29
100
AcDbVisualStyle
  2
Thicken
 70
    13
177
     3
291
     1
 70
    58
 90
        2
176
     1
 90
        2
176
     1
 90
        0
176
     1
 90
        0
176
     1
 40
0.6
176
     1
 40
30.0
176
     1
 62
     7
420
 16777215
176
     1
 90
        1
176
     1
 90
        4
176
     1
 62
     7
176
     1
 62
   257
176
     1
 90
        1
176
     1
 90
        1
176
     1
 40
1.0
176
     1
 90
       12
176
     1
 62
     7
176
     1
 40
1.0
176
     1
 90
        1
176
     1
 90
        6
176
     1
 90
        2
176
     1
 62
     7
176
     1
 90
        5
176
     1
 90
        0
176
     1
 90
        0
176
     1
290
     0
176
     1
 90
        1
176
     1
 40
0.0
176
     1
 90
        0
176
     1
290
     0
176
     1
290
     1
176
     1
290
     1
176
     1
290
     0
176
     1
290
     0
176
     1
290
     0
176
     1
290
     0
176
     1
290
     0
176
     1
290
     0
176
     1
 90
       50
176
     1
 40
0.0
176
     1
 40
1.0
176
     1
 90
        0
176
     1
 62
    18
420
        0
176
     1
 90
       50
176
     1
 90
        3
176
     1
 62
     5
420
      255
176
     1
290
     0
176
     1
 90
       50
176
     1
 90
       50
176
     1
 90
       50
176
     1
290
     0
176
     1
 90
       50
176
     1
 62
   256
176
     0
 40
1.0
176
     0
 90
        2
176
     1
  1
strokes_ogs.tif
176
     1
290
     0
176
     1
 40
1.0
176
     1
 40
1.0
176
     1
1001
ACAD
1000
AcDbSavedByObjectVersion
1070
     0
  0
VISUALSTYLE
  5
30
102
{ACAD_REACTORS
330
29
102
}
330
29
100
AcDbVisualStyle
  2
Wireframe
 70
     5
177
     3
291
     0
 70
    58
 90
        0
176
     1
 90
        2
176
     1
 90
        0
176
     1
 90
        0
176
     1
 40
0.6
176
     1
 40
30.0
176
     1
 62
     7
420
 16777215
176
     1
 90
        1
176
     1
 90
        4
176
     1
 62
     7
176
     1
 62
   257
176
     1
 90
        1
176
     1
 90
        1
176
     1
 40
1.0
176
     1
 90
        0
176
     1
 62
   257
176
     1
 40
1.0
176
     1
 90
        1
176
     1
 90
        6
176
     1
 90
        2
176
     1
 62
     7
176
     1
 90
        3
176
     1
 90
        0
176
     1
 90
        0
176
     1
290
     0
176
     1
 90
        1
176
     1
 40
0.0
176
     1
 90
        0
176
     1
290
     0
176
     1
290
     1
176
     1
290
     1
176
     1
290
     0
176
     1
290
     0
176
     1
290
     0
176
     1
290
     0
176
     1
290
     0
176
     1
290
     0
176
     1
 90
       50
176
     1
 40
0.0
176
     1
 40
1.0
176
     1
 90
        0
176
     1
 62
    18
420
        0
176
     1
 90
       50
176
     1
 90
        3
176
     1
 62
     5
420
      255
176
     1
290
     0
176
     1
 90
       50
176
     1
 90
       50
176
     1
 90
       50
176
     1
290
     0
176
     1
 90
       50
176
     1
 62
   256
176
     0
 40
1.0
176
     0
 90
        2
176
     1
  1
strokes_ogs.tif
176
     1
290
     0
176
     1
 40
1.0
176
     1
 40
1.0
176
     1
1001
ACAD
1000
AcDbSavedByObjectVersion
1070
     0
  0
VISUALSTYLE
  5
3C
102
{ACAD_REACTORS
330
29
102
}
330
29
100
AcDbVisualStyle
  2
X-Ray
 70
    25
177
     3
291
     0
 70
    58
 90
        2
176
     1
 90
        2
176
     1
 90
        1
176
     1
 90
        1
176
     1
 40
0.5
176
     1
 40
30.0
176
     1
 62
     7
420
 16777215
176
     1
 90
        1
176
     1
 90
        0
176
     1
 62
     7
176
     1
 62
   257
176
     1
 90
        1
176
     1
 90
        1
176
     1
 40
1.0
176
     1
 90
        8
176
     1
 62
     7
176
     1
 40
1.0
176
     1
 90
        1
176
     1
 90
        6
176
     1
 90
        2
176
     1
 62
     7
176
     1
 90
        3
176
     1
 90
        0
176
     1
 90
        0
176
     1
290
     0
176
     1
 90
       13
176
     1
 40
0.0
176
     1
 90
        0
176
     1
290
     0
176
     1
290
     1
176
     1
290
     1
176
     1
290
     0
176
     1
290
     0
176
     1
290
     0
176
     1
290
     0
176
     1
290
     0
176
     1
290
     0
176
     1
 90
       50
176
     1
 40
0.0
176
     1
 40
1.0
176
     1
 90
        0
176
     1
 62
    18
420
        0
176
     1
 90
       50
176
     1
 90
        3
176
     1
 62
     5
420
      255
176
     1
290
     0
176
     1
 90
       50
176
     1
 90
       50
176
     1
 90
       50
176
     1
290
     0
176
     1
 90
       50
176
     1
 62
   256
176
     0
 40
1.0
176
     0
 90
        2
176
     1
  1
strokes_ogs.tif
176
     1
290
     0
176
     1
 40
1.0
176
     1
 40
1.0
176
     1
1001
ACAD
1000
AcDbSavedByObjectVersion
1070
     0
  0
DICTIONARYVAR
  5
740
102
{ACAD_REACTORS
330
73B
102
}
330
73B
100
DictionaryVariables
280
     0
  1
1:1
  0
DICTIONARYVAR
  5
73D
102
{ACAD_REACTORS
330
73B
102
}
330
73B
100
DictionaryVariables
280
     0
  1
STANDARD
  0
DICTIONARYVAR
  5
73C
102
{ACAD_REACTORS
330
73B
102
}
330
73B
100
DictionaryVariables
280
     0
  1
STANDARD
  0
DICTIONARYVAR
  5
73E
102
{ACAD_REACTORS
330
73B
102
}
330
73B
100
DictionaryVariables
280
     0
  1
Imperial24
  0
DICTIONARYVAR
  5
73F
102
{ACAD_REACTORS
330
73B
102
}
330
73B
100
DictionaryVariables
280
     0
  1
Imperial24
  0
DICTIONARY
  5
746
330
6B
100
AcDbDictionary
280
     1
281
     1
  3
ACAD_XREC_ROUNDTRIP
360
747
  0
DICTIONARY
  5
1A
330
19
100
AcDbDictionary
280
     1
281
     1
  3
BUMPTILE
360
1C
  3
DIFFUSETILE
360
1B
  3
OPACITYTILE
360
1F
  3
REFLECTIONTILE
360
1E
  3
REFRACTIONTILE
360
20
  3
SPECULARTILE
360
1D
  0
DICTIONARY
  5
12
330
11
100
AcDbDictionary
280
     1
281
     1
  3
BUMPTILE
360
14
  3
DIFFUSETILE
360
13
  3
OPACITYTILE
360
17
  3
REFLECTIONTILE
360
16
  3
REFRACTIONTILE
360
18
  3
SPECULARTILE
360
15
  0
DICTIONARY
  5
22
330
21
100
AcDbDictionary
280
     1
281
     1
  3
BUMPTILE
360
24
  3
DIFFUSETILE
360
23
  3
OPACITYTILE
360
27
  3
REFLECTIONTILE
360
26
  3
REFRACTIONTILE
360
28
  3
SPECULARTILE
360
25
  0
DICTIONARY
  5
744
330
69
100
AcDbDictionary
280
     1
281
     1
  3
ACAD_XREC_ROUNDTRIP
360
745
  0
DICTIONARY
  5
741
330
65
100
AcDbDictionary
280
     1
281
     1
  3
ACAD_ROUNDTRIP_2008_TABLESTYLE_CELLSTYLEMAP
360
742
  0
XRECORD
  5
747
102
{ACAD_REACTORS
330
746
102
}
330
746
100
AcDbXrecord
280
     1
102
DISPLAYNAME
  1
Imperial24
102
FLAGS
 90
        0
  0
XRECORD
  5
1C
102
{ACAD_REACTORS
330
1A
102
}
330
1A
100
AcDbXrecord
280
     1
270
     1
271
     1
  0
XRECORD
  5
1B
102
{ACAD_REACTORS
330
1A
102
}
330
1A
100
AcDbXrecord
280
     1
270
     1
271
     1
  0
XRECORD
  5
1F
102
{ACAD_REACTORS
330
1A
102
}
330
1A
100
AcDbXrecord
280
     1
270
     1
271
     1
  0
XRECORD
  5
1E
102
{ACAD_REACTORS
330
1A
102
}
330
1A
100
AcDbXrecord
280
     1
270
     1
271
     1
  0
XRECORD
  5
20
102
{ACAD_REACTORS
330
1A
102
}
330
1A
100
AcDbXrecord
280
     1
270
     1
271
     1
  0
XRECORD
  5
1D
102
{ACAD_REACTORS
330
1A
102
}
330
1A
100
AcDbXrecord
280
     1
270
     1
271
     1
  0
XRECORD
  5
14
102
{ACAD_REACTORS
330
12
102
}
330
12
100
AcDbXrecord
280
     1
270
     1
271
     1
  0
XRECORD
  5
13
102
{ACAD_REACTORS
330
12
102
}
330
12
100
AcDbXrecord
280
     1
270
     1
271
     1
  0
XRECORD
  5
17
102
{ACAD_REACTORS
330
12
102
}
330
12
100
AcDbXrecord
280
     1
270
     1
271
     1
  0
XRECORD
  5
16
102
{ACAD_REACTORS
330
12
102
}
330
12
100
AcDbXrecord
280
     1
270
     1
271
     1
  0
XRECORD
  5
18
102
{ACAD_REACTORS
330
12
102
}
330
12
100
AcDbXrecord
280
     1
270
     1
271
     1
  0
XRECORD
  5
15
102
{ACAD_REACTORS
330
12
102
}
330
12
100
AcDbXrecord
280
     1
270
     1
271
     1
  0
XRECORD
  5
24
102
{ACAD_REACTORS
330
22
102
}
330
22
100
AcDbXrecord
280
     1
270
     1
271
     1
  0
XRECORD
  5
23
102
{ACAD_REACTORS
330
22
102
}
330
22
100
AcDbXrecord
280
     1
270
     1
271
     1
  0
XRECORD
  5
27
102
{ACAD_REACTORS
330
22
102
}
330
22
100
AcDbXrecord
280
     1
270
     1
271
     1
  0
XRECORD
  5
26
102
{ACAD_REACTORS
330
22
102
}
330
22
100
AcDbXrecord
280
     1
270
     1
271
     1
  0
XRECORD
  5
28
102
{ACAD_REACTORS
330
22
102
}
330
22
100
AcDbXrecord
280
     1
270
     1
271
     1
  0
XRECORD
  5
25
102
{ACAD_REACTORS
330
22
102
}
330
22
100
AcDbXrecord
280
     1
270
     1
271
     1
  0
XRECORD
  5
745
102
{ACAD_REACTORS
330
744
102
}
330
744
100
AcDbXrecord
280
     1
102
DISPLAYNAME
  1
Imperial24
102
FLAGS
 90
        0
  0
CELLSTYLEMAP
  5
742
102
{ACAD_REACTORS
330
741
102
}
330
741
100
AcDbCellStyleMap
 90
        3
300
CELLSTYLE
  1
TABLEFORMAT_BEGIN
 90
        5
170
     1
 91
        0
 92
    32768
 62
   257
 93
        1
300
CONTENTFORMAT
  1
CONTENTFORMAT_BEGIN
 90
        0
 91
        0
 92
      512
 93
        0
300

 40
0.0
140
1.0
 94
        5
 62
     0
340
55
144
0.25
309
CONTENTFORMAT_END
171
     0
 94
        0
309
TABLEFORMAT_END
  1
CELLSTYLE_BEGIN
 90
        1
 91
        1
300
_TITLE
309
CELLSTYLE_END
300
CELLSTYLE
  1
TABLEFORMAT_BEGIN
 90
        5
170
     1
 91
        0
 92
        0
 62
   257
 93
        1
300
CONTENTFORMAT
  1
CONTENTFORMAT_BEGIN
 90
        0
 91
        0
 92
      512
 93
        0
300

 40
0.0
140
1.0
 94
        5
 62
     0
340
55
144
0.18
309
CONTENTFORMAT_END
171
     0
 94
        0
309
TABLEFORMAT_END
  1
CELLSTYLE_BEGIN
 90
        2
 91
        1
300
_HEADER
309
CELLSTYLE_END
300
CELLSTYLE
  1
TABLEFORMAT_BEGIN
 90
        5
170
     1
 91
        0
 92
        0
 62
   257
 93
        1
300
CONTENTFORMAT
  1
CONTENTFORMAT_BEGIN
 90
        0
 91
        0
 92
      512
 93
        0
300

 40
0.0
140
1.0
 94
        2
 62
     0
340
55
144
0.18
309
CONTENTFORMAT_END
171
     0
 94
        0
309
TABLEFORMAT_END
  1
CELLSTYLE_BEGIN
 90
        3
 91
        2
300
_DATA
309
CELLSTYLE_END
  0
ENDSEC
  0
EOF
