  0
SECTION
  2
HEADER
  9
$ACADVER
  1
AC1021
  9
$ACADMAINTVER
 70
    25
  9
$DWGCODEPAGE
  3
ANSI_1252
  9
$LASTSAVEDBY
  1
ryann
  9
$INSBASE
 10
0.0
 20
0.0
 30
0.0
  9
$EXTMIN
 10
-323.6521782404778
 20
-55.80453497454211
 30
0.0
  9
$EXTMAX
 10
-227.6521782404778
 20
-7.804534974542108
 30
0.0
  9
$LIMMIN
 10
0.0
 20
0.0
  9
$LIMMAX
 10
12.0
 20
9.0
  9
$ORTHOMODE
 70
     0
  9
$REGENMODE
 70
     1
  9
$FILLMODE
 70
     1
  9
$QTEXTMODE
 70
     0
  9
$MIRRTEXT
 70
     1
  9
$LTSCALE
 40
1.0
  9
$ATTMODE
 70
     1
  9
$TEXTSIZE
 40
0.2
  9
$TRACEWID
 40
0.05
  9
$TEXTSTYLE
  7
Standard
  9
$CLAYER
  8
cup lights$outside diameter
  9
$CELTYPE
  6
ByLayer
  9
$CECOLOR
 62
   256
  9
$CELTSCALE
 40
1.0
  9
$DISPSILH
 70
     0
  9
$DIMSCALE
 40
1.0
  9
$DIMASZ
 40
0.18
  9
$DIMEXO
 40
0.0625
  9
$DIMDLI
 40
0.38
  9
$DIMRND
 40
0.0
  9
$DIMDLE
 40
0.0
  9
$DIMEXE
 40
0.18
  9
$DIMTP
 40
0.0
  9
$DIMTM
 40
0.0
  9
$DIMTXT
 40
0.18
  9
$DIMCEN
 40
0.09
  9
$DIMTSZ
 40
0.0
  9
$DIMTOL
 70
     0
  9
$DIMLIM
 70
     0
  9
$DIMTIH
 70
     1
  9
$DIMTOH
 70
     1
  9
$DIMSE1
 70
     0
  9
$DIMSE2
 70
     0
  9
$DIMTAD
 70
     0
  9
$DIMZIN
 70
     0
  9
$DIMBLK
  1

  9
$DIMASO
 70
     1
  9
$DIMSHO
 70
     1
  9
$DIMPOST
  1

  9
$DIMAPOST
  1

  9
$DIMALT
 70
     0
  9
$DIMALTD
 70
     2
  9
$DIMALTF
 40
25.4
  9
$DIMLFAC
 40
1.0
  9
$DIMTOFL
 70
     0
  9
$DIMTVP
 40
0.0
  9
$DIMTIX
 70
     0
  9
$DIMSOXD
 70
     0
  9
$DIMSAH
 70
     0
  9
$DIMBLK1
  1

  9
$DIMBLK2
  1

  9
$DIMSTYLE
  2
STANDARD_ACAD
  9
$DIMCLRD
 70
     0
  9
$DIMCLRE
 70
     0
  9
$DIMCLRT
 70
     0
  9
$DIMTFAC
 40
1.0
  9
$DIMGAP
 40
0.09
  9
$DIMJUST
 70
     0
  9
$DIMSD1
 70
     0
  9
$DIMSD2
 70
     0
  9
$DIMTOLJ
 70
     1
  9
$DIMTZIN
 70
     0
  9
$DIMALTZ
 70
     0
  9
$DIMALTTZ
 70
     0
  9
$DIMUPT
 70
     0
  9
$DIMDEC
 70
     4
  9
$DIMTDEC
 70
     4
  9
$DIMALTU
 70
     2
  9
$DIMALTTD
 70
     2
  9
$DIMTXSTY
  7
Standard
  9
$DIMAUNIT
 70
     0
  9
$DIMADEC
 70
     0
  9
$DIMALTRND
 40
0.0
  9
$DIMAZIN
 70
     0
  9
$DIMDSEP
 70
    46
  9
$DIMATFIT
 70
     3
  9
$DIMFRAC
 70
     0
  9
$DIMLDRBLK
  1

  9
$DIMLUNIT
 70
     2
  9
$DIMLWD
 70
    -2
  9
$DIMLWE
 70
    -2
  9
$DIMTMOVE
 70
     2
  9
$DIMFXL
 40
1.0
  9
$DIMFXLON
 70
     0
  9
$DIMJOGANG
 40
0.7853981633974483
  9
$DIMTFILL
 70
     0
  9
$DIMTFILLCLR
 70
     0
  9
$DIMARCSYM
 70
     0
  9
$DIMLTYPE
  6

  9
$DIMLTEX1
  6

  9
$DIMLTEX2
  6

  9
$LUNITS
 70
     4
  9
$LUPREC
 70
     3
  9
$SKETCHINC
 40
0.1
  9
$FILLETRAD
 40
0.0
  9
$AUNITS
 70
     0
  9
$AUPREC
 70
     0
  9
$MENU
  1
.
  9
$ELEVATION
 40
0.0
  9
$PELEVATION
 40
0.0
  9
$THICKNESS
 40
0.0
  9
$LIMCHECK
 70
     0
  9
$CHAMFERA
 40
0.0
  9
$CHAMFERB
 40
0.0
  9
$CHAMFERC
 40
0.0
  9
$CHAMFERD
 40
0.0
  9
$SKPOLY
 70
     0
  9
$TDCREATE
 40
2460530.437376609
  9
$TDUCREATE
 40
2460530.645709942
  9
$TDUPDATE
 40
2460530.437393438
  9
$TDUUPDATE
 40
2460530.645726771
  9
$TDINDWG
 40
0.0000000116
  9
$TDUSRTIMER
 40
0.0000000116
  9
$USRTIMER
 70
     1
  9
$ANGBASE
 50
0.0
  9
$ANGDIR
 70
     0
  9
$PDMODE
 70
     0
  9
$PDSIZE
 40
0.0
  9
$PLINEWID
 40
0.0
  9
$SPLFRAME
 70
     0
  9
$SPLINETYPE
 70
     6
  9
$SPLINESEGS
 70
     8
  9
$HANDSEED
  5
294
  9
$SURFTAB1
 70
     6
  9
$SURFTAB2
 70
     6
  9
$SURFTYPE
 70
     6
  9
$SURFU
 70
     6
  9
$SURFV
 70
     6
  9
$UCSBASE
  2

  9
$UCSNAME
  2

  9
$UCSORG
 10
0.0
 20
0.0
 30
0.0
  9
$UCSXDIR
 10
1.0
 20
0.0
 30
0.0
  9
$UCSYDIR
 10
0.0
 20
1.0
 30
0.0
  9
$UCSORTHOREF
  2

  9
$UCSORTHOVIEW
 70
     0
  9
$UCSORGTOP
 10
0.0
 20
0.0
 30
0.0
  9
$UCSORGBOTTOM
 10
0.0
 20
0.0
 30
0.0
  9
$UCSORGLEFT
 10
0.0
 20
0.0
 30
0.0
  9
$UCSORGRIGHT
 10
0.0
 20
0.0
 30
0.0
  9
$UCSORGFRONT
 10
0.0
 20
0.0
 30
0.0
  9
$UCSORGBACK
 10
0.0
 20
0.0
 30
0.0
  9
$PUCSBASE
  2

  9
$PUCSNAME
  2

  9
$PUCSORG
 10
0.0
 20
0.0
 30
0.0
  9
$PUCSXDIR
 10
1.0
 20
0.0
 30
0.0
  9
$PUCSYDIR
 10
0.0
 20
1.0
 30
0.0
  9
$PUCSORTHOREF
  2

  9
$PUCSORTHOVIEW
 70
     0
  9
$PUCSORGTOP
 10
0.0
 20
0.0
 30
0.0
  9
$PUCSORGBOTTOM
 10
0.0
 20
0.0
 30
0.0
  9
$PUCSORGLEFT
 10
0.0
 20
0.0
 30
0.0
  9
$PUCSORGRIGHT
 10
0.0
 20
0.0
 30
0.0
  9
$PUCSORGFRONT
 10
0.0
 20
0.0
 30
0.0
  9
$PUCSORGBACK
 10
0.0
 20
0.0
 30
0.0
  9
$USERI1
 70
     0
  9
$USERI2
 70
     0
  9
$USERI3
 70
     0
  9
$USERI4
 70
     0
  9
$USERI5
 70
     0
  9
$USERR1
 40
0.0
  9
$USERR2
 40
0.0
  9
$USERR3
 40
0.0
  9
$USERR4
 40
0.0
  9
$USERR5
 40
0.0
  9
$WORLDVIEW
 70
     1
  9
$SHADEDGE
 70
     3
  9
$SHADEDIF
 70
    70
  9
$TILEMODE
 70
     1
  9
$MAXACTVP
 70
    64
  9
$PINSBASE
 10
0.0
 20
0.0
 30
0.0
  9
$PLIMCHECK
 70
     0
  9
$PEXTMIN
 10
1.000000000000000E+20
 20
1.000000000000000E+20
 30
1.000000000000000E+20
  9
$PEXTMAX
 10
-1.000000000000000E+20
 20
-1.000000000000000E+20
 30
-1.000000000000000E+20
  9
$PLIMMIN
 10
0.0
 20
0.0
  9
$PLIMMAX
 10
12.0
 20
9.0
  9
$UNITMODE
 70
     0
  9
$VISRETAIN
 70
     1
  9
$PLINEGEN
 70
     0
  9
$PSLTSCALE
 70
     1
  9
$TREEDEPTH
 70
  3020
  9
$CMLSTYLE
  2
Standard
  9
$CMLJUST
 70
     0
  9
$CMLSCALE
 40
1.0
  9
$PROXYGRAPHICS
 70
     1
  9
$MEASUREMENT
 70
     0
  9
$CELWEIGHT
370
    -1
  9
$ENDCAPS
280
     0
  9
$JOINSTYLE
280
     0
  9
$LWDISPLAY
290
     0
  9
$INSUNITS
 70
     1
  9
$HYPERLINKBASE
  1

  9
$STYLESHEET
  1

  9
$XEDIT
290
     1
  9
$CEPSNTYPE
380
     0
  9
$PSTYLEMODE
290
     1
  9
$FINGERPRINTGUID
  2
{075caff1-5340-41d5-8030-4c9d5bf717bd}
  9
$VERSIONGUID
  2
{FAEB1C32-E019-11D5-929B-00C0DF256EC4}
  9
$EXTNAMES
290
     1
  9
$PSVPSCALE
 40
0.0
  9
$OLESTARTUP
290
     0
  9
$SORTENTS
280
   127
  9
$INDEXCTL
280
     0
  9
$HIDETEXT
280
     1
  9
$XCLIPFRAME
290
     0
  9
$HALOGAP
280
     0
  9
$OBSCOLOR
 70
   257
  9
$OBSLTYPE
280
     0
  9
$INTERSECTIONDISPLAY
280
     0
  9
$INTERSECTIONCOLOR
 70
   257
  9
$DIMASSOC
280
     2
  9
$PROJECTNAME
  1

  9
$CAMERADISPLAY
290
     0
  9
$LENSLENGTH
 40
50.0
  9
$CAMERAHEIGHT
 40
0.0
  9
$STEPSPERSEC
 40
2.0
  9
$STEPSIZE
 40
6.0
  9
$3DDWFPREC
 40
2.0
  9
$PSOLWIDTH
 40
0.25
  9
$PSOLHEIGHT
 40
4.0
  9
$LOFTANG1
 40
1.570796326794897
  9
$LOFTANG2
 40
1.570796326794897
  9
$LOFTMAG1
 40
0.0
  9
$LOFTMAG2
 40
0.0
  9
$LOFTPARAM
 70
     7
  9
$LOFTNORMALS
280
     1
  9
$LATITUDE
 40
37.795
  9
$LONGITUDE
 40
-122.394
  9
$NORTHDIRECTION
 40
0.0
  9
$TIMEZONE
 70
 -8000
  9
$LIGHTGLYPHDISPLAY
280
     1
  9
$TILEMODELIGHTSYNCH
280
     1
  9
$CMATERIAL
347
44
  9
$SOLIDHIST
280
     0
  9
$SHOWHIST
280
     1
  9
$DWFFRAME
280
     2
  9
$DGNFRAME
280
     2
  9
$REALWORLDSCALE
290
     1
  9
$INTERFERECOLOR
 62
   256
  9
$CSHADOW
280
     0
  9
$SHADOWPLANELOCATION
 40
0.0
  0
ENDSEC
  0
SECTION
  2
CLASSES
  0
CLASS
  1
ACDBDICTIONARYWDFLT
  2
AcDbDictionaryWithDefault
  3
ObjectDBX Classes
 90
        0
 91
        3
280
     0
281
     0
  0
CLASS
  1
VISUALSTYLE
  2
AcDbVisualStyle
  3
ObjectDBX Classes
 90
     4095
 91
        3
280
     0
281
     0
  0
CLASS
  1
MATERIAL
  2
AcDbMaterial
  3
ObjectDBX Classes
 90
     1153
 91
        3
280
     0
281
     0
  0
CLASS
  1
SCALE
  2
AcDbScale
  3
ObjectDBX Classes
 90
     1153
 91
        3
280
     0
281
     0
  0
CLASS
  1
TABLESTYLE
  2
AcDbTableStyle
  3
ObjectDBX Classes
 90
     4095
 91
        3
280
     0
281
     0
  0
CLASS
  1
MLEADERSTYLE
  2
AcDbMLeaderStyle
  3
ACDB_MLEADERSTYLE_CLASS
 90
     4095
 91
        3
280
     0
281
     0
  0
CLASS
  1
SUN
  2
AcDbSun
  3
SCENEOE
 90
     1153
 91
        3
280
     0
281
     0
  0
CLASS
  1
DICTIONARYVAR
  2
AcDbDictionaryVar
  3
ObjectDBX Classes
 90
        0
 91
        3
280
     0
281
     0
  0
CLASS
  1
CELLSTYLEMAP
  2
AcDbCellStyleMap
  3
ObjectDBX Classes
 90
     1152
 91
        3
280
     0
281
     0
  0
ENDSEC
  0
SECTION
  2
TABLES
  0
TABLE
  2
VPORT
  5
8
330
0
100
AcDbSymbolTable
 70
     1
  0
VPORT
  5
29
330
8
100
AcDbSymbolTableRecord
100
AcDbViewportTableRecord
  2
*Active
 70
     0
 10
0.0
 20
0.0
 11
1.0
 21
1.0
 12
10.42990654205607
 22
4.5
 13
0.0
 23
0.0
 14
0.5
 24
0.5
 15
0.5
 25
0.5
 16
0.0
 26
0.0
 36
1.0
 17
0.0
 27
0.0
 37
0.0
 40
9.0
 41
1.972972972850329
 42
50.0
 43
0.0
 44
0.0
 50
0.0
 51
0.0
 71
     0
 72
   100
 73
     1
 74
     3
 75
     0
 76
     0
 77
     0
 78
     0
281
     0
 65
     1
110
0.0
120
0.0
130
0.0
111
1.0
121
0.0
131
0.0
112
0.0
122
1.0
132
0.0
 79
     0
146
0.0
348
2F
 60
     3
 61
     5
292
     1
282
     1
141
0.0
142
0.0
 63
   250
361
5D
  0
ENDTAB
  0
TABLE
  2
LTYPE
  5
5
330
0
100
AcDbSymbolTable
 70
     2
  0
LTYPE
  5
14
330
5
100
AcDbSymbolTableRecord
100
AcDbLinetypeTableRecord
  2
ByBlock
 70
     0
  3

 72
    65
 73
     0
 40
0.0
  0
LTYPE
  5
15
330
5
100
AcDbSymbolTableRecord
100
AcDbLinetypeTableRecord
  2
ByLayer
 70
     0
  3

 72
    65
 73
     0
 40
0.0
  0
LTYPE
  5
16
330
5
100
AcDbSymbolTableRecord
100
AcDbLinetypeTableRecord
  2
Continuous
 70
     0
  3
Solid line
 72
    65
 73
     0
 40
0.0
  0
LTYPE
  5
6F
330
5
100
AcDbSymbolTableRecord
100
AcDbLinetypeTableRecord
  2
Dashed
 70
     0
  3

 72
    65
 73
     2
 40
0.3937007874015748
 49
0.1968503937007874
 74
     0
 49
-0.1968503937007874
 74
     0
  0
ENDTAB
  0
TABLE
  2
LAYER
  5
2
330
0
100
AcDbSymbolTable
 70
     7
  0
LAYER
  5
10
330
2
100
AcDbSymbolTableRecord
100
AcDbLayerTableRecord
  2
0
 70
     0
 62
     7
  6
Continuous
370
    -3
390
F
347
46
  0
LAYER
  5
5F
330
2
100
AcDbSymbolTableRecord
100
AcDbLayerTableRecord
  2
depths$1_4_
 70
     0
 62
     1
420
 16711680
  6
Continuous
370
    -3
390
F
347
46
  0
LAYER
  5
6C
330
2
100
AcDbSymbolTableRecord
100
AcDbLayerTableRecord
  2
depths$3_4_
 70
     0
 62
     5
420
      255
  6
Continuous
370
    -3
390
F
347
46
  0
LAYER
  5
70
330
2
100
AcDbSymbolTableRecord
100
AcDbLayerTableRecord
  2
cup lights$outside diameter
 70
     0
 62
    18
420
        0
  6
Dashed
370
    -3
390
F
347
46
  0
LAYER
  5
B7
330
2
100
AcDbSymbolTableRecord
100
AcDbLayerTableRecord
  2
inside semi circle table
 70
     0
 62
    18
420
        0
  6
Continuous
370
    -3
390
F
347
46
  0
LAYER
  5
BC
330
2
100
AcDbSymbolTableRecord
100
AcDbLayerTableRecord
  2
Default
 70
     0
 62
    18
420
        0
  6
Continuous
370
    -3
390
F
347
46
  0
LAYER
  5
1A3
330
2
100
AcDbSymbolTableRecord
100
AcDbLayerTableRecord
  2
table legs
 70
     0
 62
   250
420
  3946291
  6
Continuous
370
    -3
390
F
347
46
  0
ENDTAB
  0
TABLE
  2
STYLE
  5
3
330
0
100
AcDbSymbolTable
 70
     1
  0
STYLE
  5
11
330
3
100
AcDbSymbolTableRecord
100
AcDbTextStyleTableRecord
  2
Standard
 70
     0
 40
0.0
 41
1.0
 50
0.0
 71
     0
 42
0.2
  3
txt
  4

  0
ENDTAB
  0
TABLE
  2
VIEW
  5
6
330
0
100
AcDbSymbolTable
 70
     0
  0
ENDTAB
  0
TABLE
  2
UCS
  5
7
330
0
100
AcDbSymbolTable
 70
     0
  0
ENDTAB
  0
TABLE
  2
APPID
  5
9
330
0
100
AcDbSymbolTable
 70
     3
  0
APPID
  5
12
330
9
100
AcDbSymbolTableRecord
100
AcDbRegAppTableRecord
  2
ACAD
 70
     0
  0
APPID
  5
5E
330
9
100
AcDbSymbolTableRecord
100
AcDbRegAppTableRecord
  2
Rhino
 70
     0
  0
APPID
  5
28C
330
9
100
AcDbSymbolTableRecord
100
AcDbRegAppTableRecord
  2
ACAD_MLEADERVER
 70
     0
  0
ENDTAB
  0
TABLE
  2
DIMSTYLE
  5
A
330
0
100
AcDbSymbolTable
 70
     1
100
AcDbDimStyleTable
  0
DIMSTYLE
105
27
330
A
100
AcDbSymbolTableRecord
100
AcDbDimStyleTableRecord
  2
STANDARD_ACAD
 70
     0
178
     0
340
11
  0
ENDTAB
  0
TABLE
  2
BLOCK_RECORD
  5
1
330
0
100
AcDbSymbolTable
 70
     1
  0
BLOCK_RECORD
  5
1F
330
1
100
AcDbSymbolTableRecord
100
AcDbBlockTableRecord
  2
*Model_Space
340
22
 70
     0
280
     1
281
     0
  0
BLOCK_RECORD
  5
1B
330
1
100
AcDbSymbolTableRecord
100
AcDbBlockTableRecord
  2
*Paper_Space
340
1E
 70
     0
280
     1
281
     0
  0
BLOCK_RECORD
  5
23
330
1
100
AcDbSymbolTableRecord
100
AcDbBlockTableRecord
  2
*Paper_Space0
340
26
 70
     0
280
     1
281
     0
  0
ENDTAB
  0
ENDSEC
  0
SECTION
  2
BLOCKS
  0
BLOCK
  5
20
330
1F
100
AcDbEntity
  8
0
100
AcDbBlockBegin
  2
*Model_Space
 70
     0
 10
0.0
 20
0.0
 30
0.0
  3
*Model_Space
  1

  0
ENDBLK
  5
21
330
1F
100
AcDbEntity
  8
0
100
AcDbBlockEnd
  0
BLOCK
  5
1C
330
1B
100
AcDbEntity
 67
     1
  8
0
100
AcDbBlockBegin
  2
*Paper_Space
 70
     0
 10
0.0
 20
0.0
 30
0.0
  3
*Paper_Space
  1

  0
ENDBLK
  5
1D
330
1B
100
AcDbEntity
 67
     1
  8
0
100
AcDbBlockEnd
  0
BLOCK
  5
24
330
23
100
AcDbEntity
  8
0
100
AcDbBlockBegin
  2
*Paper_Space0
 70
     0
 10
0.0
 20
0.0
 30
0.0
  3
*Paper_Space0
  1

  0
ENDBLK
  5
25
330
23
100
AcDbEntity
  8
0
100
AcDbBlockEnd
  0
ENDSEC
  0
SECTION
  2
ENTITIES
  0
POLYLINE
  5
60
330
1F
100
AcDbEntity
  8
depths$1_4_
100
AcDb2dPolyline
 66
     1
 10
0.0
 20
0.0
 30
0.0
  0
VERTEX
  5
61
330
60
100
AcDbEntity
  8
depths$1_4_
100
AcDbVertex
100
AcDb2dVertex
 10
-314.6521782404778
 20
-54.80453497454211
 30
0.0
  0
VERTEX
  5
62
330
60
100
AcDbEntity
  8
depths$1_4_
100
AcDbVertex
100
AcDb2dVertex
 10
-322.6521782404778
 20
-54.80453497454211
 30
0.0
  0
VERTEX
  5
63
330
60
100
AcDbEntity
  8
depths$1_4_
100
AcDbVertex
100
AcDb2dVertex
 10
-322.6521782404778
 20
-8.804534974542108
 30
0.0
  0
VERTEX
  5
64
330
60
100
AcDbEntity
  8
depths$1_4_
100
AcDbVertex
100
AcDb2dVertex
 10
-314.6521782404778
 20
-8.804534974542108
 30
0.0
  0
SEQEND
  5
65
330
60
100
AcDbEntity
  8
depths$1_4_
  0
POLYLINE
  5
66
330
1F
100
AcDbEntity
  8
depths$1_4_
100
AcDb2dPolyline
 66
     1
 10
0.0
 20
0.0
 30
0.0
  0
VERTEX
  5
67
330
66
100
AcDbEntity
  8
depths$1_4_
100
AcDbVertex
100
AcDb2dVertex
 10
-236.6521782404778
 20
-8.804534974542108
 30
0.0
  0
VERTEX
  5
68
330
66
100
AcDbEntity
  8
depths$1_4_
100
AcDbVertex
100
AcDb2dVertex
 10
-228.6521782404778
 20
-8.804534974542108
 30
0.0
  0
VERTEX
  5
69
330
66
100
AcDbEntity
  8
depths$1_4_
100
AcDbVertex
100
AcDb2dVertex
 10
-228.6521782404778
 20
-54.80453497454211
 30
0.0
  0
VERTEX
  5
6A
330
66
100
AcDbEntity
  8
depths$1_4_
100
AcDbVertex
100
AcDb2dVertex
 10
-236.6521782404778
 20
-54.80453497454211
 30
0.0
  0
SEQEND
  5
6B
330
66
100
AcDbEntity
  8
depths$1_4_
  0
CIRCLE
  5
6D
330
1F
100
AcDbEntity
  8
depths$3_4_
100
AcDbCircle
 10
240.7524910285037
 20
-31.80453497454211
 30
0.0
 40
1.25
210
0.0
220
0.0
230
-1.0
  0
CIRCLE
  5
6E
330
1F
100
AcDbEntity
  8
depths$3_4_
100
AcDbCircle
 10
240.7524910285037
 20
-31.80453497454211
 30
0.0
 40
1.5
210
0.0
220
0.0
230
-1.0
  0
CIRCLE
  5
71
330
1F
100
AcDbEntity
  8
cup lights$outside diameter
100
AcDbCircle
 10
240.7524910285037
 20
-31.80453497454211
 30
0.0
 40
1.925
210
0.0
220
0.0
230
-1.0
  0
CIRCLE
  5
72
330
1F
100
AcDbEntity
  8
depths$3_4_
100
AcDbCircle
 10
237.3759551891133
 20
-33.7376248321991
 30
0.0
 40
1.25
210
0.0
220
0.0
230
-1.0
  0
CIRCLE
  5
73
330
1F
100
AcDbEntity
  8
depths$3_4_
100
AcDbCircle
 10
237.3759551891133
 20
-33.7376248321991
 30
0.0
 40
1.5
210
0.0
220
0.0
230
-1.0
  0
CIRCLE
  5
74
330
1F
100
AcDbEntity
  8
cup lights$outside diameter
100
AcDbCircle
 10
237.3759551891133
 20
-33.7376248321991
 30
0.0
 40
1.925
210
0.0
220
0.0
230
-1.0
  0
CIRCLE
  5
75
330
1F
100
AcDbEntity
  8
cup lights$outside diameter
100
AcDbCircle
 10
237.3958423654599
 20
-29.87953991761626
 30
0.0
 40
1.925
210
0.0
220
0.0
230
-1.0
  0
CIRCLE
  5
76
330
1F
100
AcDbEntity
  8
depths$3_4_
100
AcDbCircle
 10
237.3958423654599
 20
-29.87953991761626
 30
0.0
 40
1.5
210
0.0
220
0.0
230
-1.0
  0
CIRCLE
  5
77
330
1F
100
AcDbEntity
  8
depths$3_4_
100
AcDbCircle
 10
237.3958423654599
 20
-29.87953991761626
 30
0.0
 40
1.25
210
0.0
220
0.0
230
-1.0
  0
CIRCLE
  5
78
330
1F
100
AcDbEntity
  8
cup lights$outside diameter
100
AcDbCircle
 10
-234.0213502120708
 20
-35.66261988912495
 30
0.0
 40
1.925
  0
CIRCLE
  5
79
330
1F
100
AcDbEntity
  8
depths$3_4_
100
AcDbCircle
 10
-234.0213502120708
 20
-35.66261988912495
 30
0.0
 40
1.5
  0
CIRCLE
  5
7A
330
1F
100
AcDbEntity
  8
depths$3_4_
100
AcDbCircle
 10
-234.0213502120708
 20
-35.66261988912495
 30
0.0
 40
1.25
  0
CIRCLE
  5
7B
330
1F
100
AcDbEntity
  8
depths$3_4_
100
AcDbCircle
 10
-230.6521782404778
 20
-37.60725028654803
 30
0.0
 40
1.25
  0
CIRCLE
  5
7C
330
1F
100
AcDbEntity
  8
depths$3_4_
100
AcDbCircle
 10
-230.6521782404778
 20
-37.60725028654803
 30
0.0
 40
1.5
  0
CIRCLE
  5
7D
330
1F
100
AcDbEntity
  8
cup lights$outside diameter
100
AcDbCircle
 10
-230.6521782404778
 20
-37.60725028654803
 30
0.0
 40
1.925
  0
CIRCLE
  5
7E
330
1F
100
AcDbEntity
  8
cup lights$outside diameter
100
AcDbCircle
 10
-230.6521782404778
 20
-33.7436567226959
 30
0.0
 40
1.925
  0
CIRCLE
  5
7F
330
1F
100
AcDbEntity
  8
depths$3_4_
100
AcDbCircle
 10
-230.6521782404778
 20
-33.7436567226959
 30
0.0
 40
1.5
  0
CIRCLE
  5
80
330
1F
100
AcDbEntity
  8
depths$3_4_
100
AcDbCircle
 10
-230.6521782404778
 20
-33.7436567226959
 30
0.0
 40
1.25
  0
CIRCLE
  5
81
330
1F
100
AcDbEntity
  8
depths$3_4_
100
AcDbCircle
 10
234.0014630357242
 20
-31.80453497454211
 30
0.0
 40
1.25
210
0.0
220
0.0
230
-1.0
  0
CIRCLE
  5
82
330
1F
100
AcDbEntity
  8
depths$3_4_
100
AcDbCircle
 10
234.0014630357242
 20
-31.80453497454211
 30
0.0
 40
1.5
210
0.0
220
0.0
230
-1.0
  0
CIRCLE
  5
83
330
1F
100
AcDbEntity
  8
cup lights$outside diameter
100
AcDbCircle
 10
234.0014630357242
 20
-31.80453497454211
 30
0.0
 40
1.925
210
0.0
220
0.0
230
-1.0
  0
CIRCLE
  5
84
330
1F
100
AcDbEntity
  8
cup lights$outside diameter
100
AcDbCircle
 10
234.0213502120708
 20
-27.94645005995927
 30
0.0
 40
1.925
210
0.0
220
0.0
230
-1.0
  0
CIRCLE
  5
85
330
1F
100
AcDbEntity
  8
depths$3_4_
100
AcDbCircle
 10
234.0213502120708
 20
-27.94645005995927
 30
0.0
 40
1.5
210
0.0
220
0.0
230
-1.0
  0
CIRCLE
  5
86
330
1F
100
AcDbEntity
  8
depths$3_4_
100
AcDbCircle
 10
234.0213502120708
 20
-27.94645005995927
 30
0.0
 40
1.25
210
0.0
220
0.0
230
-1.0
  0
CIRCLE
  5
87
330
1F
100
AcDbEntity
  8
depths$3_4_
100
AcDbCircle
 10
230.6521782404778
 20
-26.00181966253619
 30
0.0
 40
1.25
210
0.0
220
0.0
230
-1.0
  0
CIRCLE
  5
88
330
1F
100
AcDbEntity
  8
depths$3_4_
100
AcDbCircle
 10
230.6521782404778
 20
-26.00181966253619
 30
0.0
 40
1.5
210
0.0
220
0.0
230
-1.0
  0
CIRCLE
  5
89
330
1F
100
AcDbEntity
  8
cup lights$outside diameter
100
AcDbCircle
 10
230.6521782404778
 20
-26.00181966253619
 30
0.0
 40
1.925
210
0.0
220
0.0
230
-1.0
  0
CIRCLE
  5
8A
330
1F
100
AcDbEntity
  8
cup lights$outside diameter
100
AcDbCircle
 10
230.6521782404778
 20
-29.86541322638832
 30
0.0
 40
1.925
210
0.0
220
0.0
230
-1.0
  0
CIRCLE
  5
8B
330
1F
100
AcDbEntity
  8
depths$3_4_
100
AcDbCircle
 10
230.6521782404778
 20
-29.86541322638832
 30
0.0
 40
1.5
210
0.0
220
0.0
230
-1.0
  0
CIRCLE
  5
8C
330
1F
100
AcDbEntity
  8
depths$3_4_
100
AcDbCircle
 10
230.6521782404778
 20
-29.86541322638832
 30
0.0
 40
1.25
210
0.0
220
0.0
230
-1.0
  0
CIRCLE
  5
8D
330
1F
100
AcDbEntity
  8
cup lights$outside diameter
100
AcDbCircle
 10
-231.652178240477
 20
-51.80453497454026
 30
0.0
 40
1.925
  0
CIRCLE
  5
8E
330
1F
100
AcDbEntity
  8
depths$3_4_
100
AcDbCircle
 10
-231.652178240477
 20
-51.80453497454026
 30
0.0
 40
1.5
  0
CIRCLE
  5
8F
330
1F
100
AcDbEntity
  8
depths$3_4_
100
AcDbCircle
 10
-231.652178240477
 20
-51.80453497454026
 30
0.0
 40
1.25
  0
CIRCLE
  5
90
330
1F
100
AcDbEntity
  8
cup lights$outside diameter
100
AcDbCircle
 10
231.6521782404787
 20
-11.80453497454026
 30
0.0
 40
1.925
210
0.0
220
0.0
230
-1.0
  0
CIRCLE
  5
91
330
1F
100
AcDbEntity
  8
depths$3_4_
100
AcDbCircle
 10
231.6521782404787
 20
-11.80453497454026
 30
0.0
 40
1.5
210
0.0
220
0.0
230
-1.0
  0
CIRCLE
  5
92
330
1F
100
AcDbEntity
  8
depths$3_4_
100
AcDbCircle
 10
231.6521782404787
 20
-11.80453497454026
 30
0.0
 40
1.25
210
0.0
220
0.0
230
-1.0
  0
CIRCLE
  5
93
330
1F
100
AcDbEntity
  8
cup lights$outside diameter
100
AcDbCircle
 10
319.6521782404778
 20
-51.80453497454211
 30
0.0
 40
1.925
210
0.0
220
0.0
230
-1.0
  0
CIRCLE
  5
94
330
1F
100
AcDbEntity
  8
depths$3_4_
100
AcDbCircle
 10
319.6521782404778
 20
-51.80453497454211
 30
0.0
 40
1.5
210
0.0
220
0.0
230
-1.0
  0
CIRCLE
  5
95
330
1F
100
AcDbEntity
  8
depths$3_4_
100
AcDbCircle
 10
319.6521782404778
 20
-51.80453497454211
 30
0.0
 40
1.25
210
0.0
220
0.0
230
-1.0
  0
CIRCLE
  5
96
330
1F
100
AcDbEntity
  8
cup lights$outside diameter
100
AcDbCircle
 10
-319.6521782404778
 20
-11.80453497454211
 30
0.0
 40
1.925
  0
CIRCLE
  5
97
330
1F
100
AcDbEntity
  8
depths$3_4_
100
AcDbCircle
 10
-319.6521782404778
 20
-11.80453497454211
 30
0.0
 40
1.5
  0
CIRCLE
  5
98
330
1F
100
AcDbEntity
  8
depths$3_4_
100
AcDbCircle
 10
-319.6521782404778
 20
-11.80453497454211
 30
0.0
 40
1.25
  0
CIRCLE
  5
99
330
1F
100
AcDbEntity
  8
depths$3_4_
100
AcDbCircle
 10
-310.551865452452
 20
-31.80453497454211
 30
0.0
 40
1.25
  0
CIRCLE
  5
9A
330
1F
100
AcDbEntity
  8
depths$3_4_
100
AcDbCircle
 10
-310.551865452452
 20
-31.80453497454211
 30
0.0
 40
1.5
  0
CIRCLE
  5
9B
330
1F
100
AcDbEntity
  8
cup lights$outside diameter
100
AcDbCircle
 10
-310.551865452452
 20
-31.80453497454211
 30
0.0
 40
1.925
  0
CIRCLE
  5
9C
330
1F
100
AcDbEntity
  8
depths$3_4_
100
AcDbCircle
 10
-313.9284012918424
 20
-33.7376248321991
 30
0.0
 40
1.25
  0
CIRCLE
  5
9D
330
1F
100
AcDbEntity
  8
depths$3_4_
100
AcDbCircle
 10
-313.9284012918424
 20
-33.7376248321991
 30
0.0
 40
1.5
  0
CIRCLE
  5
9E
330
1F
100
AcDbEntity
  8
cup lights$outside diameter
100
AcDbCircle
 10
-313.9284012918424
 20
-33.7376248321991
 30
0.0
 40
1.925
  0
CIRCLE
  5
9F
330
1F
100
AcDbEntity
  8
cup lights$outside diameter
100
AcDbCircle
 10
-313.9085141154958
 20
-29.87953991761626
 30
0.0
 40
1.925
  0
CIRCLE
  5
A0
330
1F
100
AcDbEntity
  8
depths$3_4_
100
AcDbCircle
 10
-313.9085141154958
 20
-29.87953991761626
 30
0.0
 40
1.5
  0
CIRCLE
  5
A1
330
1F
100
AcDbEntity
  8
depths$3_4_
100
AcDbCircle
 10
-313.9085141154958
 20
-29.87953991761626
 30
0.0
 40
1.25
  0
CIRCLE
  5
A2
330
1F
100
AcDbEntity
  8
cup lights$outside diameter
100
AcDbCircle
 10
317.2830062688848
 20
-35.66261988912495
 30
0.0
 40
1.925
210
0.0
220
0.0
230
-1.0
  0
CIRCLE
  5
A3
330
1F
100
AcDbEntity
  8
depths$3_4_
100
AcDbCircle
 10
317.2830062688848
 20
-35.66261988912495
 30
0.0
 40
1.5
210
0.0
220
0.0
230
-1.0
  0
CIRCLE
  5
A4
330
1F
100
AcDbEntity
  8
depths$3_4_
100
AcDbCircle
 10
317.2830062688848
 20
-35.66261988912495
 30
0.0
 40
1.25
210
0.0
220
0.0
230
-1.0
  0
CIRCLE
  5
A5
330
1F
100
AcDbEntity
  8
depths$3_4_
100
AcDbCircle
 10
320.6521782404778
 20
-37.60725028654803
 30
0.0
 40
1.25
210
0.0
220
0.0
230
-1.0
  0
CIRCLE
  5
A6
330
1F
100
AcDbEntity
  8
depths$3_4_
100
AcDbCircle
 10
320.6521782404778
 20
-37.60725028654803
 30
0.0
 40
1.5
210
0.0
220
0.0
230
-1.0
  0
CIRCLE
  5
A7
330
1F
100
AcDbEntity
  8
cup lights$outside diameter
100
AcDbCircle
 10
320.6521782404778
 20
-37.60725028654803
 30
0.0
 40
1.925
210
0.0
220
0.0
230
-1.0
  0
CIRCLE
  5
A8
330
1F
100
AcDbEntity
  8
cup lights$outside diameter
100
AcDbCircle
 10
320.6521782404778
 20
-33.7436567226959
 30
0.0
 40
1.925
210
0.0
220
0.0
230
-1.0
  0
CIRCLE
  5
A9
330
1F
100
AcDbEntity
  8
depths$3_4_
100
AcDbCircle
 10
320.6521782404778
 20
-33.7436567226959
 30
0.0
 40
1.5
210
0.0
220
0.0
230
-1.0
  0
CIRCLE
  5
AA
330
1F
100
AcDbEntity
  8
depths$3_4_
100
AcDbCircle
 10
320.6521782404778
 20
-33.7436567226959
 30
0.0
 40
1.25
210
0.0
220
0.0
230
-1.0
  0
CIRCLE
  5
AB
330
1F
100
AcDbEntity
  8
depths$3_4_
100
AcDbCircle
 10
-317.3028934452315
 20
-31.80453497454211
 30
0.0
 40
1.25
  0
CIRCLE
  5
AC
330
1F
100
AcDbEntity
  8
depths$3_4_
100
AcDbCircle
 10
-317.3028934452315
 20
-31.80453497454211
 30
0.0
 40
1.5
  0
CIRCLE
  5
AD
330
1F
100
AcDbEntity
  8
cup lights$outside diameter
100
AcDbCircle
 10
-317.3028934452315
 20
-31.80453497454211
 30
0.0
 40
1.925
  0
CIRCLE
  5
AE
330
1F
100
AcDbEntity
  8
cup lights$outside diameter
100
AcDbCircle
 10
-317.2830062688848
 20
-27.94645005995927
 30
0.0
 40
1.925
  0
CIRCLE
  5
AF
330
1F
100
AcDbEntity
  8
depths$3_4_
100
AcDbCircle
 10
-317.2830062688848
 20
-27.94645005995927
 30
0.0
 40
1.5
  0
CIRCLE
  5
B0
330
1F
100
AcDbEntity
  8
depths$3_4_
100
AcDbCircle
 10
-317.2830062688848
 20
-27.94645005995927
 30
0.0
 40
1.25
  0
CIRCLE
  5
B1
330
1F
100
AcDbEntity
  8
depths$3_4_
100
AcDbCircle
 10
-320.6521782404778
 20
-26.00181966253619
 30
0.0
 40
1.25
  0
CIRCLE
  5
B2
330
1F
100
AcDbEntity
  8
depths$3_4_
100
AcDbCircle
 10
-320.6521782404778
 20
-26.00181966253619
 30
0.0
 40
1.5
  0
CIRCLE
  5
B3
330
1F
100
AcDbEntity
  8
cup lights$outside diameter
100
AcDbCircle
 10
-320.6521782404778
 20
-26.00181966253619
 30
0.0
 40
1.925
  0
CIRCLE
  5
B4
330
1F
100
AcDbEntity
  8
cup lights$outside diameter
100
AcDbCircle
 10
-320.6521782404778
 20
-29.86541322638832
 30
0.0
 40
1.925
  0
CIRCLE
  5
B5
330
1F
100
AcDbEntity
  8
depths$3_4_
100
AcDbCircle
 10
-320.6521782404778
 20
-29.86541322638832
 30
0.0
 40
1.5
  0
CIRCLE
  5
B6
330
1F
100
AcDbEntity
  8
depths$3_4_
100
AcDbCircle
 10
-320.6521782404778
 20
-29.86541322638832
 30
0.0
 40
1.25
  0
POLYLINE
  5
B8
330
1F
100
AcDbEntity
  8
inside semi circle table
100
AcDb2dPolyline
 66
     1
 10
0.0
 20
0.0
 30
0.0
  0
VERTEX
  5
B9
330
B8
100
AcDbEntity
  8
inside semi circle table
100
AcDbVertex
100
AcDb2dVertex
 10
-275.6521782404778
 20
-55.80453497454211
 30
0.0
  0
VERTEX
  5
BA
330
B8
100
AcDbEntity
  8
inside semi circle table
100
AcDbVertex
100
AcDb2dVertex
 10
-275.6521782404778
 20
-7.804534974542108
 30
0.0
  0
SEQEND
  5
BB
330
B8
100
AcDbEntity
  8
inside semi circle table
  0
POLYLINE
  5
BD
330
1F
100
AcDbEntity
  8
Default
100
AcDb2dPolyline
 66
     1
 10
0.0
 20
0.0
 30
0.0
  0
VERTEX
  5
BE
330
BD
100
AcDbEntity
  8
Default
100
AcDbVertex
100
AcDb2dVertex
 10
-275.4021782404778
 20
-54.80453497454211
 30
0.0
  0
VERTEX
  5
BF
330
BD
100
AcDbEntity
  8
Default
100
AcDbVertex
100
AcDb2dVertex
 10
-228.6521782404778
 20
-54.80453497454211
 30
0.0
  0
VERTEX
  5
C0
330
BD
100
AcDbEntity
  8
Default
100
AcDbVertex
100
AcDb2dVertex
 10
-228.6521782404778
 20
-8.804534974542108
 30
0.0
  0
VERTEX
  5
C1
330
BD
100
AcDbEntity
  8
Default
100
AcDbVertex
100
AcDb2dVertex
 10
-275.4021782404778
 20
-8.804534974542108
 30
0.0
  0
SEQEND
  5
C2
330
BD
100
AcDbEntity
  8
Default
  0
POLYLINE
  5
C3
330
1F
100
AcDbEntity
  8
Default
100
AcDb2dPolyline
 66
     1
 10
0.0
 20
0.0
 30
0.0
  0
VERTEX
  5
C4
330
C3
100
AcDbEntity
  8
Default
100
AcDbVertex
100
AcDb2dVertex
 10
-275.9021782404778
 20
-8.804534974542108
 30
0.0
  0
VERTEX
  5
C5
330
C3
100
AcDbEntity
  8
Default
100
AcDbVertex
100
AcDb2dVertex
 10
-322.6521782404778
 20
-8.804534974542108
 30
0.0
  0
VERTEX
  5
C6
330
C3
100
AcDbEntity
  8
Default
100
AcDbVertex
100
AcDb2dVertex
 10
-322.6521782404778
 20
-54.80453497454211
 30
0.0
  0
VERTEX
  5
C7
330
C3
100
AcDbEntity
  8
Default
100
AcDbVertex
100
AcDb2dVertex
 10
-275.9021782404778
 20
-54.80453497454211
 30
0.0
  0
SEQEND
  5
C8
330
C3
100
AcDbEntity
  8
Default
  0
ARC
  5
C9
330
1F
100
AcDbEntity
  8
Default
100
AcDbCircle
 10
-275.6521782404778
 20
-31.80453497454211
 30
0.0
 40
9.0
100
AcDbArc
 50
271.5917541765993
 51
88.40824582341375
  0
ARC
  5
CA
330
1F
100
AcDbEntity
  8
Default
100
AcDbCircle
 10
-275.6521782404778
 20
-31.80453497454211
 30
0.0
 40
9.0
100
AcDbArc
 50
91.59175417660002
 51
268.4082458234141
  0
POLYLINE
  5
CB
330
1F
100
AcDbEntity
  8
inside semi circle table
100
AcDb2dPolyline
 66
     1
 10
0.0
 20
0.0
 30
0.0
  0
VERTEX
  5
CC
330
CB
100
AcDbEntity
  8
inside semi circle table
100
AcDbVertex
100
AcDb2dVertex
 10
-275.4021782404778
 20
-40.80106208226539
 30
0.0
  0
VERTEX
  5
CD
330
CB
100
AcDbEntity
  8
inside semi circle table
100
AcDbVertex
100
AcDb2dVertex
 10
-275.4021782404778
 20
-41.30124493115339
 30
0.0
  0
SEQEND
  5
CE
330
CB
100
AcDbEntity
  8
inside semi circle table
  0
POLYLINE
  5
CF
330
1F
100
AcDbEntity
  8
inside semi circle table
100
AcDb2dPolyline
 66
     1
 10
0.0
 20
0.0
 30
0.0
  0
VERTEX
  5
D0
330
CF
100
AcDbEntity
  8
inside semi circle table
100
AcDbVertex
100
AcDb2dVertex
 10
-275.4021782404778
 20
-39.66819441979899
 30
0.0
  0
VERTEX
  5
D1
330
CF
100
AcDbEntity
  8
inside semi circle table
100
AcDbVertex
100
AcDb2dVertex
 10
-275.4021782404778
 20
-40.80106208226539
 30
0.0
  0
SEQEND
  5
D2
330
CF
100
AcDbEntity
  8
inside semi circle table
  0
POLYLINE
  5
D3
330
1F
100
AcDbEntity
  8
inside semi circle table
100
AcDb2dPolyline
 66
     1
 10
0.0
 20
0.0
 30
0.0
  0
VERTEX
  5
D4
330
D3
100
AcDbEntity
  8
inside semi circle table
100
AcDbVertex
100
AcDb2dVertex
 10
-275.9021782404779
 20
-40.8010620822654
 30
0.0
  0
VERTEX
  5
D5
330
D3
100
AcDbEntity
  8
inside semi circle table
100
AcDbVertex
100
AcDb2dVertex
 10
-275.9021782404778
 20
-41.30124493115339
 30
0.0
  0
SEQEND
  5
D6
330
D3
100
AcDbEntity
  8
inside semi circle table
  0
POLYLINE
  5
D7
330
1F
100
AcDbEntity
  8
inside semi circle table
100
AcDb2dPolyline
 66
     1
 10
0.0
 20
0.0
 30
0.0
  0
VERTEX
  5
D8
330
D7
100
AcDbEntity
  8
inside semi circle table
100
AcDbVertex
100
AcDb2dVertex
 10
-275.9021782404778
 20
-39.66819441979899
 30
0.0
  0
VERTEX
  5
D9
330
D7
100
AcDbEntity
  8
inside semi circle table
100
AcDbVertex
100
AcDb2dVertex
 10
-275.9021782404779
 20
-40.8010620822654
 30
0.0
  0
SEQEND
  5
DA
330
D7
100
AcDbEntity
  8
inside semi circle table
  0
POLYLINE
  5
DB
330
1F
100
AcDbEntity
  8
inside semi circle table
100
AcDb2dPolyline
 66
     1
 10
0.0
 20
0.0
 30
0.0
  0
VERTEX
  5
DC
330
DB
100
AcDbEntity
  8
inside semi circle table
100
AcDbVertex
100
AcDb2dVertex
 10
-275.4021782404778
 20
-23.24790045887771
 30
0.0
  0
VERTEX
  5
DD
330
DB
100
AcDbEntity
  8
inside semi circle table
100
AcDbVertex
100
AcDb2dVertex
 10
-275.4021782404778
 20
-23.87309161330599
 30
0.0
  0
SEQEND
  5
DE
330
DB
100
AcDbEntity
  8
inside semi circle table
  0
POLYLINE
  5
DF
330
1F
100
AcDbEntity
  8
inside semi circle table
100
AcDb2dPolyline
 66
     1
 10
0.0
 20
0.0
 30
0.0
  0
VERTEX
  5
E0
330
DF
100
AcDbEntity
  8
inside semi circle table
100
AcDbVertex
100
AcDb2dVertex
 10
-275.4021782404778
 20
-22.80800786681883
 30
0.0
  0
VERTEX
  5
E1
330
DF
100
AcDbEntity
  8
inside semi circle table
100
AcDbVertex
100
AcDb2dVertex
 10
-275.4021782404778
 20
-23.05453497454211
 30
0.0
  0
SEQEND
  5
E2
330
DF
100
AcDbEntity
  8
inside semi circle table
  0
POLYLINE
  5
E3
330
1F
100
AcDbEntity
  8
inside semi circle table
100
AcDb2dPolyline
 66
     1
 10
0.0
 20
0.0
 30
0.0
  0
VERTEX
  5
E4
330
E3
100
AcDbEntity
  8
inside semi circle table
100
AcDbVertex
100
AcDb2dVertex
 10
-275.4021782404778
 20
-22.30782501793082
 30
0.0
  0
VERTEX
  5
E5
330
E3
100
AcDbEntity
  8
inside semi circle table
100
AcDbVertex
100
AcDb2dVertex
 10
-275.4021782404778
 20
-22.80800786681883
 30
0.0
  0
SEQEND
  5
E6
330
E3
100
AcDbEntity
  8
inside semi circle table
  0
LINE
  5
E7
330
1F
100
AcDbEntity
  8
inside semi circle table
100
AcDbLine
 10
-275.9021782404779
 20
-22.80800786681882
 30
0.0
 11
-275.9021782404778
 21
-23.05453497454211
 31
0.0
  0
LINE
  5
E8
330
1F
100
AcDbEntity
  8
inside semi circle table
100
AcDbLine
 10
-275.9021782404778
 20
-22.30782501793081
 30
0.0
 11
-275.9021782404779
 21
-22.80800786681882
 31
0.0
  0
POLYLINE
  5
E9
330
1F
100
AcDbEntity
  8
inside semi circle table
100
AcDb2dPolyline
 66
     1
 10
0.0
 20
0.0
 30
0.0
  0
VERTEX
  5
EA
330
E9
100
AcDbEntity
  8
inside semi circle table
100
AcDbVertex
100
AcDb2dVertex
 10
-275.9021782404778
 20
-23.2479004588777
 30
0.0
  0
VERTEX
  5
EB
330
E9
100
AcDbEntity
  8
inside semi circle table
100
AcDbVertex
100
AcDb2dVertex
 10
-275.9021782404778
 20
-23.87309161330596
 30
0.0
  0
SEQEND
  5
EC
330
E9
100
AcDbEntity
  8
inside semi circle table
  0
POLYLINE
  5
ED
330
1F
100
AcDbEntity
  8
depths$3_4_
100
AcDb2dPolyline
 66
     1
 10
0.0
 20
0.0
 30
0.0
 70
     1
  0
VERTEX
  5
EE
330
ED
100
AcDbEntity
  8
depths$3_4_
100
AcDbVertex
100
AcDb2dVertex
 10
-273.4021782404778
 20
-51.3045349745421
 30
0.0
  0
VERTEX
  5
EF
330
ED
100
AcDbEntity
  8
depths$3_4_
100
AcDbVertex
100
AcDb2dVertex
 10
-273.4021782404778
 20
-52.80453497454211
 30
0.0
  0
VERTEX
  5
F0
330
ED
100
AcDbEntity
  8
depths$3_4_
100
AcDbVertex
100
AcDb2dVertex
 10
-272.6521782404778
 20
-52.80453497454211
 30
0.0
  0
VERTEX
  5
F1
330
ED
100
AcDbEntity
  8
depths$3_4_
100
AcDbVertex
100
AcDb2dVertex
 10
-238.6521782404778
 20
-52.80453497454211
 30
0.0
  0
VERTEX
  5
F2
330
ED
100
AcDbEntity
  8
depths$3_4_
100
AcDbVertex
100
AcDb2dVertex
 10
-238.6521782404778
 20
-51.30453497454211
 30
0.0
  0
SEQEND
  5
F3
330
ED
100
AcDbEntity
  8
depths$3_4_
  0
POLYLINE
  5
F4
330
1F
100
AcDbEntity
  8
depths$3_4_
100
AcDb2dPolyline
 66
     1
 10
0.0
 20
0.0
 30
0.0
 70
     1
  0
VERTEX
  5
F5
330
F4
100
AcDbEntity
  8
depths$3_4_
100
AcDbVertex
100
AcDb2dVertex
 10
-240.7573653193759
 20
-47.80453497454211
 30
0.0
  0
VERTEX
  5
F6
330
F4
100
AcDbEntity
  8
depths$3_4_
100
AcDbVertex
100
AcDb2dVertex
 10
-273.4021782404778
 20
-47.80453497454211
 30
0.0
  0
VERTEX
  5
F7
330
F4
100
AcDbEntity
  8
depths$3_4_
100
AcDbVertex
100
AcDb2dVertex
 10
-273.4021782404778
 20
-49.30453497454211
 30
0.0
  0
VERTEX
  5
F8
330
F4
100
AcDbEntity
  8
depths$3_4_
100
AcDbVertex
100
AcDb2dVertex
 10
-238.6521782404778
 20
-49.30453497454211
 30
0.0
  0
VERTEX
  5
F9
330
F4
100
AcDbEntity
  8
depths$3_4_
100
AcDbVertex
100
AcDb2dVertex
 10
-238.6521782404778
 20
-49.01996530123843
 30
0.0
  0
VERTEX
  5
FA
330
F4
100
AcDbEntity
  8
depths$3_4_
100
AcDbVertex
100
AcDb2dVertex
 10
-239.5521385893519
 20
-48.50037295155598
 30
0.0
  0
SEQEND
  5
FB
330
F4
100
AcDbEntity
  8
depths$3_4_
  0
POLYLINE
  5
FC
330
1F
100
AcDbEntity
  8
depths$3_4_
100
AcDb2dPolyline
 66
     1
 10
0.0
 20
0.0
 30
0.0
 70
     1
  0
VERTEX
  5
FD
330
FC
100
AcDbEntity
  8
depths$3_4_
100
AcDbVertex
100
AcDb2dVertex
 10
-244.2214669345136
 20
-45.8045349745421
 30
0.0
  0
VERTEX
  5
FE
330
FC
100
AcDbEntity
  8
depths$3_4_
100
AcDbVertex
100
AcDb2dVertex
 10
-246.8195431458669
 20
-44.30453497454211
 30
0.0
  0
VERTEX
  5
FF
330
FC
100
AcDbEntity
  8
depths$3_4_
100
AcDbVertex
100
AcDb2dVertex
 10
-273.4021782404778
 20
-44.30453497454211
 30
0.0
  0
VERTEX
  5
100
330
FC
100
AcDbEntity
  8
depths$3_4_
100
AcDbVertex
100
AcDb2dVertex
 10
-273.4021782404778
 20
-45.80453497454211
 30
0.0
  0
SEQEND
  5
101
330
FC
100
AcDbEntity
  8
depths$3_4_
  0
ARC
  5
102
330
1F
100
AcDbEntity
  8
depths$3_4_
100
AcDbCircle
 10
275.6521782404778
 20
-31.80453497454211
 30
0.0
 40
11.5
210
0.0
220
0.0
230
-1.0
100
AcDbArc
 50
231.5000495907521
 51
245.9293853774331
  0
POLYLINE
  5
103
330
1F
100
AcDbEntity
  8
depths$3_4_
100
AcDb2dPolyline
 66
     1
 10
0.0
 20
0.0
 30
0.0
  0
VERTEX
  5
104
330
103
100
AcDbEntity
  8
depths$3_4_
100
AcDbVertex
100
AcDb2dVertex
 10
-270.9617624806544
 20
-42.30453497454211
 30
0.0
  0
VERTEX
  5
105
330
103
100
AcDbEntity
  8
depths$3_4_
100
AcDbVertex
100
AcDb2dVertex
 10
-250.2836447610047
 20
-42.30453497454211
 30
0.0
  0
VERTEX
  5
106
330
103
100
AcDbEntity
  8
depths$3_4_
100
AcDbVertex
100
AcDb2dVertex
 10
-252.881720972358
 20
-40.80453497454211
 30
0.0
  0
VERTEX
  5
107
330
103
100
AcDbEntity
  8
depths$3_4_
100
AcDbVertex
100
AcDb2dVertex
 10
-268.4932677088397
 20
-40.8045349745421
 30
0.0
  0
SEQEND
  5
108
330
103
100
AcDbEntity
  8
depths$3_4_
  0
ARC
  5
109
330
1F
100
AcDbEntity
  8
depths$3_4_
100
AcDbCircle
 10
-275.6521782404778
 20
-31.80453497454211
 30
0.0
 40
11.5
100
AcDbArc
 50
322.5047502354412
 51
331.4281218576911
  0
POLYLINE
  5
10A
330
1F
100
AcDbEntity
  8
depths$3_4_
100
AcDb2dPolyline
 66
     1
 10
0.0
 20
0.0
 30
0.0
  0
VERTEX
  5
10B
330
10A
100
AcDbEntity
  8
depths$3_4_
100
AcDbVertex
100
AcDb2dVertex
 10
-265.5526733021157
 20
-37.30453497454211
 30
0.0
  0
VERTEX
  5
10C
330
10A
100
AcDbEntity
  8
depths$3_4_
100
AcDbVertex
100
AcDb2dVertex
 10
-258.943898798849
 20
-37.30453497454211
 30
0.0
  0
VERTEX
  5
10D
330
10A
100
AcDbEntity
  8
depths$3_4_
100
AcDbVertex
100
AcDb2dVertex
 10
-256.3458225874957
 20
-38.80453497454211
 30
0.0
  0
VERTEX
  5
10E
330
10A
100
AcDbEntity
  8
depths$3_4_
100
AcDbVertex
100
AcDb2dVertex
 10
-266.5280344450305
 20
-38.80453497454212
 30
0.0
  0
SEQEND
  5
10F
330
10A
100
AcDbEntity
  8
depths$3_4_
  0
POLYLINE
  5
110
330
1F
100
AcDbEntity
  8
depths$3_4_
100
AcDb2dPolyline
 66
     1
 10
0.0
 20
0.0
 30
0.0
 70
     1
  0
VERTEX
  5
111
330
110
100
AcDbEntity
  8
depths$3_4_
100
AcDbVertex
100
AcDb2dVertex
 10
-277.9021782404778
 20
-51.3045349745421
 30
0.0
  0
VERTEX
  5
112
330
110
100
AcDbEntity
  8
depths$3_4_
100
AcDbVertex
100
AcDb2dVertex
 10
-277.9021782404778
 20
-52.80453497454211
 30
0.0
  0
VERTEX
  5
113
330
110
100
AcDbEntity
  8
depths$3_4_
100
AcDbVertex
100
AcDb2dVertex
 10
-278.6521782404778
 20
-52.80453497454211
 30
0.0
  0
VERTEX
  5
114
330
110
100
AcDbEntity
  8
depths$3_4_
100
AcDbVertex
100
AcDb2dVertex
 10
-312.6521782404778
 20
-52.80453497454211
 30
0.0
  0
VERTEX
  5
115
330
110
100
AcDbEntity
  8
depths$3_4_
100
AcDbVertex
100
AcDb2dVertex
 10
-312.6521782404778
 20
-51.30453497454211
 30
0.0
  0
SEQEND
  5
116
330
110
100
AcDbEntity
  8
depths$3_4_
  0
POLYLINE
  5
117
330
1F
100
AcDbEntity
  8
depths$3_4_
100
AcDb2dPolyline
 66
     1
 10
0.0
 20
0.0
 30
0.0
 70
     1
  0
VERTEX
  5
118
330
117
100
AcDbEntity
  8
depths$3_4_
100
AcDbVertex
100
AcDb2dVertex
 10
-310.5469911615797
 20
-47.80453497454211
 30
0.0
  0
VERTEX
  5
119
330
117
100
AcDbEntity
  8
depths$3_4_
100
AcDbVertex
100
AcDb2dVertex
 10
-277.9021782404778
 20
-47.80453497454211
 30
0.0
  0
VERTEX
  5
11A
330
117
100
AcDbEntity
  8
depths$3_4_
100
AcDbVertex
100
AcDb2dVertex
 10
-277.9021782404778
 20
-49.30453497454211
 30
0.0
  0
VERTEX
  5
11B
330
117
100
AcDbEntity
  8
depths$3_4_
100
AcDbVertex
100
AcDb2dVertex
 10
-312.6521782404778
 20
-49.30453497454211
 30
0.0
  0
VERTEX
  5
11C
330
117
100
AcDbEntity
  8
depths$3_4_
100
AcDbVertex
100
AcDb2dVertex
 10
-312.6521782404778
 20
-49.01996530123843
 30
0.0
  0
VERTEX
  5
11D
330
117
100
AcDbEntity
  8
depths$3_4_
100
AcDbVertex
100
AcDb2dVertex
 10
-311.7522178916038
 20
-48.50037295155598
 30
0.0
  0
SEQEND
  5
11E
330
117
100
AcDbEntity
  8
depths$3_4_
  0
POLYLINE
  5
11F
330
1F
100
AcDbEntity
  8
depths$3_4_
100
AcDb2dPolyline
 66
     1
 10
0.0
 20
0.0
 30
0.0
 70
     1
  0
VERTEX
  5
120
330
11F
100
AcDbEntity
  8
depths$3_4_
100
AcDbVertex
100
AcDb2dVertex
 10
-307.0828895464421
 20
-45.8045349745421
 30
0.0
  0
VERTEX
  5
121
330
11F
100
AcDbEntity
  8
depths$3_4_
100
AcDbVertex
100
AcDb2dVertex
 10
-304.4848133350887
 20
-44.30453497454211
 30
0.0
  0
VERTEX
  5
122
330
11F
100
AcDbEntity
  8
depths$3_4_
100
AcDbVertex
100
AcDb2dVertex
 10
-277.9021782404778
 20
-44.30453497454211
 30
0.0
  0
VERTEX
  5
123
330
11F
100
AcDbEntity
  8
depths$3_4_
100
AcDbVertex
100
AcDb2dVertex
 10
-277.9021782404778
 20
-45.80453497454211
 30
0.0
  0
SEQEND
  5
124
330
11F
100
AcDbEntity
  8
depths$3_4_
  0
ARC
  5
125
330
1F
100
AcDbEntity
  8
depths$3_4_
100
AcDbCircle
 10
-275.6521782404778
 20
-31.80453497454211
 30
0.0
 40
11.5
100
AcDbArc
 50
231.5000495907521
 51
245.9293853774331
  0
POLYLINE
  5
126
330
1F
100
AcDbEntity
  8
depths$3_4_
100
AcDb2dPolyline
 66
     1
 10
0.0
 20
0.0
 30
0.0
  0
VERTEX
  5
127
330
126
100
AcDbEntity
  8
depths$3_4_
100
AcDbVertex
100
AcDb2dVertex
 10
-280.3425940003012
 20
-42.30453497454211
 30
0.0
  0
VERTEX
  5
128
330
126
100
AcDbEntity
  8
depths$3_4_
100
AcDbVertex
100
AcDb2dVertex
 10
-301.020711719951
 20
-42.30453497454211
 30
0.0
  0
VERTEX
  5
129
330
126
100
AcDbEntity
  8
depths$3_4_
100
AcDbVertex
100
AcDb2dVertex
 10
-298.4226355085976
 20
-40.80453497454211
 30
0.0
  0
VERTEX
  5
12A
330
126
100
AcDbEntity
  8
depths$3_4_
100
AcDbVertex
100
AcDb2dVertex
 10
-282.811088772116
 20
-40.8045349745421
 30
0.0
  0
SEQEND
  5
12B
330
126
100
AcDbEntity
  8
depths$3_4_
  0
ARC
  5
12C
330
1F
100
AcDbEntity
  8
depths$3_4_
100
AcDbCircle
 10
275.6521782404778
 20
-31.80453497454211
 30
0.0
 40
11.5
210
0.0
220
0.0
230
-1.0
100
AcDbArc
 50
322.5047502354412
 51
331.4281218576911
  0
POLYLINE
  5
12D
330
1F
100
AcDbEntity
  8
depths$3_4_
100
AcDb2dPolyline
 66
     1
 10
0.0
 20
0.0
 30
0.0
  0
VERTEX
  5
12E
330
12D
100
AcDbEntity
  8
depths$3_4_
100
AcDbVertex
100
AcDb2dVertex
 10
-285.7516831788399
 20
-37.30453497454211
 30
0.0
  0
VERTEX
  5
12F
330
12D
100
AcDbEntity
  8
depths$3_4_
100
AcDbVertex
100
AcDb2dVertex
 10
-292.3604576821066
 20
-37.30453497454211
 30
0.0
  0
VERTEX
  5
130
330
12D
100
AcDbEntity
  8
depths$3_4_
100
AcDbVertex
100
AcDb2dVertex
 10
-294.95853389346
 20
-38.80453497454211
 30
0.0
  0
VERTEX
  5
131
330
12D
100
AcDbEntity
  8
depths$3_4_
100
AcDbVertex
100
AcDb2dVertex
 10
-284.7763220359251
 20
-38.80453497454212
 30
0.0
  0
SEQEND
  5
132
330
12D
100
AcDbEntity
  8
depths$3_4_
  0
POLYLINE
  5
133
330
1F
100
AcDbEntity
  8
depths$3_4_
100
AcDb2dPolyline
 66
     1
 10
0.0
 20
0.0
 30
0.0
 70
     1
  0
VERTEX
  5
134
330
133
100
AcDbEntity
  8
depths$3_4_
100
AcDbVertex
100
AcDb2dVertex
 10
-273.4021782404778
 20
-12.30453497454211
 30
0.0
  0
VERTEX
  5
135
330
133
100
AcDbEntity
  8
depths$3_4_
100
AcDbVertex
100
AcDb2dVertex
 10
-273.4021782404778
 20
-10.80453497454211
 30
0.0
  0
VERTEX
  5
136
330
133
100
AcDbEntity
  8
depths$3_4_
100
AcDbVertex
100
AcDb2dVertex
 10
-272.6521782404778
 20
-10.80453497454211
 30
0.0
  0
VERTEX
  5
137
330
133
100
AcDbEntity
  8
depths$3_4_
100
AcDbVertex
100
AcDb2dVertex
 10
-238.6521782404778
 20
-10.80453497454211
 30
0.0
  0
VERTEX
  5
138
330
133
100
AcDbEntity
  8
depths$3_4_
100
AcDbVertex
100
AcDb2dVertex
 10
-238.6521782404778
 20
-12.30453497454211
 30
0.0
  0
SEQEND
  5
139
330
133
100
AcDbEntity
  8
depths$3_4_
  0
POLYLINE
  5
13A
330
1F
100
AcDbEntity
  8
depths$3_4_
100
AcDb2dPolyline
 66
     1
 10
0.0
 20
0.0
 30
0.0
 70
     1
  0
VERTEX
  5
13B
330
13A
100
AcDbEntity
  8
depths$3_4_
100
AcDbVertex
100
AcDb2dVertex
 10
-240.7573653193759
 20
-15.80453497454211
 30
0.0
  0
VERTEX
  5
13C
330
13A
100
AcDbEntity
  8
depths$3_4_
100
AcDbVertex
100
AcDb2dVertex
 10
-273.4021782404778
 20
-15.80453497454211
 30
0.0
  0
VERTEX
  5
13D
330
13A
100
AcDbEntity
  8
depths$3_4_
100
AcDbVertex
100
AcDb2dVertex
 10
-273.4021782404778
 20
-14.30453497454211
 30
0.0
  0
VERTEX
  5
13E
330
13A
100
AcDbEntity
  8
depths$3_4_
100
AcDbVertex
100
AcDb2dVertex
 10
-238.6521782404778
 20
-14.30453497454211
 30
0.0
  0
VERTEX
  5
13F
330
13A
100
AcDbEntity
  8
depths$3_4_
100
AcDbVertex
100
AcDb2dVertex
 10
-238.6521782404778
 20
-14.58910464784579
 30
0.0
  0
VERTEX
  5
140
330
13A
100
AcDbEntity
  8
depths$3_4_
100
AcDbVertex
100
AcDb2dVertex
 10
-239.5521385893519
 20
-15.10869699752823
 30
0.0
  0
SEQEND
  5
141
330
13A
100
AcDbEntity
  8
depths$3_4_
  0
POLYLINE
  5
142
330
1F
100
AcDbEntity
  8
depths$3_4_
100
AcDb2dPolyline
 66
     1
 10
0.0
 20
0.0
 30
0.0
 70
     1
  0
VERTEX
  5
143
330
142
100
AcDbEntity
  8
depths$3_4_
100
AcDbVertex
100
AcDb2dVertex
 10
-244.2214669345136
 20
-17.80453497454211
 30
0.0
  0
VERTEX
  5
144
330
142
100
AcDbEntity
  8
depths$3_4_
100
AcDbVertex
100
AcDb2dVertex
 10
-246.8195431458669
 20
-19.30453497454211
 30
0.0
  0
VERTEX
  5
145
330
142
100
AcDbEntity
  8
depths$3_4_
100
AcDbVertex
100
AcDb2dVertex
 10
-273.4021782404778
 20
-19.30453497454211
 30
0.0
  0
VERTEX
  5
146
330
142
100
AcDbEntity
  8
depths$3_4_
100
AcDbVertex
100
AcDb2dVertex
 10
-273.4021782404778
 20
-17.80453497454211
 30
0.0
  0
SEQEND
  5
147
330
142
100
AcDbEntity
  8
depths$3_4_
  0
ARC
  5
148
330
1F
100
AcDbEntity
  8
depths$3_4_
100
AcDbCircle
 10
-275.6521782404778
 20
-31.80453497454211
 30
0.0
 40
11.5
100
AcDbArc
 50
51.50004959075208
 51
65.92938537743308
  0
POLYLINE
  5
149
330
1F
100
AcDbEntity
  8
depths$3_4_
100
AcDb2dPolyline
 66
     1
 10
0.0
 20
0.0
 30
0.0
  0
VERTEX
  5
14A
330
149
100
AcDbEntity
  8
depths$3_4_
100
AcDbVertex
100
AcDb2dVertex
 10
-270.9617624806544
 20
-21.30453497454211
 30
0.0
  0
VERTEX
  5
14B
330
149
100
AcDbEntity
  8
depths$3_4_
100
AcDbVertex
100
AcDb2dVertex
 10
-250.2836447610047
 20
-21.30453497454211
 30
0.0
  0
VERTEX
  5
14C
330
149
100
AcDbEntity
  8
depths$3_4_
100
AcDbVertex
100
AcDb2dVertex
 10
-252.881720972358
 20
-22.80453497454211
 30
0.0
  0
VERTEX
  5
14D
330
149
100
AcDbEntity
  8
depths$3_4_
100
AcDbVertex
100
AcDb2dVertex
 10
-268.4932677088397
 20
-22.80453497454211
 30
0.0
  0
SEQEND
  5
14E
330
149
100
AcDbEntity
  8
depths$3_4_
  0
ARC
  5
14F
330
1F
100
AcDbEntity
  8
depths$3_4_
100
AcDbCircle
 10
275.6521782404778
 20
-31.80453497454211
 30
0.0
 40
11.5
210
0.0
220
0.0
230
-1.0
100
AcDbArc
 50
142.5047502354413
 51
151.4281218576912
  0
POLYLINE
  5
150
330
1F
100
AcDbEntity
  8
depths$3_4_
100
AcDb2dPolyline
 66
     1
 10
0.0
 20
0.0
 30
0.0
  0
VERTEX
  5
151
330
150
100
AcDbEntity
  8
depths$3_4_
100
AcDbVertex
100
AcDb2dVertex
 10
-265.5526733021157
 20
-26.30453497454211
 30
0.0
  0
VERTEX
  5
152
330
150
100
AcDbEntity
  8
depths$3_4_
100
AcDbVertex
100
AcDb2dVertex
 10
-258.943898798849
 20
-26.30453497454211
 30
0.0
  0
VERTEX
  5
153
330
150
100
AcDbEntity
  8
depths$3_4_
100
AcDbVertex
100
AcDb2dVertex
 10
-256.3458225874957
 20
-24.80453497454211
 30
0.0
  0
VERTEX
  5
154
330
150
100
AcDbEntity
  8
depths$3_4_
100
AcDbVertex
100
AcDb2dVertex
 10
-266.5280344450305
 20
-24.80453497454209
 30
0.0
  0
SEQEND
  5
155
330
150
100
AcDbEntity
  8
depths$3_4_
  0
POLYLINE
  5
156
330
1F
100
AcDbEntity
  8
depths$3_4_
100
AcDb2dPolyline
 66
     1
 10
0.0
 20
0.0
 30
0.0
 70
     1
  0
VERTEX
  5
157
330
156
100
AcDbEntity
  8
depths$3_4_
100
AcDbVertex
100
AcDb2dVertex
 10
-277.9021782404778
 20
-12.30453497454211
 30
0.0
  0
VERTEX
  5
158
330
156
100
AcDbEntity
  8
depths$3_4_
100
AcDbVertex
100
AcDb2dVertex
 10
-277.9021782404778
 20
-10.80453497454211
 30
0.0
  0
VERTEX
  5
159
330
156
100
AcDbEntity
  8
depths$3_4_
100
AcDbVertex
100
AcDb2dVertex
 10
-278.6521782404778
 20
-10.80453497454211
 30
0.0
  0
VERTEX
  5
15A
330
156
100
AcDbEntity
  8
depths$3_4_
100
AcDbVertex
100
AcDb2dVertex
 10
-312.6521782404778
 20
-10.80453497454211
 30
0.0
  0
VERTEX
  5
15B
330
156
100
AcDbEntity
  8
depths$3_4_
100
AcDbVertex
100
AcDb2dVertex
 10
-312.6521782404778
 20
-12.30453497454211
 30
0.0
  0
SEQEND
  5
15C
330
156
100
AcDbEntity
  8
depths$3_4_
  0
POLYLINE
  5
15D
330
1F
100
AcDbEntity
  8
depths$3_4_
100
AcDb2dPolyline
 66
     1
 10
0.0
 20
0.0
 30
0.0
 70
     1
  0
VERTEX
  5
15E
330
15D
100
AcDbEntity
  8
depths$3_4_
100
AcDbVertex
100
AcDb2dVertex
 10
-310.5469911615797
 20
-15.80453497454211
 30
0.0
  0
VERTEX
  5
15F
330
15D
100
AcDbEntity
  8
depths$3_4_
100
AcDbVertex
100
AcDb2dVertex
 10
-277.9021782404778
 20
-15.80453497454211
 30
0.0
  0
VERTEX
  5
160
330
15D
100
AcDbEntity
  8
depths$3_4_
100
AcDbVertex
100
AcDb2dVertex
 10
-277.9021782404778
 20
-14.30453497454211
 30
0.0
  0
VERTEX
  5
161
330
15D
100
AcDbEntity
  8
depths$3_4_
100
AcDbVertex
100
AcDb2dVertex
 10
-312.6521782404778
 20
-14.30453497454211
 30
0.0
  0
VERTEX
  5
162
330
15D
100
AcDbEntity
  8
depths$3_4_
100
AcDbVertex
100
AcDb2dVertex
 10
-312.6521782404778
 20
-14.58910464784579
 30
0.0
  0
VERTEX
  5
163
330
15D
100
AcDbEntity
  8
depths$3_4_
100
AcDbVertex
100
AcDb2dVertex
 10
-311.7522178916038
 20
-15.10869699752823
 30
0.0
  0
SEQEND
  5
164
330
15D
100
AcDbEntity
  8
depths$3_4_
  0
POLYLINE
  5
165
330
1F
100
AcDbEntity
  8
depths$3_4_
100
AcDb2dPolyline
 66
     1
 10
0.0
 20
0.0
 30
0.0
 70
     1
  0
VERTEX
  5
166
330
165
100
AcDbEntity
  8
depths$3_4_
100
AcDbVertex
100
AcDb2dVertex
 10
-307.0828895464421
 20
-17.80453497454211
 30
0.0
  0
VERTEX
  5
167
330
165
100
AcDbEntity
  8
depths$3_4_
100
AcDbVertex
100
AcDb2dVertex
 10
-304.4848133350887
 20
-19.30453497454211
 30
0.0
  0
VERTEX
  5
168
330
165
100
AcDbEntity
  8
depths$3_4_
100
AcDbVertex
100
AcDb2dVertex
 10
-277.9021782404778
 20
-19.30453497454211
 30
0.0
  0
VERTEX
  5
169
330
165
100
AcDbEntity
  8
depths$3_4_
100
AcDbVertex
100
AcDb2dVertex
 10
-277.9021782404778
 20
-17.80453497454211
 30
0.0
  0
SEQEND
  5
16A
330
165
100
AcDbEntity
  8
depths$3_4_
  0
ARC
  5
16B
330
1F
100
AcDbEntity
  8
depths$3_4_
100
AcDbCircle
 10
275.6521782404778
 20
-31.80453497454211
 30
0.0
 40
11.5
210
0.0
220
0.0
230
-1.0
100
AcDbArc
 50
51.50004959075208
 51
65.92938537743308
  0
POLYLINE
  5
16C
330
1F
100
AcDbEntity
  8
depths$3_4_
100
AcDb2dPolyline
 66
     1
 10
0.0
 20
0.0
 30
0.0
  0
VERTEX
  5
16D
330
16C
100
AcDbEntity
  8
depths$3_4_
100
AcDbVertex
100
AcDb2dVertex
 10
-280.3425940003012
 20
-21.30453497454211
 30
0.0
  0
VERTEX
  5
16E
330
16C
100
AcDbEntity
  8
depths$3_4_
100
AcDbVertex
100
AcDb2dVertex
 10
-301.020711719951
 20
-21.30453497454211
 30
0.0
  0
VERTEX
  5
16F
330
16C
100
AcDbEntity
  8
depths$3_4_
100
AcDbVertex
100
AcDb2dVertex
 10
-298.4226355085976
 20
-22.80453497454211
 30
0.0
  0
VERTEX
  5
170
330
16C
100
AcDbEntity
  8
depths$3_4_
100
AcDbVertex
100
AcDb2dVertex
 10
-282.811088772116
 20
-22.80453497454211
 30
0.0
  0
SEQEND
  5
171
330
16C
100
AcDbEntity
  8
depths$3_4_
  0
ARC
  5
172
330
1F
100
AcDbEntity
  8
depths$3_4_
100
AcDbCircle
 10
-275.6521782404778
 20
-31.80453497454211
 30
0.0
 40
11.5
100
AcDbArc
 50
142.5047502354413
 51
151.4281218576912
  0
POLYLINE
  5
173
330
1F
100
AcDbEntity
  8
depths$3_4_
100
AcDb2dPolyline
 66
     1
 10
0.0
 20
0.0
 30
0.0
  0
VERTEX
  5
174
330
173
100
AcDbEntity
  8
depths$3_4_
100
AcDbVertex
100
AcDb2dVertex
 10
-285.7516831788399
 20
-26.30453497454211
 30
0.0
  0
VERTEX
  5
175
330
173
100
AcDbEntity
  8
depths$3_4_
100
AcDbVertex
100
AcDb2dVertex
 10
-292.3604576821066
 20
-26.30453497454211
 30
0.0
  0
VERTEX
  5
176
330
173
100
AcDbEntity
  8
depths$3_4_
100
AcDbVertex
100
AcDb2dVertex
 10
-294.95853389346
 20
-24.80453497454211
 30
0.0
  0
VERTEX
  5
177
330
173
100
AcDbEntity
  8
depths$3_4_
100
AcDbVertex
100
AcDb2dVertex
 10
-284.7763220359251
 20
-24.80453497454209
 30
0.0
  0
SEQEND
  5
178
330
173
100
AcDbEntity
  8
depths$3_4_
  0
POLYLINE
  5
179
330
1F
100
AcDbEntity
  8
depths$1_4_
100
AcDb2dPolyline
 66
     1
 10
0.0
 20
0.0
 30
0.0
  0
VERTEX
  5
17A
330
179
100
AcDbEntity
  8
depths$1_4_
100
AcDbVertex
100
AcDb2dVertex
 10
-236.6521782404778
 20
-15.74380518622506
 30
0.0
  0
VERTEX
  5
17B
330
179
100
AcDbEntity
  8
depths$1_4_
100
AcDbVertex
100
AcDb2dVertex
 10
-236.6521782404778
 20
-8.804534974542108
 30
0.0
  0
SEQEND
  5
17C
330
179
100
AcDbEntity
  8
depths$1_4_
  0
POLYLINE
  5
17D
330
1F
100
AcDbEntity
  8
depths$1_4_
100
AcDb2dPolyline
 66
     1
 10
0.0
 20
0.0
 30
0.0
  0
VERTEX
  5
17E
330
17D
100
AcDbEntity
  8
depths$1_4_
100
AcDbVertex
100
AcDb2dVertex
 10
-236.6521782404778
 20
-54.80453497454211
 30
0.0
  0
VERTEX
  5
17F
330
17D
100
AcDbEntity
  8
depths$1_4_
100
AcDbVertex
100
AcDb2dVertex
 10
-236.6521782404778
 20
-47.86526476285917
 30
0.0
  0
SEQEND
  5
180
330
17D
100
AcDbEntity
  8
depths$1_4_
  0
POLYLINE
  5
181
330
1F
100
AcDbEntity
  8
depths$1_4_
100
AcDb2dPolyline
 66
     1
 10
0.0
 20
0.0
 30
0.0
  0
VERTEX
  5
182
330
181
100
AcDbEntity
  8
depths$1_4_
100
AcDbVertex
100
AcDb2dVertex
 10
-238.5521385893519
 20
-46.76832214398711
 30
0.0
  0
VERTEX
  5
183
330
181
100
AcDbEntity
  8
depths$1_4_
100
AcDbVertex
100
AcDb2dVertex
 10
-236.6521782404778
 20
-47.86526476285918
 30
0.0
  0
SEQEND
  5
184
330
181
100
AcDbEntity
  8
depths$1_4_
  0
POLYLINE
  5
185
330
1F
100
AcDbEntity
  8
depths$1_4_
100
AcDb2dPolyline
 66
     1
 10
0.0
 20
0.0
 30
0.0
  0
VERTEX
  5
186
330
185
100
AcDbEntity
  8
depths$1_4_
100
AcDbVertex
100
AcDb2dVertex
 10
-238.5521385893519
 20
-16.84074780509711
 30
0.0
  0
VERTEX
  5
187
330
185
100
AcDbEntity
  8
depths$1_4_
100
AcDbVertex
100
AcDb2dVertex
 10
-236.6521782404778
 20
-15.74380518622505
 30
0.0
  0
SEQEND
  5
188
330
185
100
AcDbEntity
  8
depths$1_4_
  0
POLYLINE
  5
189
330
1F
100
AcDbEntity
  8
depths$1_4_
100
AcDb2dPolyline
 66
     1
 10
0.0
 20
0.0
 30
0.0
  0
VERTEX
  5
18A
330
189
100
AcDbEntity
  8
depths$1_4_
100
AcDbVertex
100
AcDb2dVertex
 10
-238.5521385893519
 20
-16.84074780509711
 30
0.0
  0
VERTEX
  5
18B
330
189
100
AcDbEntity
  8
depths$1_4_
100
AcDbVertex
100
AcDb2dVertex
 10
-264.4701782404778
 20
-31.80453497454211
 30
0.0
  0
VERTEX
  5
18C
330
189
100
AcDbEntity
  8
depths$1_4_
100
AcDbVertex
100
AcDb2dVertex
 10
-238.5521385893519
 20
-46.76832214398711
 30
0.0
  0
SEQEND
  5
18D
330
189
100
AcDbEntity
  8
depths$1_4_
  0
POLYLINE
  5
18E
330
1F
100
AcDbEntity
  8
depths$1_4_
100
AcDb2dPolyline
 66
     1
 10
0.0
 20
0.0
 30
0.0
  0
VERTEX
  5
18F
330
18E
100
AcDbEntity
  8
depths$1_4_
100
AcDbVertex
100
AcDb2dVertex
 10
-314.6521782404778
 20
-15.74380518622506
 30
0.0
  0
VERTEX
  5
190
330
18E
100
AcDbEntity
  8
depths$1_4_
100
AcDbVertex
100
AcDb2dVertex
 10
-314.6521782404778
 20
-8.804534974542108
 30
0.0
  0
SEQEND
  5
191
330
18E
100
AcDbEntity
  8
depths$1_4_
  0
POLYLINE
  5
192
330
1F
100
AcDbEntity
  8
depths$1_4_
100
AcDb2dPolyline
 66
     1
 10
0.0
 20
0.0
 30
0.0
  0
VERTEX
  5
193
330
192
100
AcDbEntity
  8
depths$1_4_
100
AcDbVertex
100
AcDb2dVertex
 10
-314.6521782404778
 20
-54.80453497454211
 30
0.0
  0
VERTEX
  5
194
330
192
100
AcDbEntity
  8
depths$1_4_
100
AcDbVertex
100
AcDb2dVertex
 10
-314.6521782404778
 20
-47.86526476285917
 30
0.0
  0
SEQEND
  5
195
330
192
100
AcDbEntity
  8
depths$1_4_
  0
POLYLINE
  5
196
330
1F
100
AcDbEntity
  8
depths$1_4_
100
AcDb2dPolyline
 66
     1
 10
0.0
 20
0.0
 30
0.0
  0
VERTEX
  5
197
330
196
100
AcDbEntity
  8
depths$1_4_
100
AcDbVertex
100
AcDb2dVertex
 10
-312.7522178916038
 20
-46.76832214398711
 30
0.0
  0
VERTEX
  5
198
330
196
100
AcDbEntity
  8
depths$1_4_
100
AcDbVertex
100
AcDb2dVertex
 10
-314.6521782404778
 20
-47.86526476285918
 30
0.0
  0
SEQEND
  5
199
330
196
100
AcDbEntity
  8
depths$1_4_
  0
POLYLINE
  5
19A
330
1F
100
AcDbEntity
  8
depths$1_4_
100
AcDb2dPolyline
 66
     1
 10
0.0
 20
0.0
 30
0.0
  0
VERTEX
  5
19B
330
19A
100
AcDbEntity
  8
depths$1_4_
100
AcDbVertex
100
AcDb2dVertex
 10
-312.7522178916038
 20
-16.84074780509711
 30
0.0
  0
VERTEX
  5
19C
330
19A
100
AcDbEntity
  8
depths$1_4_
100
AcDbVertex
100
AcDb2dVertex
 10
-314.6521782404778
 20
-15.74380518622505
 30
0.0
  0
SEQEND
  5
19D
330
19A
100
AcDbEntity
  8
depths$1_4_
  0
POLYLINE
  5
19E
330
1F
100
AcDbEntity
  8
depths$1_4_
100
AcDb2dPolyline
 66
     1
 10
0.0
 20
0.0
 30
0.0
  0
VERTEX
  5
19F
330
19E
100
AcDbEntity
  8
depths$1_4_
100
AcDbVertex
100
AcDb2dVertex
 10
-312.7522178916038
 20
-16.84074780509711
 30
0.0
  0
VERTEX
  5
1A0
330
19E
100
AcDbEntity
  8
depths$1_4_
100
AcDbVertex
100
AcDb2dVertex
 10
-286.8341782404779
 20
-31.80453497454211
 30
0.0
  0
VERTEX
  5
1A1
330
19E
100
AcDbEntity
  8
depths$1_4_
100
AcDbVertex
100
AcDb2dVertex
 10
-312.7522178916038
 20
-46.76832214398711
 30
0.0
  0
SEQEND
  5
1A2
330
19E
100
AcDbEntity
  8
depths$1_4_
  0
POLYLINE
  5
1A4
330
1F
100
AcDbEntity
  8
table legs
100
AcDb2dPolyline
 66
     1
 10
0.0
 20
0.0
 30
0.0
  0
VERTEX
  5
1A5
330
1A4
100
AcDbEntity
  8
table legs
100
AcDbVertex
100
AcDb2dVertex
 10
-279.1415764841574
 20
-24.55361417411241
 30
0.0
  0
VERTEX
  5
1A6
330
1A4
100
AcDbEntity
  8
table legs
100
AcDbVertex
100
AcDb2dVertex
 10
-279.1557777264335
 20
-24.59558673463821
 30
0.0
  0
SEQEND
  5
1A7
330
1A4
100
AcDbEntity
  8
table legs
  0
SPLINE
  5
1A8
330
1F
100
AcDbEntity
  8
table legs
100
AcDbSpline
210
0.0
220
0.0
230
1.0
 70
     8
 71
     3
 72
    16
 73
    12
 74
     0
 42
0.0000000001
 43
0.0000000001
 40
-1.847742957211397
 40
-1.847742957211397
 40
-1.847742957211397
 40
-1.847742957211397
 40
-1.135536836793288
 40
-0.882240494027271
 40
-0.6771568338059861
 40
-0.3640922275044303
 40
-0.1299349170268229
 40
0.0782756735500749
 40
0.2896476975073377
 40
0.5231639563937773
 40
0.7717946200069066
 40
0.7717946200069066
 40
0.7717946200069066
 40
0.7717946200069066
 10
-279.1557777264335
 20
-24.59558673463821
 30
0.0
 10
-279.2318645728603
 20
-24.82046563641243
 30
0.0
 10
-279.3443551941049
 20
-25.12229435624763
 30
0.0
 10
-279.5063794227309
 20
-25.47741282362606
 30
0.0
 10
-279.6210382166512
 20
-25.70758831278685
 30
0.0
 10
-279.7346708611681
 20
-25.93111015408368
 30
0.0
 10
-279.8445122813584
 20
-26.1577898146117
 30
0.0
 10
-279.9249108522138
 20
-26.36051856525857
 30
0.0
 10
-279.9913984106805
 20
-26.56788126594461
 30
0.0
 10
-280.0531050620189
 20
-26.79073410791244
 30
0.0
 10
-280.0818134676914
 20
-26.94918607346354
 30
0.0
 10
-280.0904573420884
 20
-27.03161096035218
 30
0.0
  0
POLYLINE
  5
1A9
330
1F
100
AcDbEntity
  8
table legs
100
AcDb2dPolyline
 66
     1
 10
0.0
 20
0.0
 30
0.0
  0
VERTEX
  5
1AA
330
1A9
100
AcDbEntity
  8
table legs
100
AcDbVertex
100
AcDb2dVertex
 10
-280.0904573420884
 20
-27.03161096035218
 30
0.0
  0
VERTEX
  5
1AB
330
1A9
100
AcDbEntity
  8
table legs
100
AcDbVertex
100
AcDb2dVertex
 10
-280.0906720619545
 20
-27.03365845200533
 30
0.0
  0
VERTEX
  5
1AC
330
1A9
100
AcDbEntity
  8
table legs
100
AcDbVertex
100
AcDb2dVertex
 10
-280.0906720619545
 20
-28.77890331686789
 30
0.0
  0
VERTEX
  5
1AD
330
1A9
100
AcDbEntity
  8
table legs
100
AcDbVertex
100
AcDb2dVertex
 10
-280.0906720619545
 20
-36.77890331686789
 30
0.0
  0
VERTEX
  5
1AE
330
1A9
100
AcDbEntity
  8
table legs
100
AcDbVertex
100
AcDb2dVertex
 10
-280.0906720619545
 20
-38.34489878861779
 30
0.0
  0
SEQEND
  5
1AF
330
1A9
100
AcDbEntity
  8
table legs
  0
SPLINE
  5
1B0
330
1F
100
AcDbEntity
  8
table legs
100
AcDbSpline
210
0.0
220
0.0
230
1.0
 70
     8
 71
     3
 72
    15
 73
    11
 74
     0
 42
0.0000000001
 43
0.0000000001
 40
12.06186033677064
 40
12.06186033677064
 40
12.06186033677064
 40
12.06186033677064
 40
12.1490343381928
 40
12.24150365459525
 40
12.34335710797099
 40
12.45788798892955
 40
12.58758354113388
 40
12.84133159302973
 40
13.21185503523725
 40
13.65669739873473
 40
13.65669739873473
 40
13.65669739873473
 40
13.65669739873473
 10
-280.0906720619545
 20
-38.34489878861779
 30
0.0
 10
-280.0906720619545
 20
-38.37395678909181
 30
0.0
 10
-280.0815836356423
 20
-38.43374569714457
 30
0.0
 10
-280.0437505008517
 20
-38.52031128524732
 30
0.0
 10
-279.9843980207311
 20
-38.60485894709702
 30
0.0
 10
-279.905161067424
 20
-38.68898457836004
 30
0.0
 10
-279.7791793675963
 20
-38.79734374655963
 30
0.0
 10
-279.57293315281
 20
-38.94148395961678
 30
0.0
 10
-279.2653808157872
 20
-39.12182995326877
 30
0.0
 10
-279.0246736825028
 20
-39.24812653930106
 30
0.0
 10
-278.8925908106914
 20
-39.31551575961313
 30
0.0
  0
SPLINE
  5
1B1
330
1F
100
AcDbEntity
  8
table legs
100
AcDbSpline
210
0.0
220
0.0
230
1.0
 70
     8
 71
     3
 72
    11
 73
     7
 74
     0
 42
0.0000000001
 43
0.0000000001
 40
13.65669739873473
 40
13.65669739873473
 40
13.65669739873473
 40
13.65669739873473
 40
13.72292726762682
 40
13.80992349463496
 40
13.92082699023209
 40
14.05675459110026
 40
14.05675459110026
 40
14.05675459110026
 40
14.05675459110026
 10
-278.8925908106914
 20
-39.31551575961313
 30
0.0
 10
-278.8729257967431
 20
-39.32554892999493
 30
0.0
 10
-278.8325470235828
 20
-39.35777171405957
 30
0.0
 10
-278.7780171914898
 20
-39.42730411542808
 30
0.0
 10
-278.7238835520085
 20
-39.52482096980206
 30
0.0
 10
-278.6916995676266
 20
-39.60060972543877
 30
0.0
 10
-278.6754812099906
 20
-39.64291679939159
 30
0.0
  0
POLYLINE
  5
1B2
330
1F
100
AcDbEntity
  8
table legs
100
AcDb2dPolyline
 66
     1
 10
0.0
 20
0.0
 30
0.0
  0
VERTEX
  5
1B3
330
1B2
100
AcDbEntity
  8
table legs
100
AcDbVertex
100
AcDb2dVertex
 10
-278.6754812099906
 20
-39.64291679939159
 30
0.0
  0
VERTEX
  5
1B4
330
1B2
100
AcDbEntity
  8
table legs
100
AcDbVertex
100
AcDb2dVertex
 10
-278.6657910695565
 20
-39.66819441979899
 30
0.0
  0
VERTEX
  5
1B5
330
1B2
100
AcDbEntity
  8
table legs
100
AcDbVertex
100
AcDb2dVertex
 10
-275.9021782404778
 20
-39.66819441979899
 30
0.0
  0
VERTEX
  5
1B6
330
1B2
100
AcDbEntity
  8
table legs
100
AcDbVertex
100
AcDb2dVertex
 10
-275.9021782404778
 20
-39.62882434105882
 30
0.0
  0
VERTEX
  5
1B7
330
1B2
100
AcDbEntity
  8
table legs
100
AcDbVertex
100
AcDb2dVertex
 10
-275.9021782404778
 20
-38.30552870987763
 30
0.0
  0
VERTEX
  5
1B8
330
1B2
100
AcDbEntity
  8
table legs
100
AcDbVertex
100
AcDb2dVertex
 10
-280.0119319044742
 20
-38.30552870987761
 30
0.0
  0
VERTEX
  5
1B9
330
1B2
100
AcDbEntity
  8
table legs
100
AcDbVertex
100
AcDb2dVertex
 10
-280.0119319044742
 20
-36.77890331686789
 30
0.0
  0
VERTEX
  5
1BA
330
1B2
100
AcDbEntity
  8
table legs
100
AcDbVertex
100
AcDb2dVertex
 10
-280.0119319044742
 20
-28.77890331686789
 30
0.0
  0
VERTEX
  5
1BB
330
1B2
100
AcDbEntity
  8
table legs
100
AcDbVertex
100
AcDb2dVertex
 10
-280.0119319044742
 20
-27.03778849052855
 30
0.0
  0
SEQEND
  5
1BC
330
1B2
100
AcDbEntity
  8
table legs
  0
SPLINE
  5
1BD
330
1F
100
AcDbEntity
  8
table legs
100
AcDbSpline
210
0.0
220
0.0
230
1.0
 70
     8
 71
     3
 72
    16
 73
    12
 74
     0
 42
0.0000000001
 43
0.0000000001
 40
33.52694171166888
 40
33.52694171166888
 40
33.52694171166888
 40
33.52694171166888
 40
33.76541345761511
 40
33.99232740239901
 40
34.19941252169064
 40
34.40236610332229
 40
34.63336287353979
 40
34.94542686777116
 40
35.15155684153877
 40
35.40737199001418
 40
36.12697803502979
 40
36.12697803502979
 40
36.12697803502979
 40
36.12697803502979
 10
-280.0119319044742
 20
-27.03778849052856
 30
0.0
 10
-280.003539738856
 20
-26.95874214855065
 30
0.0
 10
-279.9757483862064
 20
-26.80581566983218
 30
0.0
 10
-279.9156522133705
 20
-26.58979784581916
 30
0.0
 10
-279.8509672549689
 20
-26.38751360796252
 30
0.0
 10
-279.7720433459436
 20
-26.18875411835983
 30
0.0
 10
-279.6635350073644
 20
-25.96492305469443
 30
0.0
 10
-279.5503638802089
 20
-25.74232843790275
 30
0.0
 10
-279.4353466293712
 20
-25.51137759349346
 30
0.0
 10
-279.2718052633737
 20
-25.1529337683341
 30
0.0
 10
-279.1580685719772
 20
-24.84803821290006
 30
0.0
 10
-279.0811911722116
 20
-24.62082278681221
 30
0.0
  0
LINE
  5
1BE
330
1F
100
AcDbEntity
  8
table legs
100
AcDbLine
 10
-279.0811911722116
 20
-24.62082278681221
 30
0.0
 11
-279.0711947402035
 21
-24.59127777664021
 31
0.0
  0
POLYLINE
  5
1BF
330
1F
100
AcDbEntity
  8
table legs
100
AcDb2dPolyline
 66
     1
 10
0.0
 20
0.0
 30
0.0
  0
VERTEX
  5
1C0
330
1BF
100
AcDbEntity
  8
table legs
100
AcDbVertex
100
AcDb2dVertex
 10
-272.1810314236591
 20
-24.55361417411247
 30
0.0
  0
VERTEX
  5
1C1
330
1BF
100
AcDbEntity
  8
table legs
100
AcDbVertex
100
AcDb2dVertex
 10
-272.1668301813831
 20
-24.59558673463822
 30
0.0
  0
SEQEND
  5
1C2
330
1BF
100
AcDbEntity
  8
table legs
  0
SPLINE
  5
1C3
330
1F
100
AcDbEntity
  8
table legs
100
AcDbSpline
210
0.0
220
0.0
230
1.0
 70
     8
 71
     3
 72
    16
 73
    12
 74
     0
 42
0.0000000001
 43
0.0000000001
 40
-4.363278352409561
 40
-4.363278352409561
 40
-4.363278352409561
 40
-4.363278352409561
 40
-3.651072231991444
 40
-3.397775889225424
 40
-3.192692229004139
 40
-2.879627622702586
 40
-2.645470312224978
 40
-2.437259721648083
 40
-2.225887697690822
 40
-1.992371438804383
 40
-1.74374077519125
 40
-1.74374077519125
 40
-1.74374077519125
 40
-1.74374077519125
 10
-272.1668301813831
 20
-24.59558673463822
 30
0.0
 10
-272.0907433349221
 20
-24.8204656364008
 30
0.0
 10
-271.9782527137118
 20
-25.12229435624798
 30
0.0
 10
-271.8162284850856
 20
-25.47741282362552
 30
0.0
 10
-271.7015696911654
 20
-25.707588312787
 30
0.0
 10
-271.5879370466485
 20
-25.93111015408331
 30
0.0
 10
-271.4780956264582
 20
-26.15778981461144
 30
0.0
 10
-271.3976970556027
 20
-26.36051856525854
 30
0.0
 10
-271.3312094971361
 20
-26.56788126594444
 30
0.0
 10
-271.2695028457976
 20
-26.79073410791271
 30
0.0
 10
-271.2407944401252
 20
-26.94918607346357
 30
0.0
 10
-271.2321505657283
 20
-27.03161096035218
 30
0.0
  0
POLYLINE
  5
1C4
330
1F
100
AcDbEntity
  8
table legs
100
AcDb2dPolyline
 66
     1
 10
0.0
 20
0.0
 30
0.0
  0
VERTEX
  5
1C5
330
1C4
100
AcDbEntity
  8
table legs
100
AcDbVertex
100
AcDb2dVertex
 10
-271.2321505657283
 20
-27.03161096035218
 30
0.0
  0
VERTEX
  5
1C6
330
1C4
100
AcDbEntity
  8
table legs
100
AcDbVertex
100
AcDb2dVertex
 10
-271.2319358458621
 20
-27.03365845200532
 30
0.0
  0
VERTEX
  5
1C7
330
1C4
100
AcDbEntity
  8
table legs
100
AcDbVertex
100
AcDb2dVertex
 10
-271.2319358458621
 20
-28.77890331686789
 30
0.0
  0
VERTEX
  5
1C8
330
1C4
100
AcDbEntity
  8
table legs
100
AcDbVertex
100
AcDb2dVertex
 10
-271.2319358458621
 20
-36.77890331686789
 30
0.0
  0
VERTEX
  5
1C9
330
1C4
100
AcDbEntity
  8
table legs
100
AcDbVertex
100
AcDb2dVertex
 10
-271.2319358458621
 20
-38.34489878861779
 30
0.0
  0
SEQEND
  5
1CA
330
1C4
100
AcDbEntity
  8
table legs
  0
SPLINE
  5
1CB
330
1F
100
AcDbEntity
  8
table legs
100
AcDbSpline
210
0.0
220
0.0
230
1.0
 70
     8
 71
     3
 72
    15
 73
    11
 74
     0
 42
0.0000000001
 43
0.0000000001
 40
9.544203799818076
 40
9.544203799818076
 40
9.544203799818076
 40
9.544203799818076
 40
9.631377801240234
 40
9.723847117642688
 40
9.825700571018423
 40
9.94023145197698
 40
10.06992700418131
 40
10.32367505607716
 40
10.69419849828469
 40
11.13904086178217
 40
11.13904086178217
 40
11.13904086178217
 40
11.13904086178217
 10
-271.2319358458621
 20
-38.34489878861779
 30
0.0
 10
-271.2319358458621
 20
-38.37395678909184
 30
0.0
 10
-271.2410242721743
 20
-38.43374569714437
 30
0.0
 10
-271.2788574069649
 20
-38.5203112852472
 30
0.0
 10
-271.3382098870855
 20
-38.6048589470961
 30
0.0
 10
-271.4174468403925
 20
-38.68898457835947
 30
0.0
 10
-271.5434285402203
 20
-38.79734374655921
 30
0.0
 10
-271.7496747550066
 20
-38.94148395961712
 30
0.0
 10
-272.0572270920294
 20
-39.12182995326855
 30
0.0
 10
-272.2979342253137
 20
-39.24812653930115
 30
0.0
 10
-272.4300170971252
 20
-39.31551575961314
 30
0.0
  0
SPLINE
  5
1CC
330
1F
100
AcDbEntity
  8
table legs
100
AcDbSpline
210
0.0
220
0.0
230
1.0
 70
     8
 71
     3
 72
    11
 73
     7
 74
     0
 42
0.0000000001
 43
0.0000000001
 40
11.13904086178217
 40
11.13904086178217
 40
11.13904086178217
 40
11.13904086178217
 40
11.20527073067425
 40
11.29226695768239
 40
11.40317045327953
 40
11.5390980541477
 40
11.5390980541477
 40
11.5390980541477
 40
11.5390980541477
 10
-272.4300170971252
 20
-39.31551575961314
 30
0.0
 10
-272.4496821110735
 20
-39.32554892999492
 30
0.0
 10
-272.4900608842338
 20
-39.35777171405979
 30
0.0
 10
-272.5445907163269
 20
-39.42730411542801
 30
0.0
 10
-272.5987243558081
 20
-39.52482096980217
 30
0.0
 10
-272.6309083401899
 20
-39.60060972543871
 30
0.0
 10
-272.647126697826
 20
-39.64291679939159
 30
0.0
  0
POLYLINE
  5
1CD
330
1F
100
AcDbEntity
  8
table legs
100
AcDb2dPolyline
 66
     1
 10
0.0
 20
0.0
 30
0.0
  0
VERTEX
  5
1CE
330
1CD
100
AcDbEntity
  8
table legs
100
AcDbVertex
100
AcDb2dVertex
 10
-272.647126697826
 20
-39.64291679939159
 30
0.0
  0
VERTEX
  5
1CF
330
1CD
100
AcDbEntity
  8
table legs
100
AcDbVertex
100
AcDb2dVertex
 10
-272.6568168382601
 20
-39.66819441979899
 30
0.0
  0
VERTEX
  5
1D0
330
1CD
100
AcDbEntity
  8
table legs
100
AcDbVertex
100
AcDb2dVertex
 10
-275.4021782404778
 20
-39.66819441979899
 30
0.0
  0
VERTEX
  5
1D1
330
1CD
100
AcDbEntity
  8
table legs
100
AcDbVertex
100
AcDb2dVertex
 10
-275.4021782404778
 20
-39.62882434105882
 30
0.0
  0
VERTEX
  5
1D2
330
1CD
100
AcDbEntity
  8
table legs
100
AcDbVertex
100
AcDb2dVertex
 10
-275.4021782404778
 20
-38.30552870987763
 30
0.0
  0
VERTEX
  5
1D3
330
1CD
100
AcDbEntity
  8
table legs
100
AcDbVertex
100
AcDb2dVertex
 10
-271.3106760033424
 20
-38.30552870987763
 30
0.0
  0
VERTEX
  5
1D4
330
1CD
100
AcDbEntity
  8
table legs
100
AcDbVertex
100
AcDb2dVertex
 10
-271.3106760033424
 20
-36.77890331686789
 30
0.0
  0
VERTEX
  5
1D5
330
1CD
100
AcDbEntity
  8
table legs
100
AcDbVertex
100
AcDb2dVertex
 10
-271.3106760033424
 20
-28.77890331686789
 30
0.0
  0
VERTEX
  5
1D6
330
1CD
100
AcDbEntity
  8
table legs
100
AcDbVertex
100
AcDb2dVertex
 10
-271.3106760033424
 20
-27.03778849052855
 30
0.0
  0
SEQEND
  5
1D7
330
1CD
100
AcDbEntity
  8
table legs
  0
SPLINE
  5
1D8
330
1F
100
AcDbEntity
  8
table legs
100
AcDbSpline
210
0.0
220
0.0
230
1.0
 70
     8
 71
     3
 72
    16
 73
    12
 74
     0
 42
0.0000000001
 43
0.0000000001
 40
30.9457950312487
 40
30.9457950312487
 40
30.9457950312487
 40
30.9457950312487
 40
31.18426677719496
 40
31.41118072197884
 40
31.61826584127045
 40
31.8212194229021
 40
32.05221619311961
 40
32.36428018735099
 40
32.57041016111859
 40
32.82622530959399
 40
33.54583135460962
 40
33.54583135460962
 40
33.54583135460962
 40
33.54583135460962
 10
-271.3106760033424
 20
-27.03778849052855
 30
0.0
 10
-271.3190681689606
 20
-26.95874214855065
 30
0.0
 10
-271.3468595216103
 20
-26.80581566983214
 30
0.0
 10
-271.4069556944461
 20
-26.58979784581955
 30
0.0
 10
-271.4716406528478
 20
-26.38751360796291
 30
0.0
 10
-271.550564561873
 20
-26.18875411836039
 30
0.0
 10
-271.6590729004521
 20
-25.96492305469506
 30
0.0
 10
-271.7722440276077
 20
-25.74232843790266
 30
0.0
 10
-271.8872612784454
 20
-25.51137759349383
 30
0.0
 10
-272.0508026444428
 20
-25.15293376833404
 30
0.0
 10
-272.1645393358048
 20
-24.84803821288836
 30
0.0
 10
-272.241416735605
 20
-24.62082278681221
 30
0.0
  0
LINE
  5
1D9
330
1F
100
AcDbEntity
  8
table legs
100
AcDbLine
 10
-272.241416735605
 20
-24.62082278681221
 30
0.0
 11
-272.251413167613
 21
-24.59127777664044
 31
0.0
  0
SPLINE
  5
1DA
330
1F
100
AcDbEntity
  8
table legs
100
AcDbSpline
210
0.0
220
0.0
230
1.0
 70
     8
 71
     3
 72
    15
 73
    11
 74
     0
 42
0.0000000001
 43
0.0000000001
 40
1.583843158322601
 40
1.583843158322601
 40
1.583843158322601
 40
1.583843158322601
 40
1.609979889969594
 40
1.684202766061826
 40
1.77225441839387
 40
1.876971650271135
 40
1.999594675515629
 40
2.245450252721661
 40
2.610547490989777
 40
3.052577030845769
 40
3.052577030845769
 40
3.052577030845769
 40
3.052577030845769
 10
-280.0084260205215
 20
-38.38426886735794
 30
0.0
 10
-280.0069181220139
 20
-38.39285278263124
 30
0.0
 10
-279.9993517698032
 20
-38.42550880767941
 30
0.0
 10
-279.9736324397962
 20
-38.48327219245979
 30
0.0
 10
-279.922063562177
 20
-38.5561629458489
 30
0.0
 10
-279.8497018285229
 20
-38.63267373355934
 30
0.0
 10
-279.7300442488726
 20
-38.73571010551426
 30
0.0
 10
-279.5291970759203
 20
-38.8757011780916
 30
0.0
 10
-279.2262804407953
 20
-39.05329671037516
 30
0.0
 10
-278.9880534308795
 20
-39.17841392437669
 30
0.0
 10
-278.8568057444168
 20
-39.24537702971485
 30
0.0
  0
SPLINE
  5
1DB
330
1F
100
AcDbEntity
  8
table legs
100
AcDbSpline
210
0.0
220
0.0
230
1.0
 70
     8
 71
     3
 72
    11
 73
     7
 74
     0
 42
0.0000000001
 43
0.0000000001
 40
3.052577030845769
 40
3.052577030845769
 40
3.052577030845769
 40
3.052577030845769
 40
3.142298399289093
 40
3.245500127148598
 40
3.355453287610636
 40
3.483246931305884
 40
3.483246931305884
 40
3.483246931305884
 40
3.483246931305884
 10
-278.8568057444168
 20
-39.24537702971485
 30
0.0
 10
-278.8301656197809
 20
-39.25896893003922
 30
0.0
 10
-278.7786266691004
 20
-39.29864679620372
 30
0.0
 10
-278.7159833008433
 20
-39.37840200227964
 30
0.0
 10
-278.6595899424163
 20
-39.47726984453718
 30
0.0
 10
-278.6276660448416
 20
-39.5499003460649
 30
0.0
 10
-278.6118525318092
 20
-39.58945426231863
 30
0.0
  0
POLYLINE
  5
1DC
330
1F
100
AcDbEntity
  8
table legs
100
AcDb2dPolyline
 66
     1
 10
0.0
 20
0.0
 30
0.0
  0
VERTEX
  5
1DD
330
1DC
100
AcDbEntity
  8
table legs
100
AcDbVertex
100
AcDb2dVertex
 10
-278.6118525318092
 20
-39.58945426231866
 30
0.0
  0
VERTEX
  5
1DE
330
1DC
100
AcDbEntity
  8
table legs
100
AcDbVertex
100
AcDb2dVertex
 10
-275.9809183979581
 20
-39.58945426231866
 30
0.0
  0
VERTEX
  5
1DF
330
1DC
100
AcDbEntity
  8
table legs
100
AcDbVertex
100
AcDb2dVertex
 10
-275.9809183979581
 20
-38.38426886735795
 30
0.0
  0
VERTEX
  5
1E0
330
1DC
100
AcDbEntity
  8
table legs
100
AcDbVertex
100
AcDb2dVertex
 10
-280.0084260205215
 20
-38.38426886735794
 30
0.0
  0
SEQEND
  5
1E1
330
1DC
100
AcDbEntity
  8
table legs
  0
SPLINE
  5
1E2
330
1F
100
AcDbEntity
  8
table legs
100
AcDbSpline
210
0.0
220
0.0
230
1.0
 70
     8
 71
     3
 72
    11
 73
     7
 74
     0
 42
0.0000000001
 43
0.0000000001
 40
-3.084640163597814
 40
-3.084640163597814
 40
-3.084640163597814
 40
-3.084640163597814
 40
-2.994918795154486
 40
-2.891717067294983
 40
-2.781763906832947
 40
-2.653970263137698
 40
-2.653970263137698
 40
-2.653970263137698
 40
-2.653970263137698
 10
-272.4658021633999
 20
-39.24537702971485
 30
0.0
 10
-272.4924422880356
 20
-39.25896893003924
 30
0.0
 10
-272.5439812387162
 20
-39.29864679620353
 30
0.0
 10
-272.6066246069733
 20
-39.37840200227965
 30
0.0
 10
-272.6630179654003
 20
-39.47726984453713
 30
0.0
 10
-272.694941862975
 20
-39.54990034606495
 30
0.0
 10
-272.7107553760075
 20
-39.5894542623187
 30
0.0
  0
POLYLINE
  5
1E3
330
1F
100
AcDbEntity
  8
table legs
100
AcDb2dPolyline
 66
     1
 10
0.0
 20
0.0
 30
0.0
  0
VERTEX
  5
1E4
330
1E3
100
AcDbEntity
  8
table legs
100
AcDbVertex
100
AcDb2dVertex
 10
-272.7107553760075
 20
-39.58945426231866
 30
0.0
  0
VERTEX
  5
1E5
330
1E3
100
AcDbEntity
  8
table legs
100
AcDbVertex
100
AcDb2dVertex
 10
-275.3234380829975
 20
-39.58945426231866
 30
0.0
  0
VERTEX
  5
1E6
330
1E3
100
AcDbEntity
  8
table legs
100
AcDbVertex
100
AcDb2dVertex
 10
-275.3234380829975
 20
-38.38426886735795
 30
0.0
  0
VERTEX
  5
1E7
330
1E3
100
AcDbEntity
  8
table legs
100
AcDbVertex
100
AcDb2dVertex
 10
-271.3141818872951
 20
-38.38426886735795
 30
0.0
  0
SEQEND
  5
1E8
330
1E3
100
AcDbEntity
  8
table legs
  0
SPLINE
  5
1E9
330
1F
100
AcDbEntity
  8
table legs
100
AcDbSpline
210
0.0
220
0.0
230
1.0
 70
     8
 71
     3
 72
    15
 73
    11
 74
     0
 42
0.0000000001
 43
0.0000000001
 40
5.136797144958888
 40
5.136797144958888
 40
5.136797144958888
 40
5.136797144958888
 40
5.162933876605901
 40
5.237156752698133
 40
5.325208405030175
 40
5.429925636907445
 40
5.552548662151939
 40
5.798404239357968
 40
6.163501477626085
 40
6.605531017482074
 40
6.605531017482074
 40
6.605531017482074
 40
6.605531017482074
 10
-271.3141818872951
 20
-38.38426886735794
 30
0.0
 10
-271.3156897858028
 20
-38.39285278263124
 30
0.0
 10
-271.3232561380134
 20
-38.42550880767943
 30
0.0
 10
-271.3489754680203
 20
-38.48327219245996
 30
0.0
 10
-271.4005443456396
 20
-38.55616294584913
 30
0.0
 10
-271.4729060792937
 20
-38.63267373355952
 30
0.0
 10
-271.5925636589441
 20
-38.73571010551486
 30
0.0
 10
-271.7934108318963
 20
-38.87570117809128
 30
0.0
 10
-272.0963274670212
 20
-39.05329671037546
 30
0.0
 10
-272.3345544769371
 20
-39.17841392437669
 30
0.0
 10
-272.4658021633999
 20
-39.24537702971485
 30
0.0
  0
LINE
  5
1EA
330
1F
100
AcDbEntity
  8
Default
100
AcDbLine
 10
-275.4021782404778
 20
-38.30552870987763
 30
0.0
 11
-275.4021782404778
 21
-23.87309161330599
 31
0.0
  0
LINE
  5
1EB
330
1F
100
AcDbEntity
  8
Default
100
AcDbLine
 10
-275.9021782404778
 20
-38.32231424825093
 30
0.0
 11
-275.9021782404778
 21
-23.87309161330596
 31
0.0
  0
LINE
  5
1EC
102
{ACAD_REACTORS
330
256
102
}
330
1F
100
AcDbEntity
  8
Default
100
AcDbLine
 10
-274.5433227490761
 20
-32.73613395156906
 30
0.0
 11
-274.5433227490761
 21
-29.55321649996243
 31
0.0
  0
ARC
  5
1ED
102
{ACAD_REACTORS
330
256
102
}
330
1F
100
AcDbEntity
  8
Default
100
AcDbCircle
 10
-276.4530732200401
 20
-32.73613395156906
 30
0.0
 40
1.909750470963975
100
AcDbArc
 50
303.3861340862791
 51
0.0
  0
ARC
  5
1EE
102
{ACAD_REACTORS
330
256
102
}
330
1F
100
AcDbEntity
  8
Default
100
AcDbCircle
 10
-276.4530732200401
 20
-32.73613395156906
 30
0.0
 40
1.909750470963975
100
AcDbArc
 50
180.0
 51
286.7660428209186
  0
LINE
  5
1EF
102
{ACAD_REACTORS
330
256
102
}
330
1F
100
AcDbEntity
  8
Default
100
AcDbLine
 10
-278.3628236910041
 20
-29.55321649996243
 30
0.0
 11
-278.3628236910041
 21
-32.73613395156906
 31
0.0
  0
LINE
  5
1F0
330
1F
100
AcDbEntity
  8
Default
100
AcDbLine
 10
-272.3411945118164
 20
-24.60617767273881
 30
0.0
 11
-275.4021782404778
 21
-24.6061776727388
 31
0.0
  0
ARC
  5
1F1
330
1F
100
AcDbEntity
  8
Default
100
AcDbCircle
 10
272.338625732655
 20
-24.34371142039245
 30
0.0
 40
0.262478822473576
210
0.0
220
0.0
230
-1.0
100
AcDbArc
 50
90.56074068204927
 51
270.5607406822354
  0
LINE
  5
1F2
330
1F
100
AcDbEntity
  8
Default
100
AcDbLine
 10
-275.4021782404778
 20
-24.0812451680461
 30
0.0
 11
-272.3360569534944
 21
-24.0812451680461
 31
0.0
  0
LINE
  5
1F3
330
1F
100
AcDbEntity
  8
Default
100
AcDbLine
 10
-278.981413396002
 20
-24.0812451680461
 30
0.0
 11
-275.9021782404778
 21
-24.0812451680461
 31
0.0
  0
ARC
  5
1F4
330
1F
100
AcDbEntity
  8
Default
100
AcDbCircle
 10
278.9839821751616
 20
-24.34371142039245
 30
0.0
 40
0.262478822473576
210
0.0
220
0.0
230
-1.0
100
AcDbArc
 50
269.4392593179135
 51
90.56074068183831
  0
LINE
  5
1F5
102
{ACAD_REACTORS
330
256
102
}
330
1F
100
AcDbEntity
  8
Default
100
AcDbLine
 10
-273.9067392587548
 20
-35.28246791285436
 30
0.0
 11
-273.9067392587548
 21
-32.73613395156906
 31
0.0
  0
LINE
  5
1F6
102
{ACAD_REACTORS
330
256
102
}
330
1F
100
AcDbEntity
  8
Default
100
AcDbLine
 10
-274.5433227490761
 20
-35.28246791285436
 30
0.0
 11
-273.9067392587548
 21
-35.28246791285436
 31
0.0
  0
LINE
  5
1F7
102
{ACAD_REACTORS
330
256
102
}
330
1F
100
AcDbEntity
  8
Default
100
AcDbLine
 10
-274.5433227490761
 20
-34.42037555568878
 30
0.0
 11
-274.5433227490761
 21
-35.28246791285436
 31
0.0
  0
LINE
  5
1F8
102
{ACAD_REACTORS
330
256
102
}
330
1F
100
AcDbEntity
  8
Default
100
AcDbLine
 10
-279.6359906716467
 20
-33.37271744189039
 30
0.0
 11
-278.9185504765252
 21
-33.37271744189039
 31
0.0
  0
LINE
  5
1F9
102
{ACAD_REACTORS
330
256
102
}
330
1F
100
AcDbEntity
  8
Default
100
AcDbLine
 10
-279.6359906716467
 20
-34.0093009322117
 30
0.0
 11
-279.6359906716467
 21
-33.37271744189039
 31
0.0
  0
ARC
  5
1FA
102
{ACAD_REACTORS
330
256
102
}
330
1F
100
AcDbEntity
  8
Default
100
AcDbCircle
 10
-276.4530732200401
 20
-32.73613395156904
 30
0.0
 40
2.546333961285304
100
AcDbArc
 50
180.0000000000002
 51
194.47751218593
  0
LINE
  5
1FB
102
{ACAD_REACTORS
330
256
102
}
330
1F
100
AcDbEntity
  8
Default
100
AcDbLine
 10
-278.9994071813254
 20
-30.50809173544442
 30
0.0
 11
-278.9994071813254
 21
-32.73613395156906
 31
0.0
  0
POLYLINE
  5
1FC
330
1F
100
AcDbEntity
  8
Default
100
AcDb2dPolyline
 66
     1
 10
0.0
 20
0.0
 30
0.0
 70
     1
  0
VERTEX
  5
1FD
330
1FC
100
AcDbEntity
  8
Default
100
AcDbVertex
100
AcDb2dVertex
 10
-323.6521782404778
 20
-55.80453497454211
 30
0.0
  0
VERTEX
  5
1FE
330
1FC
100
AcDbEntity
  8
Default
100
AcDbVertex
100
AcDb2dVertex
 10
-323.6521782404778
 20
-7.804534974542108
 30
0.0
  0
VERTEX
  5
1FF
330
1FC
100
AcDbEntity
  8
Default
100
AcDbVertex
100
AcDb2dVertex
 10
-227.6521782404778
 20
-7.804534974542108
 30
0.0
  0
VERTEX
  5
200
330
1FC
100
AcDbEntity
  8
Default
100
AcDbVertex
100
AcDb2dVertex
 10
-227.6521782404778
 20
-55.80453497454211
 30
0.0
  0
SEQEND
  5
201
330
1FC
100
AcDbEntity
  8
Default
  0
ARC
  5
202
102
{ACAD_REACTORS
330
256
102
}
330
1F
100
AcDbEntity
  8
Default
100
AcDbCircle
 10
-276.4530732200401
 20
-32.73613395156906
 30
0.0
 40
0.6365834903213293
100
AcDbArc
 50
30.07237401961174
 51
329.9276259803925
  0
ARC
  5
203
102
{ACAD_REACTORS
330
256
102
}
330
1F
100
AcDbEntity
  8
Default
100
AcDbCircle
 10
276.4530732200401
 20
-30.8263834806051
 30
0.0
 40
0.6365834903213293
210
0.0
220
0.0
230
-1.0
100
AcDbArc
 50
0.0000000000009593
 51
149.9276259803877
  0
ARC
  5
204
102
{ACAD_REACTORS
330
256
102
}
330
1F
100
AcDbEntity
  8
Default
100
AcDbCircle
 10
276.4530732200401
 20
-32.73613395156907
 30
0.0
 40
1.273166980642654
210
0.0
220
0.0
230
-1.0
100
AcDbArc
 50
145.6308959473004
 51
179.9999999999997
  0
ARC
  5
205
102
{ACAD_REACTORS
330
256
102
}
330
1F
100
AcDbEntity
  8
Default
100
AcDbCircle
 10
276.4530732200401
 20
-32.73613395156907
 30
0.0
 40
1.273166980642654
210
0.0
220
0.0
230
-1.0
100
AcDbArc
 50
60.00000000000416
 51
115.6388130708155
  0
POLYLINE
  5
206
102
{ACAD_REACTORS
330
256
102
}
330
1F
100
AcDbEntity
  8
Default
100
AcDb2dPolyline
 66
     1
 10
0.0
 20
0.0
 30
0.0
  0
VERTEX
  5
207
330
206
100
AcDbEntity
  8
Default
100
AcDbVertex
100
AcDb2dVertex
 10
-275.4021782404778
 20
-30.82638348060509
 30
0.0
  0
VERTEX
  5
208
330
206
100
AcDbEntity
  8
Default
100
AcDbVertex
100
AcDb2dVertex
 10
-275.1799062393974
 20
-30.82638348060509
 30
0.0
  0
SEQEND
  5
209
330
206
100
AcDbEntity
  8
Default
  0
ARC
  5
20A
102
{ACAD_REACTORS
330
256
102
}
330
1F
100
AcDbEntity
  8
Default
100
AcDbCircle
 10
276.4530732200401
 20
-30.82638348060509
 30
0.0
 40
1.273166980642654
210
0.0
220
0.0
230
-1.0
100
AcDbArc
 50
145.6308959473009
 51
179.9999999999997
  0
ARC
  5
20B
102
{ACAD_REACTORS
330
256
102
}
330
1F
100
AcDbEntity
  8
Default
100
AcDbCircle
 10
276.4530732200401
 20
-30.82638348060509
 30
0.0
 40
1.273166980642654
210
0.0
220
0.0
230
-1.0
100
AcDbArc
 50
0.0000000000003198
 51
115.6388130708156
  0
ARC
  5
20C
102
{ACAD_REACTORS
330
256
102
}
330
1F
100
AcDbEntity
  8
Default
100
AcDbCircle
 10
-276.4530732200401
 20
-32.73613395156904
 30
0.0
 40
1.273166980642654
100
AcDbArc
 50
325.6308959473006
 51
359.9999999999997
  0
ARC
  5
20D
102
{ACAD_REACTORS
330
256
102
}
330
1F
100
AcDbEntity
  8
Default
100
AcDbCircle
 10
-276.4530732200401
 20
-32.73613395156904
 30
0.0
 40
1.273166980642654
100
AcDbArc
 50
180.0000000000003
 51
295.6388130708155
  0
ARC
  5
20E
102
{ACAD_REACTORS
330
256
102
}
330
1F
100
AcDbEntity
  8
Default
100
AcDbCircle
 10
-276.4530732200401
 20
-32.73613395156904
 30
0.0
 40
2.546333961285304
100
AcDbArc
 50
294.3751248381061
 51
318.5903778907289
  0
ARC
  5
20F
102
{ACAD_REACTORS
330
256
102
}
330
1F
100
AcDbEntity
  8
Default
100
AcDbCircle
 10
-276.4530732200401
 20
-32.73613395156904
 30
0.0
 40
2.546333961285304
100
AcDbArc
 50
210.0000000000002
 51
282.4946401056686
  0
POLYLINE
  5
210
330
1F
100
AcDbEntity
  8
Default
100
AcDb2dPolyline
 66
     1
 10
0.0
 20
0.0
 30
0.0
  0
VERTEX
  5
211
330
210
100
AcDbEntity
  8
Default
100
AcDbVertex
100
AcDb2dVertex
 10
-275.9021782404778
 20
-24.6061776727388
 30
0.0
  0
VERTEX
  5
212
330
210
100
AcDbEntity
  8
Default
100
AcDbVertex
100
AcDb2dVertex
 10
-278.9865509543226
 20
-24.6061776727388
 30
0.0
  0
SEQEND
  5
213
330
210
100
AcDbEntity
  8
Default
  0
SPLINE
  5
214
330
1F
100
AcDbEntity
  8
Default
100
AcDbSpline
210
0.0
220
0.0
230
1.0
 70
    12
 71
     2
 72
     6
 73
     3
 74
     0
 42
0.0000000001
 43
0.0000000001
 40
2.070796464907533
 40
2.070796464907533
 40
2.070796464907533
 40
3.64159279170243
 40
3.64159279170243
 40
3.64159279170243
 10
-275.9021782404778
 20
-23.05453497454211
 30
0.0
 41
1.0
 10
-276.6521782404778
 20
-23.05453497454209
 30
0.0
 41
0.7071067811865475
 10
-276.6521782404778
 20
-23.55453497454211
 30
0.0
 41
1.0
  0
POLYLINE
  5
215
330
1F
100
AcDbEntity
  8
Default
100
AcDb2dPolyline
 66
     1
 10
0.0
 20
0.0
 30
0.0
  0
VERTEX
  5
216
330
215
100
AcDbEntity
  8
Default
100
AcDbVertex
100
AcDb2dVertex
 10
-276.6521782404778
 20
-23.55453497454211
 30
0.0
  0
VERTEX
  5
217
330
215
100
AcDbEntity
  8
Default
100
AcDbVertex
100
AcDb2dVertex
 10
-276.6521782404778
 20
-23.80453497454211
 30
0.0
  0
VERTEX
  5
218
330
215
100
AcDbEntity
  8
Default
100
AcDbVertex
100
AcDb2dVertex
 10
-276.6521782404778
 20
-24.0812451680461
 30
0.0
  0
SEQEND
  5
219
330
215
100
AcDbEntity
  8
Default
  0
POLYLINE
  5
21A
330
1F
100
AcDbEntity
  8
Default
100
AcDb2dPolyline
 66
     1
 10
0.0
 20
0.0
 30
0.0
  0
VERTEX
  5
21B
330
21A
100
AcDbEntity
  8
Default
100
AcDbVertex
100
AcDb2dVertex
 10
-274.6521782404778
 20
-24.0812451680461
 30
0.0
  0
VERTEX
  5
21C
330
21A
100
AcDbEntity
  8
Default
100
AcDbVertex
100
AcDb2dVertex
 10
-274.6521782404778
 20
-23.80453497454211
 30
0.0
  0
VERTEX
  5
21D
330
21A
100
AcDbEntity
  8
Default
100
AcDbVertex
100
AcDb2dVertex
 10
-274.6521782404778
 20
-23.55453500562838
 30
0.0
  0
SEQEND
  5
21E
330
21A
100
AcDbEntity
  8
Default
  0
SPLINE
  5
21F
330
1F
100
AcDbEntity
  8
Default
100
AcDbSpline
210
0.0
220
0.0
230
1.0
 70
    12
 71
     2
 72
     8
 73
     5
 74
     0
 42
0.0000000001
 43
0.0000000001
 40
0.2499999999999858
 40
0.2499999999999858
 40
0.2499999999999858
 40
0.2500000690563164
 40
0.2500000690563164
 40
1.820796464907533
 40
1.820796464907533
 40
1.820796464907533
 10
-274.6521782404778
 20
-23.55453500562839
 30
0.0
 41
0.9999999742472926
 10
-274.6521782404778
 20
-23.55453499008525
 30
0.0
 41
0.9999999871236457
 10
-274.6521782404778
 20
-23.55453497454212
 30
0.0
 41
1.0
 10
-274.6521782404778
 20
-23.05453497454209
 30
0.0
 41
0.7071067811865475
 10
-275.4021782404778
 20
-23.05453497454211
 30
0.0
 41
1.0
  0
SPLINE
  5
220
330
1F
100
AcDbEntity
  8
Default
100
AcDbSpline
210
0.0
220
0.0
230
1.0
 70
    12
 71
     2
 72
     8
 73
     5
 74
     0
 42
0.0000000001
 43
0.0000000001
 40
10.37973942941414
 40
10.37973942941414
 40
10.37973942941414
 40
11.74557428756428
 40
11.74557428756428
 40
13.11140914571438
 40
13.11140914571438
 40
13.11140914571438
 10
-275.9021782404778
 20
-23.2479004588777
 30
0.0
 41
0.9335385250525241
 10
-276.28898331858
 20
-23.29783563617361
 30
0.0
 41
0.7453242274970994
 10
-276.28898331858
 20
-23.56049603609183
 30
0.0
 41
1.0
 10
-276.2889833185799
 20
-23.82315643601003
 30
0.0
 41
0.745324227497106
 10
-275.9021782404778
 20
-23.87309161330596
 30
0.0
 41
0.9335385250525141
  0
SPLINE
  5
221
330
1F
100
AcDbEntity
  8
Default
100
AcDbSpline
210
0.0
220
0.0
230
1.0
 70
    12
 71
     2
 72
     8
 73
     5
 74
     0
 42
0.0000000001
 43
0.0000000001
 40
6.988146775824369
 40
6.988146775824369
 40
6.988146775824369
 40
8.353981633974483
 40
8.353981633974483
 40
9.719816492124627
 40
9.719816492124627
 40
9.719816492124627
 10
-275.4021782404778
 20
-23.87309161330598
 30
0.0
 41
0.9335385250525177
 10
-275.0153731623756
 20
-23.82315643601004
 30
0.0
 41
0.7453242274971037
 10
-275.0153731623757
 20
-23.56049603609185
 30
0.0
 41
1.0
 10
-275.0153731623757
 20
-23.29783563617364
 30
0.0
 41
0.745324227497098
 10
-275.4021782404778
 20
-23.24790045887772
 30
0.0
 41
0.9335385250525261
  0
ARC
  5
222
102
{ACAD_REACTORS
330
256
102
}
330
1F
100
AcDbEntity
  8
Default
100
AcDbCircle
 10
276.4530732200401
 20
-32.73613395156907
 30
0.0
 40
1.273166980642654
210
0.0
220
0.0
230
-1.0
100
AcDbArc
 50
0.0000000000003198
 51
0.0000042718227088
  0
POLYLINE
  5
223
102
{ACAD_REACTORS
330
256
102
}
330
1F
100
AcDbEntity
  8
Default
100
AcDb2dPolyline
 66
     1
 10
0.0
 20
0.0
 30
0.0
  0
VERTEX
  5
224
330
223
100
AcDbEntity
  8
Default
100
AcDbVertex
100
AcDb2dVertex
 10
-277.0896567103614
 20
-30.82638348060509
 30
0.0
  0
VERTEX
  5
225
330
223
100
AcDbEntity
  8
Default
100
AcDbVertex
100
AcDb2dVertex
 10
-277.0896567103613
 20
-31.63353900307295
 30
0.0
  0
SEQEND
  5
226
330
223
100
AcDbEntity
  8
Default
  0
LINE
  5
227
102
{ACAD_REACTORS
330
256
102
}
330
1F
100
AcDbEntity
  8
Default
100
AcDbLine
 10
-277.7262402006827
 20
-30.82638348060509
 30
0.0
 11
-277.7262402006827
 21
-32.73613395156906
 31
0.0
  0
ARC
  5
228
102
{ACAD_REACTORS
330
256
102
}
330
1F
100
AcDbEntity
  8
Default
100
AcDbCircle
 10
-273.2701557684335
 20
-31.14467522576575
 30
0.0
 40
1.591458725803312
100
AcDbArc
 50
269.9999999999795
 51
90.0
  0
ARC
  5
229
102
{ACAD_REACTORS
330
256
102
}
330
1F
100
AcDbEntity
  8
Default
100
AcDbCircle
 10
-273.2701557684335
 20
-31.14467522576575
 30
0.0
 40
0.9548752354819849
100
AcDbArc
 50
269.9999999999795
 51
90.0
  0
POLYLINE
  5
22A
102
{ACAD_REACTORS
330
256
102
}
330
1F
100
AcDbEntity
  8
Default
100
AcDb2dPolyline
 66
     1
 10
0.0
 20
0.0
 30
0.0
  0
VERTEX
  5
22B
330
22A
100
AcDbEntity
  8
Default
100
AcDbVertex
100
AcDb2dVertex
 10
-273.2701557684335
 20
-32.09955046124773
 30
0.0
  0
VERTEX
  5
22C
330
22A
100
AcDbEntity
  8
Default
100
AcDbVertex
100
AcDb2dVertex
 10
-273.9067392587548
 20
-32.09955046124774
 30
0.0
  0
SEQEND
  5
22D
330
22A
100
AcDbEntity
  8
Default
  0
POLYLINE
  5
22E
102
{ACAD_REACTORS
330
256
102
}
330
1F
100
AcDbEntity
  8
Default
100
AcDb2dPolyline
 66
     1
 10
0.0
 20
0.0
 30
0.0
  0
VERTEX
  5
22F
330
22E
100
AcDbEntity
  8
Default
100
AcDbVertex
100
AcDb2dVertex
 10
-273.2701557684335
 20
-30.18979999028376
 30
0.0
  0
VERTEX
  5
230
330
22E
100
AcDbEntity
  8
Default
100
AcDbVertex
100
AcDb2dVertex
 10
-273.9067392587548
 20
-30.18979999028376
 30
0.0
  0
SEQEND
  5
231
330
22E
100
AcDbEntity
  8
Default
  0
POLYLINE
  5
232
102
{ACAD_REACTORS
330
256
102
}
330
1F
100
AcDbEntity
  8
Default
100
AcDb2dPolyline
 66
     1
 10
0.0
 20
0.0
 30
0.0
  0
VERTEX
  5
233
330
232
100
AcDbEntity
  8
Default
100
AcDbVertex
100
AcDb2dVertex
 10
-273.9067392587548
 20
-32.73613395156906
 30
0.0
  0
VERTEX
  5
234
330
232
100
AcDbEntity
  8
Default
100
AcDbVertex
100
AcDb2dVertex
 10
-273.2701557684335
 20
-32.73613395156906
 30
0.0
  0
SEQEND
  5
235
330
232
100
AcDbEntity
  8
Default
  0
POLYLINE
  5
236
102
{ACAD_REACTORS
330
256
102
}
330
1F
100
AcDbEntity
  8
Default
100
AcDb2dPolyline
 66
     1
 10
0.0
 20
0.0
 30
0.0
  0
VERTEX
  5
237
330
236
100
AcDbEntity
  8
Default
100
AcDbVertex
100
AcDb2dVertex
 10
-274.5433227490761
 20
-29.55321649996243
 30
0.0
  0
VERTEX
  5
238
330
236
100
AcDbEntity
  8
Default
100
AcDbVertex
100
AcDb2dVertex
 10
-273.2701557684335
 20
-29.55321649996243
 30
0.0
  0
SEQEND
  5
239
330
236
100
AcDbEntity
  8
Default
  0
LINE
  5
23A
102
{ACAD_REACTORS
330
256
102
}
330
1F
100
AcDbEntity
  8
Default
100
AcDbLine
 10
-273.9067392587548
 20
-32.09955046124774
 30
0.0
 11
-273.9067392587548
 21
-30.18979999028376
 31
0.0
  0
POLYLINE
  5
23B
102
{ACAD_REACTORS
330
256
102
}
330
1F
100
AcDbEntity
  8
Default
100
AcDb2dPolyline
 66
     1
 10
0.0
 20
0.0
 30
0.0
  0
VERTEX
  5
23C
330
23B
100
AcDbEntity
  8
Default
100
AcDbVertex
100
AcDb2dVertex
 10
-279.6359906716467
 20
-34.0093009322117
 30
0.0
  0
VERTEX
  5
23D
330
23B
100
AcDbEntity
  8
Default
100
AcDbVertex
100
AcDb2dVertex
 10
-278.6582631170322
 20
-34.0093009322117
 30
0.0
  0
SEQEND
  5
23E
330
23B
100
AcDbEntity
  8
Default
  0
LINE
  5
23F
102
{ACAD_REACTORS
330
256
102
}
330
1F
100
AcDbEntity
  8
Default
100
AcDbLine
 10
-278.9994071813254
 20
-30.50809173544442
 30
0.0
 11
-279.6359906716467
 21
-30.82638348060509
 31
0.0
  0
LINE
  5
240
102
{ACAD_REACTORS
330
256
102
}
330
1F
100
AcDbEntity
  8
Default
100
AcDbLine
 10
-279.6359906716467
 20
-30.18979999028376
 30
0.0
 11
-279.6359906716467
 21
-30.82638348060509
 31
0.0
  0
LINE
  5
241
102
{ACAD_REACTORS
330
256
102
}
330
1F
100
AcDbEntity
  8
Default
100
AcDbLine
 10
-278.3628236910041
 20
-29.55321649996243
 30
0.0
 11
-279.6359906716467
 21
-30.18979999028376
 31
0.0
  0
POLYLINE
  5
242
330
1F
100
AcDbEntity
  8
Default
100
AcDb2dPolyline
 66
     1
 10
0.0
 20
0.0
 30
0.0
  0
VERTEX
  5
243
330
242
100
AcDbEntity
  8
Default
100
AcDbVertex
100
AcDb2dVertex
 10
-275.9021782404778
 20
-22.30782501793081
 30
0.0
  0
VERTEX
  5
244
330
242
100
AcDbEntity
  8
Default
100
AcDbVertex
100
AcDb2dVertex
 10
-275.9021782404778
 20
-8.804534974542108
 30
0.0
  0
SEQEND
  5
245
330
242
100
AcDbEntity
  8
Default
  0
POLYLINE
  5
246
330
1F
100
AcDbEntity
  8
Default
100
AcDb2dPolyline
 66
     1
 10
0.0
 20
0.0
 30
0.0
  0
VERTEX
  5
247
330
246
100
AcDbEntity
  8
Default
100
AcDbVertex
100
AcDb2dVertex
 10
-275.4021782404778
 20
-22.30782501793081
 30
0.0
  0
VERTEX
  5
248
330
246
100
AcDbEntity
  8
Default
100
AcDbVertex
100
AcDb2dVertex
 10
-275.4021782404778
 20
-8.804534974542108
 30
0.0
  0
SEQEND
  5
249
330
246
100
AcDbEntity
  8
Default
  0
POLYLINE
  5
24A
330
1F
100
AcDbEntity
  8
Default
100
AcDb2dPolyline
 66
     1
 10
0.0
 20
0.0
 30
0.0
  0
VERTEX
  5
24B
330
24A
100
AcDbEntity
  8
Default
100
AcDbVertex
100
AcDb2dVertex
 10
-275.9021782404778
 20
-54.80453497454211
 30
0.0
  0
VERTEX
  5
24C
330
24A
100
AcDbEntity
  8
Default
100
AcDbVertex
100
AcDb2dVertex
 10
-275.9021782404778
 20
-41.30124493115339
 30
0.0
  0
SEQEND
  5
24D
330
24A
100
AcDbEntity
  8
Default
  0
POLYLINE
  5
24E
330
1F
100
AcDbEntity
  8
Default
100
AcDb2dPolyline
 66
     1
 10
0.0
 20
0.0
 30
0.0
  0
VERTEX
  5
24F
330
24E
100
AcDbEntity
  8
Default
100
AcDbVertex
100
AcDb2dVertex
 10
-275.4021782404778
 20
-54.80453497454211
 30
0.0
  0
VERTEX
  5
250
330
24E
100
AcDbEntity
  8
Default
100
AcDbVertex
100
AcDb2dVertex
 10
-275.4021782404778
 20
-41.30124493115339
 30
0.0
  0
SEQEND
  5
251
330
24E
100
AcDbEntity
  8
Default
  0
ARC
  5
252
330
1F
100
AcDbEntity
  8
depths$3_4_
100
AcDbCircle
 10
-275.6521782404778
 20
-31.80453497454211
 30
0.0
 40
9.5
100
AcDbArc
 50
271.5079577542388
 51
88.49204224576118
  0
LINE
  5
253
330
1F
100
AcDbEntity
  8
Default
100
AcDbLine
 10
-275.9021782404778
 20
-23.24790045887771
 30
0.0
 11
-275.9021782404778
 21
-23.05453497454211
 31
0.0
  0
LINE
  5
254
330
1F
100
AcDbEntity
  8
Default
100
AcDbLine
 10
-275.4021782404778
 20
-23.24790045887771
 30
0.0
 11
-275.4021782404778
 21
-23.05453497454211
 31
0.0
  0
ARC
  5
255
330
1F
100
AcDbEntity
  8
depths$3_4_
100
AcDbCircle
 10
-275.6521782404778
 20
-31.80453497454211
 30
0.0
 40
9.5
100
AcDbArc
 50
91.50795775423882
 51
268.4920422457612
  0
ENDSEC
  0
SECTION
  2
OBJECTS
  0
DICTIONARY
  5
C
330
0
100
AcDbDictionary
281
     1
  3
ACAD_DETAILVIEWSTYLE
350
292
  3
ACAD_GROUP
350
D
  3
ACAD_LAYOUT
350
1A
  3
ACAD_MATERIAL
350
43
  3
ACAD_MLEADERSTYLE
350
5B
  3
ACAD_MLINESTYLE
350
17
  3
ACAD_PLOTSETTINGS
350
19
  3
ACAD_PLOTSTYLENAME
350
E
  3
ACAD_SCALELIST
350
47
  3
ACAD_SECTIONVIEWSTYLE
350
293
  3
ACAD_TABLESTYLE
350
59
  3
ACAD_VISUALSTYLE
350
2A
  3
ACDB_RECOMPOSE_DATA
350
28F
  3
AcDbVariableDictionary
350
257
  0
SUN
  5
5D
330
29
100
AcDbSun
 90
        1
290
     0
 63
     7
421
 16777215
 40
1.0
291
     1
 91
  2455826
 92
 54000000
292
     0
 70
     2
 71
   256
280
     1
  0
DICTIONARY
  5
292
102
{ACAD_REACTORS
330
C
102
}
330
C
100
AcDbDictionary
281
     1
  0
DICTIONARY
  5
D
102
{ACAD_REACTORS
330
C
102
}
330
C
100
AcDbDictionary
281
     1
  3
Group01
350
256
  0
DICTIONARY
  5
1A
102
{ACAD_REACTORS
330
C
102
}
330
C
100
AcDbDictionary
281
     1
  3
Layout1
350
1E
  3
Layout2
350
26
  3
Model
350
22
  0
DICTIONARY
  5
43
102
{ACAD_REACTORS
330
C
102
}
330
C
100
AcDbDictionary
281
     1
  3
ByBlock
350
45
  3
ByLayer
350
44
  3
Global
350
46
  0
DICTIONARY
  5
5B
102
{ACAD_REACTORS
330
C
102
}
330
C
100
AcDbDictionary
281
     1
  3
Standard
350
5C
  0
DICTIONARY
  5
17
102
{ACAD_REACTORS
330
C
102
}
330
C
100
AcDbDictionary
281
     1
  3
Standard
350
18
  0
DICTIONARY
  5
19
102
{ACAD_REACTORS
330
C
102
}
330
C
100
AcDbDictionary
281
     1
  0
ACDBDICTIONARYWDFLT
  5
E
102
{ACAD_REACTORS
330
C
102
}
330
C
100
AcDbDictionary
281
     1
  3
Normal
350
F
100
AcDbDictionaryWithDefault
340
F
  0
DICTIONARY
  5
47
102
{ACAD_REACTORS
330
C
102
}
330
C
100
AcDbDictionary
281
     1
  3
A0
350
48
  3
A1
350
49
  3
A2
350
4A
  3
A3
350
4B
  3
A4
350
4C
  3
A5
350
4D
  3
A6
350
4E
  3
A7
350
4F
  3
A8
350
50
  3
A9
350
51
  3
B1
350
52
  3
B2
350
53
  3
B3
350
54
  3
B4
350
55
  3
B5
350
56
  3
B6
350
57
  3
B7
350
58
  0
DICTIONARY
  5
293
102
{ACAD_REACTORS
330
C
102
}
330
C
100
AcDbDictionary
281
     1
  0
DICTIONARY
  5
59
102
{ACAD_REACTORS
330
C
102
}
330
C
100
AcDbDictionary
281
     1
  3
Standard
350
5A
  0
DICTIONARY
  5
2A
102
{ACAD_REACTORS
330
C
102
}
330
C
100
AcDbDictionary
281
     1
  3
2dWireframe
350
2F
  3
Basic
350
32
  3
Brighten
350
36
  3
ColorChange
350
3A
  3
Conceptual
350
34
  3
Dim
350
35
  3
EdgeColorOff
350
3D
  3
Facepattern
350
39
  3
Flat
350
2B
  3
FlatWithEdges
350
2C
  3
Gouraud
350
2D
  3
GouraudWithEdges
350
2E
  3
Hidden
350
31
  3
JitterOff
350
3B
  3
Linepattern
350
38
  3
OverhangOff
350
3C
  3
Realistic
350
33
  3
Shaded
350
42
  3
Shaded with edges
350
41
  3
Shades of Gray
350
3E
  3
Sketchy
350
3F
  3
Thicken
350
37
  3
Wireframe
350
30
  3
X-Ray
350
40
  0
XRECORD
  5
28F
102
{ACAD_REACTORS
330
C
102
}
330
C
100
AcDbXrecord
280
     1
 90
        1
330
5A
  0
DICTIONARY
  5
257
102
{ACAD_REACTORS
330
C
102
}
330
C
100
AcDbDictionary
281
     1
  3
CANNOSCALE
350
258
  3
CMLEADERSTYLE
350
291
  3
CTABLESTYLE
350
290
  3
XCLIPFRAME
350
259
  0
GROUP
  5
256
102
{ACAD_REACTORS
330
D
102
}
330
D
100
AcDbGroup
300

 70
     0
 71
     1
340
1EC
340
1ED
340
1EE
340
1EF
340
1F5
340
1F6
340
1F7
340
1F8
340
1F9
340
1FA
340
1FB
340
202
340
203
340
204
340
205
340
206
340
20A
340
20B
340
20C
340
20D
340
20E
340
20F
340
222
340
223
340
227
340
228
340
229
340
22A
340
22E
340
232
340
236
340
23A
340
23B
340
23F
340
240
340
241
  0
LAYOUT
  5
1E
102
{ACAD_REACTORS
330
1A
102
}
330
1A
100
AcDbPlotSettings
  1

  2
none_device
  4

  6

 40
0.0
 41
0.0
 42
0.0
 43
0.0
 44
0.0
 45
0.0
 46
0.0
 47
0.0
 48
0.0
 49
0.0
140
0.0
141
0.0
142
1.0
143
1.0
 70
   688
 72
     0
 73
     0
 74
     5
  7

 75
    16
 76
     0
 77
     2
 78
   300
147
1.0
148
0.0
149
0.0
100
AcDbLayout
  1
Layout1
 70
     1
 71
     1
 10
0.0
 20
0.0
 11
12.0
 21
9.0
 12
0.0
 22
0.0
 32
0.0
 14
1.000000000000000E+20
 24
1.000000000000000E+20
 34
1.000000000000000E+20
 15
-1.000000000000000E+20
 25
-1.000000000000000E+20
 35
-1.000000000000000E+20
146
0.0
 13
0.0
 23
0.0
 33
0.0
 16
1.0
 26
0.0
 36
0.0
 17
0.0
 27
1.0
 37
0.0
 76
     0
330
1B
  0
LAYOUT
  5
26
102
{ACAD_REACTORS
330
1A
102
}
330
1A
100
AcDbPlotSettings
  1

  2
none_device
  4

  6

 40
0.0
 41
0.0
 42
0.0
 43
0.0
 44
0.0
 45
0.0
 46
0.0
 47
0.0
 48
0.0
 49
0.0
140
0.0
141
0.0
142
1.0
143
1.0
 70
   688
 72
     0
 73
     0
 74
     5
  7

 75
    16
 76
     0
 77
     2
 78
   300
147
1.0
148
0.0
149
0.0
100
AcDbLayout
  1
Layout2
 70
     1
 71
     2
 10
0.0
 20
0.0
 11
0.0
 21
0.0
 12
0.0
 22
0.0
 32
0.0
 14
0.0
 24
0.0
 34
0.0
 15
0.0
 25
0.0
 35
0.0
146
0.0
 13
0.0
 23
0.0
 33
0.0
 16
1.0
 26
0.0
 36
0.0
 17
0.0
 27
1.0
 37
0.0
 76
     0
330
23
  0
LAYOUT
  5
22
102
{ACAD_REACTORS
330
1A
102
}
330
1A
100
AcDbPlotSettings
  1

  2
none_device
  4
Letter_(8.50_x_11.00_Inches)
  6

 40
6.35
 41
6.35
 42
6.35000508
 43
6.35000508
 44
215.9
 45
279.4
 46
0.0
 47
0.0
 48
0.0
 49
0.0
140
0.0
141
0.0
142
1.0
143
1.0
 70
  1712
 72
     0
 73
     0
 74
     0
  7

 75
     0
 76
     0
 77
     2
 78
   300
147
1.0
148
0.0
149
0.0
100
AcDbLayout
  1
Model
 70
     1
 71
     0
 10
0.0
 20
0.0
 11
12.0
 21
9.0
 12
0.0
 22
0.0
 32
0.0
 14
-323.6521782404778
 24
-55.80453497454211
 34
0.0
 15
-227.6521782404778
 25
-7.804534974542108
 35
0.0
146
0.0
 13
0.0
 23
0.0
 33
0.0
 16
1.0
 26
0.0
 36
0.0
 17
0.0
 27
1.0
 37
0.0
 76
     0
330
1F
331
29
  0
MATERIAL
  5
45
102
{ACAD_REACTORS
330
43
102
}
330
43
100
AcDbMaterial
  1
ByBlock
 72
     1
 94
      127
  0
MATERIAL
  5
44
102
{ACAD_REACTORS
330
43
102
}
330
43
100
AcDbMaterial
  1
ByLayer
 72
     1
 94
      127
  0
MATERIAL
  5
46
102
{ACAD_REACTORS
330
43
102
}
330
43
100
AcDbMaterial
  1
Global
 72
     1
 94
      127
  0
MLEADERSTYLE
  5
5C
102
{ACAD_REACTORS
330
5B
102
}
102
{ACAD_XDICTIONARY
360
28D
102
}
330
5B
100
AcDbMLeaderStyle
170
     2
171
     1
172
     0
 90
        2
 40
0.0
 41
0.0
173
     1
 91
-1056964608
340
14
 92
       -2
290
     1
 42
0.09
291
     1
 43
0.36
  3
Standard
341
0
 44
0.18
300

342
11
174
     1
178
     6
175
     1
176
     0
 93
-1056964608
 45
0.18
292
     0
297
     0
 46
0.18
343
0
 94
-1056964608
 47
1.0
 49
1.0
140
1.0
293
     1
141
0.0
294
     1
177
     0
142
1.0
295
     0
296
     0
143
0.125
1001
ACAD_MLEADERVER
1070
     2
  0
MLINESTYLE
  5
18
102
{ACAD_REACTORS
330
17
102
}
330
17
100
AcDbMlineStyle
  2
Standard
 70
     0
  3

 62
   256
 51
90.0
 52
90.0
 71
     2
 49
0.5
 62
   256
  6
BYLAYER
 49
-0.5
 62
   256
  6
BYLAYER
  0
ACDBPLACEHOLDER
  5
F
102
{ACAD_REACTORS
330
E
102
}
330
E
  0
SCALE
  5
48
102
{ACAD_REACTORS
330
47
102
}
330
47
100
AcDbScale
 70
     0
300
1:1
140
1.0
141
1.0
290
     1
  0
SCALE
  5
49
102
{ACAD_REACTORS
330
47
102
}
330
47
100
AcDbScale
 70
     0
300
1/128" = 1'-0"
140
0.0078125
141
12.0
290
     0
  0
SCALE
  5
4A
102
{ACAD_REACTORS
330
47
102
}
330
47
100
AcDbScale
 70
     0
300
1/64" = 1'-0"
140
0.015625
141
12.0
290
     0
  0
SCALE
  5
4B
102
{ACAD_REACTORS
330
47
102
}
330
47
100
AcDbScale
 70
     0
300
1/32" = 1'-0"
140
0.03125
141
12.0
290
     0
  0
SCALE
  5
4C
102
{ACAD_REACTORS
330
47
102
}
330
47
100
AcDbScale
 70
     0
300
1/16" = 1'-0"
140
0.0625
141
12.0
290
     0
  0
SCALE
  5
4D
102
{ACAD_REACTORS
330
47
102
}
330
47
100
AcDbScale
 70
     0
300
3/32" = 1'-0"
140
0.09375
141
12.0
290
     0
  0
SCALE
  5
4E
102
{ACAD_REACTORS
330
47
102
}
330
47
100
AcDbScale
 70
     0
300
1/8" = 1'-0"
140
0.125
141
12.0
290
     0
  0
SCALE
  5
4F
102
{ACAD_REACTORS
330
47
102
}
330
47
100
AcDbScale
 70
     0
300
3/16" = 1'-0"
140
0.1875
141
12.0
290
     0
  0
SCALE
  5
50
102
{ACAD_REACTORS
330
47
102
}
330
47
100
AcDbScale
 70
     0
300
1/4" = 1'-0"
140
0.25
141
12.0
290
     0
  0
SCALE
  5
51
102
{ACAD_REACTORS
330
47
102
}
330
47
100
AcDbScale
 70
     0
300
3/8" = 1'-0"
140
0.375
141
12.0
290
     0
  0
SCALE
  5
52
102
{ACAD_REACTORS
330
47
102
}
330
47
100
AcDbScale
 70
     0
300
1/2" = 1'-0"
140
0.5
141
12.0
290
     0
  0
SCALE
  5
53
102
{ACAD_REACTORS
330
47
102
}
330
47
100
AcDbScale
 70
     0
300
3/4" = 1'-0"
140
0.75
141
12.0
290
     0
  0
SCALE
  5
54
102
{ACAD_REACTORS
330
47
102
}
330
47
100
AcDbScale
 70
     0
300
1" = 1'-0"
140
1.0
141
12.0
290
     0
  0
SCALE
  5
55
102
{ACAD_REACTORS
330
47
102
}
330
47
100
AcDbScale
 70
     0
300
1-1/2" = 1'-0"
140
1.5
141
12.0
290
     0
  0
SCALE
  5
56
102
{ACAD_REACTORS
330
47
102
}
330
47
100
AcDbScale
 70
     0
300
3" = 1'-0"
140
3.0
141
12.0
290
     0
  0
SCALE
  5
57
102
{ACAD_REACTORS
330
47
102
}
330
47
100
AcDbScale
 70
     0
300
6" = 1'-0"
140
6.0
141
12.0
290
     0
  0
SCALE
  5
58
102
{ACAD_REACTORS
330
47
102
}
330
47
100
AcDbScale
 70
     0
300
1'-0" = 1'-0"
140
12.0
141
12.0
290
     0
  0
TABLESTYLE
  5
5A
102
{ACAD_REACTORS
330
59
102
}
102
{ACAD_XDICTIONARY
360
28A
102
}
330
59
100
AcDbTableStyle
  3
Standard
 70
     0
 71
     0
 40
0.06
 41
0.06
280
     0
281
     0
  7
Standard
140
0.18
170
     2
 62
     0
 63
   257
283
     0
 90
        4
 91
        0
  1

274
    -2
284
     1
 64
     0
275
    -2
285
     1
 65
     0
276
    -2
286
     1
 66
     0
277
    -2
287
     1
 67
     0
278
    -2
288
     1
 68
     0
279
    -2
289
     1
 69
     0
  7
Standard
140
0.25
170
     5
 62
     0
 63
   257
283
     0
 90
        4
 91
        0
  1

274
    -2
284
     1
 64
     0
275
    -2
285
     1
 65
     0
276
    -2
286
     1
 66
     0
277
    -2
287
     1
 67
     0
278
    -2
288
     1
 68
     0
279
    -2
289
     1
 69
     0
  7
Standard
140
0.18
170
     5
 62
     0
 63
   257
283
     0
 90
        4
 91
        0
  1

274
    -2
284
     1
 64
     0
275
    -2
285
     1
 65
     0
276
    -2
286
     1
 66
     0
277
    -2
287
     1
 67
     0
278
    -2
288
     1
 68
     0
279
    -2
289
     1
 69
     0
  0
VISUALSTYLE
  5
2F
102
{ACAD_REACTORS
330
2A
102
}
102
{ACAD_XDICTIONARY
360
262
102
}
330
2A
100
AcDbVisualStyle
  2
2dWireframe
 70
     4
 71
     0
 72
     2
 73
     0
 90
        0
 40
0.6
 41
30.0
 62
     5
 63
     7
421
 16777215
 74
     1
 91
        4
 64
     7
 65
   257
 75
     1
175
     1
 42
1.0
 92
        0
 66
   257
 43
1.0
 76
     1
 77
     6
 78
     2
 67
     7
 79
     5
170
     0
171
     0
290
     0
174
     0
 93
        1
 44
0.0
173
     0
291
     0
 45
0.0
  0
VISUALSTYLE
  5
32
102
{ACAD_REACTORS
330
2A
102
}
102
{ACAD_XDICTIONARY
360
268
102
}
330
2A
100
AcDbVisualStyle
  2
Basic
 70
     7
 71
     1
 72
     0
 73
     1
 90
        0
 40
0.6
 41
30.0
 62
     5
 63
     7
421
 16777215
 74
     0
 91
        4
 64
     7
 65
   257
 75
     1
175
     1
 42
1.0
 92
        8
 66
     7
 43
1.0
 76
     1
 77
     6
 78
     2
 67
     7
 79
     5
170
     0
171
     0
290
     0
174
     0
 93
        1
 44
0.0
173
     0
291
     1
 45
0.0
  0
VISUALSTYLE
  5
36
102
{ACAD_REACTORS
330
2A
102
}
102
{ACAD_XDICTIONARY
360
270
102
}
330
2A
100
AcDbVisualStyle
  2
Brighten
 70
    12
 71
     2
 72
     2
 73
     0
 90
        0
 40
0.6
 41
30.0
 62
     5
 63
     7
421
 16777215
 74
     1
 91
        4
 64
     7
 65
   257
 75
     1
175
     1
 42
1.0
 92
        8
 66
     7
 43
1.0
 76
     1
 77
     6
 78
     2
 67
     7
 79
     5
170
     0
171
     0
290
     0
174
     0
 93
        1
 44
50.0
173
     0
291
     1
 45
0.0
  0
VISUALSTYLE
  5
3A
102
{ACAD_REACTORS
330
2A
102
}
102
{ACAD_XDICTIONARY
360
278
102
}
330
2A
100
AcDbVisualStyle
  2
ColorChange
 70
    16
 71
     2
 72
     2
 73
     3
 90
        0
 40
0.6
 41
30.0
 62
     5
 63
     8
421
  8421504
 74
     1
 91
        4
 64
     7
 65
   257
 75
     1
175
     1
 42
1.0
 92
        8
 66
     8
424
  8421504
 43
1.0
 76
     1
 77
     6
 78
     2
 67
     7
 79
     5
170
     0
171
     0
290
     0
174
     0
 93
        1
 44
0.0
173
     0
291
     1
 45
0.0
  0
VISUALSTYLE
  5
34
102
{ACAD_REACTORS
330
2A
102
}
102
{ACAD_XDICTIONARY
360
26C
102
}
330
2A
100
AcDbVisualStyle
  2
Conceptual
 70
     9
 71
     3
 72
     2
 73
     0
 90
        0
 40
0.6
 41
30.0
 62
     5
 63
     7
421
 16777215
 74
     2
 91
        2
 64
     7
 65
   257
 75
     1
175
     1
 42
179.0
 92
        8
 66
     7
 43
1.0
 76
     1
 77
     6
 78
     2
 67
     7
 79
     3
170
     0
171
     0
290
     0
174
     0
 93
        1
 44
0.0
173
     0
291
     0
 45
0.0
  0
VISUALSTYLE
  5
35
102
{ACAD_REACTORS
330
2A
102
}
102
{ACAD_XDICTIONARY
360
26E
102
}
330
2A
100
AcDbVisualStyle
  2
Dim
 70
    11
 71
     2
 72
     2
 73
     0
 90
        0
 40
0.6
 41
30.0
 62
     5
 63
     7
421
 16777215
 74
     1
 91
        4
 64
     7
 65
   257
 75
     1
175
     1
 42
1.0
 92
        8
 66
     7
 43
1.0
 76
     1
 77
     6
 78
     2
 67
     7
 79
     5
170
     0
171
     0
290
     0
174
     0
 93
        1
 44
-50.0
173
     0
291
     1
 45
0.0
  0
VISUALSTYLE
  5
3D
102
{ACAD_REACTORS
330
2A
102
}
102
{ACAD_XDICTIONARY
360
27E
102
}
330
2A
100
AcDbVisualStyle
  2
EdgeColorOff
 70
    22
 71
     2
 72
     2
 73
     0
 90
        0
 40
0.6
 41
30.0
 62
     5
 63
     7
421
 16777215
 74
     1
 91
        4
 64
     7
 65
   257
 75
     1
175
     1
 42
1.0
 92
        8
 66
     7
 43
1.0
 76
     1
 77
     6
 78
     2
 67
     7
 79
     5
170
     0
171
     0
290
     0
174
     0
 93
        1
 44
0.0
173
     0
291
     1
 45
0.0
  0
VISUALSTYLE
  5
39
102
{ACAD_REACTORS
330
2A
102
}
102
{ACAD_XDICTIONARY
360
276
102
}
330
2A
100
AcDbVisualStyle
  2
Facepattern
 70
    15
 71
     2
 72
     2
 73
     0
 90
        0
 40
0.6
 41
30.0
 62
     5
 63
     7
421
 16777215
 74
     1
 91
        4
 64
     7
 65
   257
 75
     1
175
     1
 42
1.0
 92
        8
 66
     7
 43
1.0
 76
     1
 77
     6
 78
     2
 67
     7
 79
     5
170
     0
171
     0
290
     0
174
     0
 93
        1
 44
0.0
173
     0
291
     1
 45
0.0
  0
VISUALSTYLE
  5
2B
102
{ACAD_REACTORS
330
2A
102
}
102
{ACAD_XDICTIONARY
360
25A
102
}
330
2A
100
AcDbVisualStyle
  2
Flat
 70
     0
 71
     2
 72
     1
 73
     1
 90
        2
 40
0.6
 41
30.0
 62
     5
 63
     7
421
 16777215
 74
     0
 91
        0
 64
     7
 65
   257
 75
     1
175
     1
 42
1.0
 92
        8
 66
     7
 43
1.0
 76
     1
 77
     6
 78
     2
 67
     7
 79
     5
170
     0
171
     0
290
     0
174
     0
 93
       13
 44
0.0
173
     0
291
     1
 45
0.0
  0
VISUALSTYLE
  5
2C
102
{ACAD_REACTORS
330
2A
102
}
102
{ACAD_XDICTIONARY
360
25C
102
}
330
2A
100
AcDbVisualStyle
  2
FlatWithEdges
 70
     1
 71
     2
 72
     1
 73
     1
 90
        2
 40
0.6
 41
30.0
 62
     5
 63
     7
421
 16777215
 74
     1
 91
        0
 64
     7
 65
   257
 75
     1
175
     1
 42
1.0
 92
        0
 66
   257
 43
1.0
 76
     1
 77
     6
 78
     2
 67
     7
 79
     5
170
     0
171
     0
290
     0
174
     0
 93
       13
 44
0.0
173
     0
291
     1
 45
0.0
  0
VISUALSTYLE
  5
2D
102
{ACAD_REACTORS
330
2A
102
}
102
{ACAD_XDICTIONARY
360
25E
102
}
330
2A
100
AcDbVisualStyle
  2
Gouraud
 70
     2
 71
     2
 72
     2
 73
     1
 90
        2
 40
0.6
 41
30.0
 62
     5
 63
     7
421
 16777215
 74
     0
 91
        0
 64
     7
 65
   257
 75
     1
175
     1
 42
1.0
 92
        0
 66
     7
 43
1.0
 76
     1
 77
     6
 78
     2
 67
     7
 79
     5
170
     0
171
     0
290
     0
174
     0
 93
       13
 44
0.0
173
     0
291
     1
 45
0.0
  0
VISUALSTYLE
  5
2E
102
{ACAD_REACTORS
330
2A
102
}
102
{ACAD_XDICTIONARY
360
260
102
}
330
2A
100
AcDbVisualStyle
  2
GouraudWithEdges
 70
     3
 71
     2
 72
     2
 73
     1
 90
        2
 40
0.6
 41
30.0
 62
     5
 63
     7
421
 16777215
 74
     1
 91
        0
 64
     7
 65
   257
 75
     1
175
     1
 42
1.0
 92
        0
 66
   257
 43
1.0
 76
     1
 77
     6
 78
     2
 67
     7
 79
     5
170
     0
171
     0
290
     0
174
     0
 93
       13
 44
0.0
173
     0
291
     1
 45
0.0
  0
VISUALSTYLE
  5
31
102
{ACAD_REACTORS
330
2A
102
}
102
{ACAD_XDICTIONARY
360
266
102
}
330
2A
100
AcDbVisualStyle
  2
Hidden
 70
     6
 71
     1
 72
     2
 73
     2
 90
        0
 40
0.6
 41
30.0
 62
     5
 63
     7
421
 16777215
 74
     2
 91
        2
 64
     7
 65
   257
 75
     2
175
     1
 42
40.0
 92
        0
 66
   257
 43
1.0
 76
     1
 77
     6
 78
     2
 67
     7
 79
     3
170
     0
171
     0
290
     0
174
     0
 93
        1
 44
0.0
173
     0
291
     0
 45
0.0
  0
VISUALSTYLE
  5
3B
102
{ACAD_REACTORS
330
2A
102
}
102
{ACAD_XDICTIONARY
360
27A
102
}
330
2A
100
AcDbVisualStyle
  2
JitterOff
 70
    20
 71
     2
 72
     2
 73
     0
 90
        0
 40
0.6
 41
30.0
 62
     5
 63
     7
421
 16777215
 74
     1
 91
        4
 64
     7
 65
   257
 75
     1
175
     1
 42
1.0
 92
       10
 66
     7
 43
1.0
 76
     1
 77
     6
 78
     2
 67
     7
 79
     5
170
     0
171
     0
290
     0
174
     0
 93
        1
 44
0.0
173
     0
291
     1
 45
0.0
  0
VISUALSTYLE
  5
38
102
{ACAD_REACTORS
330
2A
102
}
102
{ACAD_XDICTIONARY
360
274
102
}
330
2A
100
AcDbVisualStyle
  2
Linepattern
 70
    14
 71
     2
 72
     2
 73
     0
 90
        0
 40
0.6
 41
30.0
 62
     5
 63
     7
421
 16777215
 74
     1
 91
        4
 64
     7
 65
   257
 75
     7
175
     7
 42
1.0
 92
        8
 66
     7
 43
1.0
 76
     1
 77
     6
 78
     2
 67
     7
 79
     5
170
     0
171
     0
290
     0
174
     0
 93
        1
 44
0.0
173
     0
291
     1
 45
0.0
  0
VISUALSTYLE
  5
3C
102
{ACAD_REACTORS
330
2A
102
}
102
{ACAD_XDICTIONARY
360
27C
102
}
330
2A
100
AcDbVisualStyle
  2
OverhangOff
 70
    21
 71
     2
 72
     2
 73
     0
 90
        0
 40
0.6
 41
30.0
 62
     5
 63
     7
421
 16777215
 74
     1
 91
        4
 64
     7
 65
   257
 75
     1
175
     1
 42
1.0
 92
        9
 66
     7
 43
1.0
 76
     1
 77
     6
 78
     2
 67
     7
 79
     5
170
     0
171
     0
290
     0
174
     0
 93
        1
 44
0.0
173
     0
291
     1
 45
0.0
  0
VISUALSTYLE
  5
33
102
{ACAD_REACTORS
330
2A
102
}
102
{ACAD_XDICTIONARY
360
26A
102
}
330
2A
100
AcDbVisualStyle
  2
Realistic
 70
     8
 71
     2
 72
     3
 73
     0
 90
        2
 40
0.6
 41
30.0
 62
     5
 63
     7
421
 16777215
 74
     0
 91
        0
 64
     7
 65
   257
 75
     1
175
     1
 42
1.0
 92
        8
 66
   257
 43
1.0
 76
     1
 77
     6
 78
     2
 67
     7
 79
     3
170
     0
171
     0
290
     0
174
     0
 93
       13
 44
0.0
173
     0
291
     0
 45
0.0
  0
VISUALSTYLE
  5
42
102
{ACAD_REACTORS
330
2A
102
}
102
{ACAD_XDICTIONARY
360
288
102
}
330
2A
100
AcDbVisualStyle
  2
Shaded
 70
    27
 71
     2
 72
     2
 73
     1
 90
        2
 40
0.6
 41
30.0
 62
     5
 63
     7
421
 16777215
 74
     0
 91
        4
 64
     7
 65
   257
 75
     1
175
     1
 42
1.0
 92
        8
 66
   257
 43
1.0
 76
     1
 77
     6
 78
     2
 67
     8
425
  7895160
 79
     3
170
     0
171
     0
290
     0
174
     0
 93
        5
 44
0.0
173
     0
291
     0
 45
0.0
  0
VISUALSTYLE
  5
41
102
{ACAD_REACTORS
330
2A
102
}
102
{ACAD_XDICTIONARY
360
286
102
}
330
2A
100
AcDbVisualStyle
  2
Shaded with edges
 70
    26
 71
     2
 72
     2
 73
     1
 90
        2
 40
0.6
 41
30.0
 62
     5
 63
     7
421
 16777215
 74
     1
 91
       10
 64
     7
 65
   257
 75
     2
175
     1
 42
1.0
 92
        8
 66
   257
 43
1.0
 76
     1
 77
     6
 78
     2
 67
     7
 79
     3
170
     0
171
     0
290
     0
174
     0
 93
        5
 44
0.0
173
     0
291
     0
 45
0.0
  0
VISUALSTYLE
  5
3E
102
{ACAD_REACTORS
330
2A
102
}
102
{ACAD_XDICTIONARY
360
280
102
}
330
2A
100
AcDbVisualStyle
  2
Shades of Gray
 70
    23
 71
     2
 72
     2
 73
     3
 90
        0
 40
0.6
 41
30.0
 62
     5
 63
     7
421
 16777215
 74
     2
 91
        2
 64
     7
 65
     7
 75
     1
175
     1
 42
40.0
 92
        8
 66
     7
 43
1.0
 76
     1
 77
     6
 78
     2
 67
     7
 79
     3
170
     0
171
     0
290
     0
174
     0
 93
        1
 44
0.0
173
     0
291
     0
 45
0.0
  0
VISUALSTYLE
  5
3F
102
{ACAD_REACTORS
330
2A
102
}
102
{ACAD_XDICTIONARY
360
282
102
}
330
2A
100
AcDbVisualStyle
  2
Sketchy
 70
    24
 71
     1
 72
     2
 73
     2
 90
        0
 40
0.6
 41
30.0
 62
     5
 63
     7
421
 16777215
 74
     2
 91
        2
 64
     7
 65
     7
 75
     1
175
     1
 42
40.0
 92
       11
 66
     7
 43
1.0
 76
     1
 77
     6
 78
     2
 67
     7
 79
     6
170
     0
171
     0
290
     0
174
     0
 93
        1
 44
0.0
173
     0
291
     0
 45
0.0
  0
VISUALSTYLE
  5
37
102
{ACAD_REACTORS
330
2A
102
}
102
{ACAD_XDICTIONARY
360
272
102
}
330
2A
100
AcDbVisualStyle
  2
Thicken
 70
    13
 71
     2
 72
     2
 73
     0
 90
        0
 40
0.6
 41
30.0
 62
     5
 63
     7
421
 16777215
 74
     1
 91
        4
 64
     7
 65
   257
 75
     1
175
     1
 42
1.0
 92
       12
 66
     7
 43
1.0
 76
     1
 77
     6
 78
     2
 67
     7
 79
     5
170
     0
171
     0
290
     0
174
     0
 93
        1
 44
0.0
173
     0
291
     1
 45
0.0
  0
VISUALSTYLE
  5
30
102
{ACAD_REACTORS
330
2A
102
}
102
{ACAD_XDICTIONARY
360
264
102
}
330
2A
100
AcDbVisualStyle
  2
Wireframe
 70
     5
 71
     0
 72
     2
 73
     0
 90
        0
 40
0.6
 41
30.0
 62
     5
 63
     7
421
 16777215
 74
     1
 91
        4
 64
     7
 65
   257
 75
     1
175
     1
 42
1.0
 92
        0
 66
   257
 43
1.0
 76
     1
 77
     6
 78
     2
 67
     7
 79
     3
170
     0
171
     0
290
     0
174
     0
 93
        1
 44
0.0
173
     0
291
     0
 45
0.0
  0
VISUALSTYLE
  5
40
102
{ACAD_REACTORS
330
2A
102
}
102
{ACAD_XDICTIONARY
360
284
102
}
330
2A
100
AcDbVisualStyle
  2
X-Ray
 70
    25
 71
     2
 72
     2
 73
     1
 90
        1
 40
0.5
 41
30.0
 62
     5
 63
     7
421
 16777215
 74
     1
 91
        0
 64
     7
 65
   257
 75
     1
175
     1
 42
1.0
 92
        8
 66
     7
 43
1.0
 76
     1
 77
     6
 78
     2
 67
     7
 79
     3
170
     0
171
     0
290
     0
174
     0
 93
       13
 44
0.0
173
     0
291
     0
 45
0.0
  0
DICTIONARYVAR
  5
258
102
{ACAD_REACTORS
330
257
102
}
330
257
100
DictionaryVariables
280
     0
  1
1:1
  0
DICTIONARYVAR
  5
291
102
{ACAD_REACTORS
330
257
102
}
330
257
100
DictionaryVariables
280
     0
  1
Standard
  0
DICTIONARYVAR
  5
290
102
{ACAD_REACTORS
330
257
102
}
330
257
100
DictionaryVariables
280
     0
  1
Standard
  0
DICTIONARYVAR
  5
259
102
{ACAD_REACTORS
330
257
102
}
330
257
100
DictionaryVariables
280
     0
  1
2
  0
DICTIONARY
  5
28D
330
5C
100
AcDbDictionary
280
     1
281
     1
  3
ACAD_XREC_ROUNDTRIP
360
28E
  0
DICTIONARY
  5
28A
330
5A
100
AcDbDictionary
280
     1
281
     1
  3
ACAD_ROUNDTRIP_2008_TABLESTYLE_CELLSTYLEMAP
360
28B
  0
DICTIONARY
  5
262
330
2F
100
AcDbDictionary
280
     1
281
     1
  3
ACAD_XREC_ROUNDTRIP
360
263
  0
DICTIONARY
  5
268
330
32
100
AcDbDictionary
280
     1
281
     1
  3
ACAD_XREC_ROUNDTRIP
360
269
  0
DICTIONARY
  5
270
330
36
100
AcDbDictionary
280
     1
281
     1
  3
ACAD_XREC_ROUNDTRIP
360
271
  0
DICTIONARY
  5
278
330
3A
100
AcDbDictionary
280
     1
281
     1
  3
ACAD_XREC_ROUNDTRIP
360
279
  0
DICTIONARY
  5
26C
330
34
100
AcDbDictionary
280
     1
281
     1
  3
ACAD_XREC_ROUNDTRIP
360
26D
  0
DICTIONARY
  5
26E
330
35
100
AcDbDictionary
280
     1
281
     1
  3
ACAD_XREC_ROUNDTRIP
360
26F
  0
DICTIONARY
  5
27E
330
3D
100
AcDbDictionary
280
     1
281
     1
  3
ACAD_XREC_ROUNDTRIP
360
27F
  0
DICTIONARY
  5
276
330
39
100
AcDbDictionary
280
     1
281
     1
  3
ACAD_XREC_ROUNDTRIP
360
277
  0
DICTIONARY
  5
25A
330
2B
100
AcDbDictionary
280
     1
281
     1
  3
ACAD_XREC_ROUNDTRIP
360
25B
  0
DICTIONARY
  5
25C
330
2C
100
AcDbDictionary
280
     1
281
     1
  3
ACAD_XREC_ROUNDTRIP
360
25D
  0
DICTIONARY
  5
25E
330
2D
100
AcDbDictionary
280
     1
281
     1
  3
ACAD_XREC_ROUNDTRIP
360
25F
  0
DICTIONARY
  5
260
330
2E
100
AcDbDictionary
280
     1
281
     1
  3
ACAD_XREC_ROUNDTRIP
360
261
  0
DICTIONARY
  5
266
330
31
100
AcDbDictionary
280
     1
281
     1
  3
ACAD_XREC_ROUNDTRIP
360
267
  0
DICTIONARY
  5
27A
330
3B
100
AcDbDictionary
280
     1
281
     1
  3
ACAD_XREC_ROUNDTRIP
360
27B
  0
DICTIONARY
  5
274
330
38
100
AcDbDictionary
280
     1
281
     1
  3
ACAD_XREC_ROUNDTRIP
360
275
  0
DICTIONARY
  5
27C
330
3C
100
AcDbDictionary
280
     1
281
     1
  3
ACAD_XREC_ROUNDTRIP
360
27D
  0
DICTIONARY
  5
26A
330
33
100
AcDbDictionary
280
     1
281
     1
  3
ACAD_XREC_ROUNDTRIP
360
26B
  0
DICTIONARY
  5
288
330
42
100
AcDbDictionary
280
     1
281
     1
  3
ACAD_XREC_ROUNDTRIP
360
289
  0
DICTIONARY
  5
286
330
41
100
AcDbDictionary
280
     1
281
     1
  3
ACAD_XREC_ROUNDTRIP
360
287
  0
DICTIONARY
  5
280
330
3E
100
AcDbDictionary
280
     1
281
     1
  3
ACAD_XREC_ROUNDTRIP
360
281
  0
DICTIONARY
  5
282
330
3F
100
AcDbDictionary
280
     1
281
     1
  3
ACAD_XREC_ROUNDTRIP
360
283
  0
DICTIONARY
  5
272
330
37
100
AcDbDictionary
280
     1
281
     1
  3
ACAD_XREC_ROUNDTRIP
360
273
  0
DICTIONARY
  5
264
330
30
100
AcDbDictionary
280
     1
281
     1
  3
ACAD_XREC_ROUNDTRIP
360
265
  0
DICTIONARY
  5
284
330
40
100
AcDbDictionary
280
     1
281
     1
  3
ACAD_XREC_ROUNDTRIP
360
285
  0
XRECORD
  5
28E
102
{ACAD_REACTORS
330
28D
102
}
330
28D
100
AcDbXrecord
280
     1
102
ACAD_ROUNDTRIP_2010_MLEADER_STYLE
  0
CELLSTYLEMAP
  5
28B
102
{ACAD_REACTORS
330
28A
102
}
330
28A
100
AcDbCellStyleMap
 90
        3
300
CELLSTYLE
  1
TABLEFORMAT_BEGIN
 90
        5
170
     1
 91
        0
 92
    32768
 62
   257
 93
        1
300
CONTENTFORMAT
  1
CONTENTFORMAT_BEGIN
 90
        0
 91
        0
 92
        4
 93
        0
300

 40
0.0
140
1.0
 94
        5
 62
     0
340
11
144
0.25
309
CONTENTFORMAT_END
171
     1
301
MARGIN
  1
CELLMARGIN_BEGIN
 40
0.06
 40
0.06
 40
0.06
 40
0.06
 40
0.06
 40
0.06
309
CELLMARGIN_END
 94
        6
 95
        1
302
GRIDFORMAT
  1
GRIDFORMAT_BEGIN
 90
        0
 91
        1
 62
     0
 92
       -2
340
14
 93
        0
 40
0.045
309
GRIDFORMAT_END
 95
        2
302
GRIDFORMAT
  1
GRIDFORMAT_BEGIN
 90
        0
 91
        1
 62
     0
 92
       -2
340
14
 93
        0
 40
0.045
309
GRIDFORMAT_END
 95
        4
302
GRIDFORMAT
  1
GRIDFORMAT_BEGIN
 90
        0
 91
        1
 62
     0
 92
       -2
340
14
 93
        0
 40
0.045
309
GRIDFORMAT_END
 95
        8
302
GRIDFORMAT
  1
GRIDFORMAT_BEGIN
 90
        0
 91
        1
 62
     0
 92
       -2
340
14
 93
        0
 40
0.045
309
GRIDFORMAT_END
 95
       16
302
GRIDFORMAT
  1
GRIDFORMAT_BEGIN
 90
        0
 91
        1
 62
     0
 92
       -2
340
14
 93
        0
 40
0.045
309
GRIDFORMAT_END
 95
       32
302
GRIDFORMAT
  1
GRIDFORMAT_BEGIN
 90
        0
 91
        1
 62
     0
 92
       -2
340
14
 93
        0
 40
0.045
309
GRIDFORMAT_END
309
TABLEFORMAT_END
  1
CELLSTYLE_BEGIN
 90
        1
 91
        1
300
_TITLE
309
CELLSTYLE_END
300
CELLSTYLE
  1
TABLEFORMAT_BEGIN
 90
        5
170
     1
 91
        0
 92
        0
 62
   257
 93
        1
300
CONTENTFORMAT
  1
CONTENTFORMAT_BEGIN
 90
        0
 91
        0
 92
        4
 93
        0
300

 40
0.0
140
1.0
 94
        5
 62
     0
340
11
144
0.18
309
CONTENTFORMAT_END
171
     1
301
MARGIN
  1
CELLMARGIN_BEGIN
 40
0.06
 40
0.06
 40
0.06
 40
0.06
 40
0.06
 40
0.06
309
CELLMARGIN_END
 94
        6
 95
        1
302
GRIDFORMAT
  1
GRIDFORMAT_BEGIN
 90
        0
 91
        1
 62
     0
 92
       -2
340
14
 93
        0
 40
0.045
309
GRIDFORMAT_END
 95
        2
302
GRIDFORMAT
  1
GRIDFORMAT_BEGIN
 90
        0
 91
        1
 62
     0
 92
       -2
340
14
 93
        0
 40
0.045
309
GRIDFORMAT_END
 95
        4
302
GRIDFORMAT
  1
GRIDFORMAT_BEGIN
 90
        0
 91
        1
 62
     0
 92
       -2
340
14
 93
        0
 40
0.045
309
GRIDFORMAT_END
 95
        8
302
GRIDFORMAT
  1
GRIDFORMAT_BEGIN
 90
        0
 91
        1
 62
     0
 92
       -2
340
14
 93
        0
 40
0.045
309
GRIDFORMAT_END
 95
       16
302
GRIDFORMAT
  1
GRIDFORMAT_BEGIN
 90
        0
 91
        1
 62
     0
 92
       -2
340
14
 93
        0
 40
0.045
309
GRIDFORMAT_END
 95
       32
302
GRIDFORMAT
  1
GRIDFORMAT_BEGIN
 90
        0
 91
        1
 62
     0
 92
       -2
340
14
 93
        0
 40
0.045
309
GRIDFORMAT_END
309
TABLEFORMAT_END
  1
CELLSTYLE_BEGIN
 90
        2
 91
        1
300
_HEADER
309
CELLSTYLE_END
300
CELLSTYLE
  1
TABLEFORMAT_BEGIN
 90
        5
170
     1
 91
        0
 92
        0
 62
   257
 93
        1
300
CONTENTFORMAT
  1
CONTENTFORMAT_BEGIN
 90
        0
 91
        0
 92
        4
 93
        0
300

 40
0.0
140
1.0
 94
        2
 62
     0
340
11
144
0.18
309
CONTENTFORMAT_END
171
     1
301
MARGIN
  1
CELLMARGIN_BEGIN
 40
0.06
 40
0.06
 40
0.06
 40
0.06
 40
0.06
 40
0.06
309
CELLMARGIN_END
 94
        6
 95
        1
302
GRIDFORMAT
  1
GRIDFORMAT_BEGIN
 90
        0
 91
        1
 62
     0
 92
       -2
340
14
 93
        0
 40
0.045
309
GRIDFORMAT_END
 95
        2
302
GRIDFORMAT
  1
GRIDFORMAT_BEGIN
 90
        0
 91
        1
 62
     0
 92
       -2
340
14
 93
        0
 40
0.045
309
GRIDFORMAT_END
 95
        4
302
GRIDFORMAT
  1
GRIDFORMAT_BEGIN
 90
        0
 91
        1
 62
     0
 92
       -2
340
14
 93
        0
 40
0.045
309
GRIDFORMAT_END
 95
        8
302
GRIDFORMAT
  1
GRIDFORMAT_BEGIN
 90
        0
 91
        1
 62
     0
 92
       -2
340
14
 93
        0
 40
0.045
309
GRIDFORMAT_END
 95
       16
302
GRIDFORMAT
  1
GRIDFORMAT_BEGIN
 90
        0
 91
        1
 62
     0
 92
       -2
340
14
 93
        0
 40
0.045
309
GRIDFORMAT_END
 95
       32
302
GRIDFORMAT
  1
GRIDFORMAT_BEGIN
 90
        0
 91
        1
 62
     0
 92
       -2
340
14
 93
        0
 40
0.045
309
GRIDFORMAT_END
309
TABLEFORMAT_END
  1
CELLSTYLE_BEGIN
 90
        3
 91
        2
300
_DATA
309
CELLSTYLE_END
  0
XRECORD
  5
263
102
{ACAD_REACTORS
330
262
102
}
330
262
100
AcDbXrecord
280
     1
102
RTVSPropertyOp0
 70
     1
102
RTVSPropertyOp1
 70
     1
102
RTVSPropertyOp2
 70
     1
102
RTVSPropertyOp3
 70
     1
102
RTVSPropertyOp4
 70
     1
102
RTVSPropertyOp5
 70
     1
102
RTVSPropertyOp6
 70
     1
102
RTVSPropertyOp7
 70
     1
102
RTVSPropertyOp8
 70
     1
102
RTVSPropertyOp9
 70
     1
102
RTVSPropertyOp10
 70
     1
102
RTVSPropertyOp11
 70
     1
102
RTVSPropertyOp12
 70
     1
102
RTVSPropertyOp13
 70
     1
102
RTVSPropertyOp14
 70
     1
102
RTVSPropertyOp15
 70
     1
102
RTVSPropertyOp16
 70
     1
102
RTVSPropertyOp17
 70
     1
102
RTVSPropertyOp18
 70
     1
102
RTVSPropertyOp19
 70
     1
102
RTVSPropertyOp20
 70
     1
102
RTVSPropertyOp21
 70
     1
102
RTVSPropertyOp22
 70
     1
102
RTVSPropertyOp23
 70
     1
102
RTVSPropertyOp24
 70
     1
102
RTVSPropertyOp25
 70
     1
102
RTVSPropertyOp26
 70
     1
102
RTVSPropertyOp27
 70
     1
102
RTVSPropertyOp28
 70
     1
102
RTVSPropertyOp29
 70
     1
102
RTVSPropertyOp30
 70
     1
102
RTVSPropertyOp31
 70
     1
102
RTVSPropertyOp32
 70
     1
102
RTVSPropertyOp33
 70
     1
102
RTVSPropertyOp34
 70
     1
102
RTVSPropertyOp35
 70
     1
102
RTVSPropertyOp36
 70
     1
102
RTVSPropertyOp37
 70
     1
102
RTVSPropertyOp38
 70
     1
102
RTVSPropertyOp39
 70
     1
102
RTVSPropertyOp40
 70
     1
102
RTVSPropertyOp41
 70
     1
102
RTVSPropertyOp42
 70
     1
102
RTVSPropertyOp43
 70
     1
102
RTVSPropertyOp44
 70
     1
102
RTVSPropertyOp45
 70
     1
102
RTVSPropertyOp46
 70
     1
102
RTVSPropertyOp47
 70
     1
102
RTVSPropertyOp48
 70
     1
102
RTVSPropertyOp49
 70
     1
102
RTVSPropertyOp50
 70
     1
102
RTVSPropertyOp51
 70
     0
102
RTVSPropertyOp52
 70
     0
102
RTVSPropertyOp53
 70
     1
102
RTVSPropertyOp54
 70
     1
102
RTVSPropertyOp55
 70
     1
102
RTVSPropertyOp56
 70
     1
102
RTVSPropertyOp57
 70
     1
102
RTVSPost2010Prop28
280
     1
102
RTVSPost2010PropOp28
 70
     1
102
RTVSPost2010Prop29
280
     1
102
RTVSPost2010PropOp29
 70
     1
102
RTVSPost2010Prop30
280
     0
102
RTVSPost2010PropOp30
 70
     1
102
RTVSPost2010Prop31
280
     0
102
RTVSPost2010PropOp31
 70
     1
102
RTVSPost2010Prop32
280
     0
102
RTVSPost2010PropOp32
 70
     1
102
RTVSPost2010Prop33
280
     0
102
RTVSPost2010PropOp33
 70
     1
102
RTVSPost2010Prop34
280
     0
102
RTVSPost2010PropOp34
 70
     1
102
RTVSPost2010Prop35
280
     0
102
RTVSPost2010PropOp35
 70
     1
102
RTVSPost2010Prop36
280
     0
102
RTVSPost2010PropOp36
 70
     1
102
RTVSPost2010Prop37
 90
       50
102
RTVSPost2010PropOp37
 70
     1
102
RTVSPost2010Prop38
140
0.0
102
RTVSPost2010PropOp38
 70
     1
102
RTVSPost2010Prop39
140
1.0
102
RTVSPost2010PropOp39
 70
     1
102
RTVSPost2010Prop40
 90
        0
102
RTVSPost2010PropOp40
 70
     1
102
RTVSPost2010Prop41ColorIndex
 90
       18
102
RTVSPost2010Prop41ColorRGB
 90
        0
102
RTVSPost2010PropOp41
 70
     1
102
RTVSPost2010Prop42
 90
       50
102
RTVSPost2010PropOp42
 70
     1
102
RTVSPost2010Prop43
 90
        3
102
RTVSPost2010PropOp43
 70
     1
102
RTVSPost2010Prop44ColorIndex
 90
        5
102
RTVSPost2010Prop44ColorRGB
 90
      255
102
RTVSPost2010PropOp44
 70
     1
102
RTVSPost2010Prop45
280
     0
102
RTVSPost2010PropOp45
 70
     1
102
RTVSPost2010Prop46
 90
       50
102
RTVSPost2010PropOp46
 70
     1
102
RTVSPost2010Prop47
 90
       50
102
RTVSPost2010PropOp47
 70
     1
102
RTVSPost2010Prop48
 90
       50
102
RTVSPost2010PropOp48
 70
     1
102
RTVSPost2010Prop49
280
     0
102
RTVSPost2010PropOp49
 70
     1
102
RTVSPost2010Prop50
 90
       50
102
RTVSPost2010PropOp50
 70
     1
102
RTVSPost2010Prop51ColorIndex
 90
      256
102
RTVSPost2010Prop51ColorRGB
 90
-16777216
102
RTVSPost2010PropOp51
 70
     0
102
RTVSPost2010Prop52
140
1.0
102
RTVSPost2010PropOp52
 70
     0
102
RTVSPost2010Prop53
 90
        2
102
RTVSPost2010PropOp53
 70
     1
102
RTVSPost2010Prop54
  1
strokes_ogs.tif
102
RTVSPost2010PropOp54
 70
     1
102
RTVSPost2010Prop55
280
     0
102
RTVSPost2010PropOp55
 70
     1
102
RTVSPost2010Prop56
140
1.0
102
RTVSPost2010PropOp56
 70
     1
102
RTVSPost2010Prop57
140
1.0
102
RTVSPost2010PropOp57
 70
     1
  0
XRECORD
  5
269
102
{ACAD_REACTORS
330
268
102
}
330
268
100
AcDbXrecord
280
     1
102
RTVSPropertyOp0
 70
     1
102
RTVSPropertyOp1
 70
     1
102
RTVSPropertyOp2
 70
     1
102
RTVSPropertyOp3
 70
     1
102
RTVSPropertyOp4
 70
     1
102
RTVSPropertyOp5
 70
     1
102
RTVSPropertyOp6
 70
     1
102
RTVSPropertyOp7
 70
     1
102
RTVSPropertyOp8
 70
     1
102
RTVSPropertyOp9
 70
     1
102
RTVSPropertyOp10
 70
     1
102
RTVSPropertyOp11
 70
     1
102
RTVSPropertyOp12
 70
     1
102
RTVSPropertyOp13
 70
     1
102
RTVSPropertyOp14
 70
     1
102
RTVSPropertyOp15
 70
     1
102
RTVSPropertyOp16
 70
     1
102
RTVSPropertyOp17
 70
     1
102
RTVSPropertyOp18
 70
     1
102
RTVSPropertyOp19
 70
     1
102
RTVSPropertyOp20
 70
     1
102
RTVSPropertyOp21
 70
     1
102
RTVSPropertyOp22
 70
     1
102
RTVSPropertyOp23
 70
     1
102
RTVSPropertyOp24
 70
     1
102
RTVSPropertyOp25
 70
     1
102
RTVSPropertyOp26
 70
     1
102
RTVSPropertyOp27
 70
     1
102
RTVSPropertyOp28
 70
     1
102
RTVSPropertyOp29
 70
     1
102
RTVSPropertyOp30
 70
     1
102
RTVSPropertyOp31
 70
     1
102
RTVSPropertyOp32
 70
     1
102
RTVSPropertyOp33
 70
     1
102
RTVSPropertyOp34
 70
     1
102
RTVSPropertyOp35
 70
     1
102
RTVSPropertyOp36
 70
     1
102
RTVSPropertyOp37
 70
     1
102
RTVSPropertyOp38
 70
     1
102
RTVSPropertyOp39
 70
     1
102
RTVSPropertyOp40
 70
     1
102
RTVSPropertyOp41
 70
     1
102
RTVSPropertyOp42
 70
     1
102
RTVSPropertyOp43
 70
     1
102
RTVSPropertyOp44
 70
     1
102
RTVSPropertyOp45
 70
     1
102
RTVSPropertyOp46
 70
     1
102
RTVSPropertyOp47
 70
     1
102
RTVSPropertyOp48
 70
     1
102
RTVSPropertyOp49
 70
     1
102
RTVSPropertyOp50
 70
     1
102
RTVSPropertyOp51
 70
     0
102
RTVSPropertyOp52
 70
     0
102
RTVSPropertyOp53
 70
     1
102
RTVSPropertyOp54
 70
     1
102
RTVSPropertyOp55
 70
     1
102
RTVSPropertyOp56
 70
     1
102
RTVSPropertyOp57
 70
     1
102
RTVSPost2010Prop28
280
     0
102
RTVSPost2010PropOp28
 70
     1
102
RTVSPost2010Prop29
280
     1
102
RTVSPost2010PropOp29
 70
     1
102
RTVSPost2010Prop30
280
     1
102
RTVSPost2010PropOp30
 70
     1
102
RTVSPost2010Prop31
280
     0
102
RTVSPost2010PropOp31
 70
     1
102
RTVSPost2010Prop32
280
     0
102
RTVSPost2010PropOp32
 70
     1
102
RTVSPost2010Prop33
280
     0
102
RTVSPost2010PropOp33
 70
     1
102
RTVSPost2010Prop34
280
     0
102
RTVSPost2010PropOp34
 70
     1
102
RTVSPost2010Prop35
280
     0
102
RTVSPost2010PropOp35
 70
     1
102
RTVSPost2010Prop36
280
     0
102
RTVSPost2010PropOp36
 70
     1
102
RTVSPost2010Prop37
 90
       50
102
RTVSPost2010PropOp37
 70
     1
102
RTVSPost2010Prop38
140
0.0
102
RTVSPost2010PropOp38
 70
     1
102
RTVSPost2010Prop39
140
1.0
102
RTVSPost2010PropOp39
 70
     1
102
RTVSPost2010Prop40
 90
        0
102
RTVSPost2010PropOp40
 70
     1
102
RTVSPost2010Prop41ColorIndex
 90
       18
102
RTVSPost2010Prop41ColorRGB
 90
        0
102
RTVSPost2010PropOp41
 70
     1
102
RTVSPost2010Prop42
 90
       50
102
RTVSPost2010PropOp42
 70
     1
102
RTVSPost2010Prop43
 90
        3
102
RTVSPost2010PropOp43
 70
     1
102
RTVSPost2010Prop44ColorIndex
 90
        5
102
RTVSPost2010Prop44ColorRGB
 90
      255
102
RTVSPost2010PropOp44
 70
     1
102
RTVSPost2010Prop45
280
     0
102
RTVSPost2010PropOp45
 70
     1
102
RTVSPost2010Prop46
 90
       50
102
RTVSPost2010PropOp46
 70
     1
102
RTVSPost2010Prop47
 90
       50
102
RTVSPost2010PropOp47
 70
     1
102
RTVSPost2010Prop48
 90
       50
102
RTVSPost2010PropOp48
 70
     1
102
RTVSPost2010Prop49
280
     0
102
RTVSPost2010PropOp49
 70
     1
102
RTVSPost2010Prop50
 90
       50
102
RTVSPost2010PropOp50
 70
     1
102
RTVSPost2010Prop51ColorIndex
 90
      256
102
RTVSPost2010Prop51ColorRGB
 90
-16777216
102
RTVSPost2010PropOp51
 70
     0
102
RTVSPost2010Prop52
140
1.0
102
RTVSPost2010PropOp52
 70
     0
102
RTVSPost2010Prop53
 90
        2
102
RTVSPost2010PropOp53
 70
     1
102
RTVSPost2010Prop54
  1
strokes_ogs.tif
102
RTVSPost2010PropOp54
 70
     1
102
RTVSPost2010Prop55
280
     0
102
RTVSPost2010PropOp55
 70
     1
102
RTVSPost2010Prop56
140
1.0
102
RTVSPost2010PropOp56
 70
     1
102
RTVSPost2010Prop57
140
1.0
102
RTVSPost2010PropOp57
 70
     1
  0
XRECORD
  5
271
102
{ACAD_REACTORS
330
270
102
}
330
270
100
AcDbXrecord
280
     1
102
RTVSPropertyOp0
 70
     1
102
RTVSPropertyOp1
 70
     1
102
RTVSPropertyOp2
 70
     1
102
RTVSPropertyOp3
 70
     1
102
RTVSPropertyOp4
 70
     1
102
RTVSPropertyOp5
 70
     1
102
RTVSPropertyOp6
 70
     1
102
RTVSPropertyOp7
 70
     1
102
RTVSPropertyOp8
 70
     1
102
RTVSPropertyOp9
 70
     1
102
RTVSPropertyOp10
 70
     1
102
RTVSPropertyOp11
 70
     1
102
RTVSPropertyOp12
 70
     1
102
RTVSPropertyOp13
 70
     1
102
RTVSPropertyOp14
 70
     1
102
RTVSPropertyOp15
 70
     1
102
RTVSPropertyOp16
 70
     1
102
RTVSPropertyOp17
 70
     1
102
RTVSPropertyOp18
 70
     1
102
RTVSPropertyOp19
 70
     1
102
RTVSPropertyOp20
 70
     1
102
RTVSPropertyOp21
 70
     1
102
RTVSPropertyOp22
 70
     1
102
RTVSPropertyOp23
 70
     1
102
RTVSPropertyOp24
 70
     1
102
RTVSPropertyOp25
 70
     1
102
RTVSPropertyOp26
 70
     1
102
RTVSPropertyOp27
 70
     1
102
RTVSPropertyOp28
 70
     1
102
RTVSPropertyOp29
 70
     1
102
RTVSPropertyOp30
 70
     1
102
RTVSPropertyOp31
 70
     1
102
RTVSPropertyOp32
 70
     1
102
RTVSPropertyOp33
 70
     1
102
RTVSPropertyOp34
 70
     1
102
RTVSPropertyOp35
 70
     1
102
RTVSPropertyOp36
 70
     1
102
RTVSPropertyOp37
 70
     1
102
RTVSPropertyOp38
 70
     1
102
RTVSPropertyOp39
 70
     1
102
RTVSPropertyOp40
 70
     1
102
RTVSPropertyOp41
 70
     1
102
RTVSPropertyOp42
 70
     1
102
RTVSPropertyOp43
 70
     1
102
RTVSPropertyOp44
 70
     1
102
RTVSPropertyOp45
 70
     1
102
RTVSPropertyOp46
 70
     1
102
RTVSPropertyOp47
 70
     1
102
RTVSPropertyOp48
 70
     1
102
RTVSPropertyOp49
 70
     1
102
RTVSPropertyOp50
 70
     1
102
RTVSPropertyOp51
 70
     0
102
RTVSPropertyOp52
 70
     0
102
RTVSPropertyOp53
 70
     1
102
RTVSPropertyOp54
 70
     1
102
RTVSPropertyOp55
 70
     1
102
RTVSPropertyOp56
 70
     1
102
RTVSPropertyOp57
 70
     1
102
RTVSPost2010Prop28
280
     0
102
RTVSPost2010PropOp28
 70
     1
102
RTVSPost2010Prop29
280
     1
102
RTVSPost2010PropOp29
 70
     1
102
RTVSPost2010Prop30
280
     1
102
RTVSPost2010PropOp30
 70
     1
102
RTVSPost2010Prop31
280
     0
102
RTVSPost2010PropOp31
 70
     1
102
RTVSPost2010Prop32
280
     0
102
RTVSPost2010PropOp32
 70
     1
102
RTVSPost2010Prop33
280
     0
102
RTVSPost2010PropOp33
 70
     1
102
RTVSPost2010Prop34
280
     0
102
RTVSPost2010PropOp34
 70
     1
102
RTVSPost2010Prop35
280
     0
102
RTVSPost2010PropOp35
 70
     1
102
RTVSPost2010Prop36
280
     0
102
RTVSPost2010PropOp36
 70
     1
102
RTVSPost2010Prop37
 90
       50
102
RTVSPost2010PropOp37
 70
     1
102
RTVSPost2010Prop38
140
0.0
102
RTVSPost2010PropOp38
 70
     1
102
RTVSPost2010Prop39
140
1.0
102
RTVSPost2010PropOp39
 70
     1
102
RTVSPost2010Prop40
 90
        0
102
RTVSPost2010PropOp40
 70
     1
102
RTVSPost2010Prop41ColorIndex
 90
       18
102
RTVSPost2010Prop41ColorRGB
 90
        0
102
RTVSPost2010PropOp41
 70
     1
102
RTVSPost2010Prop42
 90
       50
102
RTVSPost2010PropOp42
 70
     1
102
RTVSPost2010Prop43
 90
        3
102
RTVSPost2010PropOp43
 70
     1
102
RTVSPost2010Prop44ColorIndex
 90
        5
102
RTVSPost2010Prop44ColorRGB
 90
      255
102
RTVSPost2010PropOp44
 70
     1
102
RTVSPost2010Prop45
280
     0
102
RTVSPost2010PropOp45
 70
     1
102
RTVSPost2010Prop46
 90
       50
102
RTVSPost2010PropOp46
 70
     1
102
RTVSPost2010Prop47
 90
       50
102
RTVSPost2010PropOp47
 70
     1
102
RTVSPost2010Prop48
 90
       50
102
RTVSPost2010PropOp48
 70
     1
102
RTVSPost2010Prop49
280
     0
102
RTVSPost2010PropOp49
 70
     1
102
RTVSPost2010Prop50
 90
       50
102
RTVSPost2010PropOp50
 70
     1
102
RTVSPost2010Prop51ColorIndex
 90
      256
102
RTVSPost2010Prop51ColorRGB
 90
-16777216
102
RTVSPost2010PropOp51
 70
     0
102
RTVSPost2010Prop52
140
1.0
102
RTVSPost2010PropOp52
 70
     0
102
RTVSPost2010Prop53
 90
        2
102
RTVSPost2010PropOp53
 70
     1
102
RTVSPost2010Prop54
  1
strokes_ogs.tif
102
RTVSPost2010PropOp54
 70
     1
102
RTVSPost2010Prop55
280
     0
102
RTVSPost2010PropOp55
 70
     1
102
RTVSPost2010Prop56
140
1.0
102
RTVSPost2010PropOp56
 70
     1
102
RTVSPost2010Prop57
140
1.0
102
RTVSPost2010PropOp57
 70
     1
  0
XRECORD
  5
279
102
{ACAD_REACTORS
330
278
102
}
330
278
100
AcDbXrecord
280
     1
102
RTVSPropertyOp0
 70
     1
102
RTVSPropertyOp1
 70
     1
102
RTVSPropertyOp2
 70
     1
102
RTVSPropertyOp3
 70
     1
102
RTVSPropertyOp4
 70
     1
102
RTVSPropertyOp5
 70
     1
102
RTVSPropertyOp6
 70
     1
102
RTVSPropertyOp7
 70
     1
102
RTVSPropertyOp8
 70
     1
102
RTVSPropertyOp9
 70
     1
102
RTVSPropertyOp10
 70
     1
102
RTVSPropertyOp11
 70
     1
102
RTVSPropertyOp12
 70
     1
102
RTVSPropertyOp13
 70
     1
102
RTVSPropertyOp14
 70
     1
102
RTVSPropertyOp15
 70
     1
102
RTVSPropertyOp16
 70
     1
102
RTVSPropertyOp17
 70
     1
102
RTVSPropertyOp18
 70
     1
102
RTVSPropertyOp19
 70
     1
102
RTVSPropertyOp20
 70
     1
102
RTVSPropertyOp21
 70
     1
102
RTVSPropertyOp22
 70
     1
102
RTVSPropertyOp23
 70
     1
102
RTVSPropertyOp24
 70
     1
102
RTVSPropertyOp25
 70
     1
102
RTVSPropertyOp26
 70
     1
102
RTVSPropertyOp27
 70
     1
102
RTVSPropertyOp28
 70
     1
102
RTVSPropertyOp29
 70
     1
102
RTVSPropertyOp30
 70
     1
102
RTVSPropertyOp31
 70
     1
102
RTVSPropertyOp32
 70
     1
102
RTVSPropertyOp33
 70
     1
102
RTVSPropertyOp34
 70
     1
102
RTVSPropertyOp35
 70
     1
102
RTVSPropertyOp36
 70
     1
102
RTVSPropertyOp37
 70
     1
102
RTVSPropertyOp38
 70
     1
102
RTVSPropertyOp39
 70
     1
102
RTVSPropertyOp40
 70
     1
102
RTVSPropertyOp41
 70
     1
102
RTVSPropertyOp42
 70
     1
102
RTVSPropertyOp43
 70
     1
102
RTVSPropertyOp44
 70
     1
102
RTVSPropertyOp45
 70
     1
102
RTVSPropertyOp46
 70
     1
102
RTVSPropertyOp47
 70
     1
102
RTVSPropertyOp48
 70
     1
102
RTVSPropertyOp49
 70
     1
102
RTVSPropertyOp50
 70
     1
102
RTVSPropertyOp51
 70
     0
102
RTVSPropertyOp52
 70
     0
102
RTVSPropertyOp53
 70
     1
102
RTVSPropertyOp54
 70
     1
102
RTVSPropertyOp55
 70
     1
102
RTVSPropertyOp56
 70
     1
102
RTVSPropertyOp57
 70
     1
102
RTVSPost2010Prop28
280
     0
102
RTVSPost2010PropOp28
 70
     1
102
RTVSPost2010Prop29
280
     1
102
RTVSPost2010PropOp29
 70
     1
102
RTVSPost2010Prop30
280
     1
102
RTVSPost2010PropOp30
 70
     1
102
RTVSPost2010Prop31
280
     0
102
RTVSPost2010PropOp31
 70
     1
102
RTVSPost2010Prop32
280
     0
102
RTVSPost2010PropOp32
 70
     1
102
RTVSPost2010Prop33
280
     0
102
RTVSPost2010PropOp33
 70
     1
102
RTVSPost2010Prop34
280
     0
102
RTVSPost2010PropOp34
 70
     1
102
RTVSPost2010Prop35
280
     0
102
RTVSPost2010PropOp35
 70
     1
102
RTVSPost2010Prop36
280
     0
102
RTVSPost2010PropOp36
 70
     1
102
RTVSPost2010Prop37
 90
       50
102
RTVSPost2010PropOp37
 70
     1
102
RTVSPost2010Prop38
140
0.0
102
RTVSPost2010PropOp38
 70
     1
102
RTVSPost2010Prop39
140
1.0
102
RTVSPost2010PropOp39
 70
     1
102
RTVSPost2010Prop40
 90
        0
102
RTVSPost2010PropOp40
 70
     1
102
RTVSPost2010Prop41ColorIndex
 90
       18
102
RTVSPost2010Prop41ColorRGB
 90
        0
102
RTVSPost2010PropOp41
 70
     1
102
RTVSPost2010Prop42
 90
       50
102
RTVSPost2010PropOp42
 70
     1
102
RTVSPost2010Prop43
 90
        3
102
RTVSPost2010PropOp43
 70
     1
102
RTVSPost2010Prop44ColorIndex
 90
        5
102
RTVSPost2010Prop44ColorRGB
 90
      255
102
RTVSPost2010PropOp44
 70
     1
102
RTVSPost2010Prop45
280
     0
102
RTVSPost2010PropOp45
 70
     1
102
RTVSPost2010Prop46
 90
       50
102
RTVSPost2010PropOp46
 70
     1
102
RTVSPost2010Prop47
 90
       50
102
RTVSPost2010PropOp47
 70
     1
102
RTVSPost2010Prop48
 90
       50
102
RTVSPost2010PropOp48
 70
     1
102
RTVSPost2010Prop49
280
     0
102
RTVSPost2010PropOp49
 70
     1
102
RTVSPost2010Prop50
 90
       50
102
RTVSPost2010PropOp50
 70
     1
102
RTVSPost2010Prop51ColorIndex
 90
      256
102
RTVSPost2010Prop51ColorRGB
 90
-16777216
102
RTVSPost2010PropOp51
 70
     0
102
RTVSPost2010Prop52
140
1.0
102
RTVSPost2010PropOp52
 70
     0
102
RTVSPost2010Prop53
 90
        2
102
RTVSPost2010PropOp53
 70
     1
102
RTVSPost2010Prop54
  1
strokes_ogs.tif
102
RTVSPost2010PropOp54
 70
     1
102
RTVSPost2010Prop55
280
     0
102
RTVSPost2010PropOp55
 70
     1
102
RTVSPost2010Prop56
140
1.0
102
RTVSPost2010PropOp56
 70
     1
102
RTVSPost2010Prop57
140
1.0
102
RTVSPost2010PropOp57
 70
     1
  0
XRECORD
  5
26D
102
{ACAD_REACTORS
330
26C
102
}
330
26C
100
AcDbXrecord
280
     1
102
RTVSPropertyOp0
 70
     1
102
RTVSPropertyOp1
 70
     1
102
RTVSPropertyOp2
 70
     1
102
RTVSPropertyOp3
 70
     1
102
RTVSPropertyOp4
 70
     1
102
RTVSPropertyOp5
 70
     1
102
RTVSPropertyOp6
 70
     1
102
RTVSPropertyOp7
 70
     1
102
RTVSPropertyOp8
 70
     1
102
RTVSPropertyOp9
 70
     1
102
RTVSPropertyOp10
 70
     1
102
RTVSPropertyOp11
 70
     1
102
RTVSPropertyOp12
 70
     1
102
RTVSPropertyOp13
 70
     1
102
RTVSPropertyOp14
 70
     1
102
RTVSPropertyOp15
 70
     1
102
RTVSPropertyOp16
 70
     1
102
RTVSPropertyOp17
 70
     1
102
RTVSPropertyOp18
 70
     1
102
RTVSPropertyOp19
 70
     1
102
RTVSPropertyOp20
 70
     1
102
RTVSPropertyOp21
 70
     1
102
RTVSPropertyOp22
 70
     1
102
RTVSPropertyOp23
 70
     1
102
RTVSPropertyOp24
 70
     1
102
RTVSPropertyOp25
 70
     1
102
RTVSPropertyOp26
 70
     1
102
RTVSPropertyOp27
 70
     1
102
RTVSPropertyOp28
 70
     1
102
RTVSPropertyOp29
 70
     1
102
RTVSPropertyOp30
 70
     1
102
RTVSPropertyOp31
 70
     1
102
RTVSPropertyOp32
 70
     1
102
RTVSPropertyOp33
 70
     1
102
RTVSPropertyOp34
 70
     1
102
RTVSPropertyOp35
 70
     1
102
RTVSPropertyOp36
 70
     1
102
RTVSPropertyOp37
 70
     1
102
RTVSPropertyOp38
 70
     1
102
RTVSPropertyOp39
 70
     1
102
RTVSPropertyOp40
 70
     1
102
RTVSPropertyOp41
 70
     1
102
RTVSPropertyOp42
 70
     1
102
RTVSPropertyOp43
 70
     1
102
RTVSPropertyOp44
 70
     1
102
RTVSPropertyOp45
 70
     1
102
RTVSPropertyOp46
 70
     1
102
RTVSPropertyOp47
 70
     1
102
RTVSPropertyOp48
 70
     1
102
RTVSPropertyOp49
 70
     1
102
RTVSPropertyOp50
 70
     1
102
RTVSPropertyOp51
 70
     0
102
RTVSPropertyOp52
 70
     0
102
RTVSPropertyOp53
 70
     1
102
RTVSPropertyOp54
 70
     1
102
RTVSPropertyOp55
 70
     1
102
RTVSPropertyOp56
 70
     1
102
RTVSPropertyOp57
 70
     1
102
RTVSPost2010Prop28
280
     0
102
RTVSPost2010PropOp28
 70
     1
102
RTVSPost2010Prop29
280
     1
102
RTVSPost2010PropOp29
 70
     1
102
RTVSPost2010Prop30
280
     1
102
RTVSPost2010PropOp30
 70
     1
102
RTVSPost2010Prop31
280
     0
102
RTVSPost2010PropOp31
 70
     1
102
RTVSPost2010Prop32
280
     0
102
RTVSPost2010PropOp32
 70
     1
102
RTVSPost2010Prop33
280
     0
102
RTVSPost2010PropOp33
 70
     1
102
RTVSPost2010Prop34
280
     0
102
RTVSPost2010PropOp34
 70
     1
102
RTVSPost2010Prop35
280
     0
102
RTVSPost2010PropOp35
 70
     1
102
RTVSPost2010Prop36
280
     0
102
RTVSPost2010PropOp36
 70
     1
102
RTVSPost2010Prop37
 90
       50
102
RTVSPost2010PropOp37
 70
     1
102
RTVSPost2010Prop38
140
0.0
102
RTVSPost2010PropOp38
 70
     1
102
RTVSPost2010Prop39
140
1.0
102
RTVSPost2010PropOp39
 70
     1
102
RTVSPost2010Prop40
 90
        0
102
RTVSPost2010PropOp40
 70
     1
102
RTVSPost2010Prop41ColorIndex
 90
       18
102
RTVSPost2010Prop41ColorRGB
 90
        0
102
RTVSPost2010PropOp41
 70
     1
102
RTVSPost2010Prop42
 90
       50
102
RTVSPost2010PropOp42
 70
     1
102
RTVSPost2010Prop43
 90
        3
102
RTVSPost2010PropOp43
 70
     1
102
RTVSPost2010Prop44ColorIndex
 90
        5
102
RTVSPost2010Prop44ColorRGB
 90
      255
102
RTVSPost2010PropOp44
 70
     1
102
RTVSPost2010Prop45
280
     0
102
RTVSPost2010PropOp45
 70
     1
102
RTVSPost2010Prop46
 90
       50
102
RTVSPost2010PropOp46
 70
     1
102
RTVSPost2010Prop47
 90
       50
102
RTVSPost2010PropOp47
 70
     1
102
RTVSPost2010Prop48
 90
       50
102
RTVSPost2010PropOp48
 70
     1
102
RTVSPost2010Prop49
280
     0
102
RTVSPost2010PropOp49
 70
     1
102
RTVSPost2010Prop50
 90
       50
102
RTVSPost2010PropOp50
 70
     1
102
RTVSPost2010Prop51ColorIndex
 90
      256
102
RTVSPost2010Prop51ColorRGB
 90
-16777216
102
RTVSPost2010PropOp51
 70
     0
102
RTVSPost2010Prop52
140
1.0
102
RTVSPost2010PropOp52
 70
     0
102
RTVSPost2010Prop53
 90
        2
102
RTVSPost2010PropOp53
 70
     1
102
RTVSPost2010Prop54
  1
strokes_ogs.tif
102
RTVSPost2010PropOp54
 70
     1
102
RTVSPost2010Prop55
280
     0
102
RTVSPost2010PropOp55
 70
     1
102
RTVSPost2010Prop56
140
1.0
102
RTVSPost2010PropOp56
 70
     1
102
RTVSPost2010Prop57
140
1.0
102
RTVSPost2010PropOp57
 70
     1
  0
XRECORD
  5
26F
102
{ACAD_REACTORS
330
26E
102
}
330
26E
100
AcDbXrecord
280
     1
102
RTVSPropertyOp0
 70
     1
102
RTVSPropertyOp1
 70
     1
102
RTVSPropertyOp2
 70
     1
102
RTVSPropertyOp3
 70
     1
102
RTVSPropertyOp4
 70
     1
102
RTVSPropertyOp5
 70
     1
102
RTVSPropertyOp6
 70
     1
102
RTVSPropertyOp7
 70
     1
102
RTVSPropertyOp8
 70
     1
102
RTVSPropertyOp9
 70
     1
102
RTVSPropertyOp10
 70
     1
102
RTVSPropertyOp11
 70
     1
102
RTVSPropertyOp12
 70
     1
102
RTVSPropertyOp13
 70
     1
102
RTVSPropertyOp14
 70
     1
102
RTVSPropertyOp15
 70
     1
102
RTVSPropertyOp16
 70
     1
102
RTVSPropertyOp17
 70
     1
102
RTVSPropertyOp18
 70
     1
102
RTVSPropertyOp19
 70
     1
102
RTVSPropertyOp20
 70
     1
102
RTVSPropertyOp21
 70
     1
102
RTVSPropertyOp22
 70
     1
102
RTVSPropertyOp23
 70
     1
102
RTVSPropertyOp24
 70
     1
102
RTVSPropertyOp25
 70
     1
102
RTVSPropertyOp26
 70
     1
102
RTVSPropertyOp27
 70
     1
102
RTVSPropertyOp28
 70
     1
102
RTVSPropertyOp29
 70
     1
102
RTVSPropertyOp30
 70
     1
102
RTVSPropertyOp31
 70
     1
102
RTVSPropertyOp32
 70
     1
102
RTVSPropertyOp33
 70
     1
102
RTVSPropertyOp34
 70
     1
102
RTVSPropertyOp35
 70
     1
102
RTVSPropertyOp36
 70
     1
102
RTVSPropertyOp37
 70
     1
102
RTVSPropertyOp38
 70
     1
102
RTVSPropertyOp39
 70
     1
102
RTVSPropertyOp40
 70
     1
102
RTVSPropertyOp41
 70
     1
102
RTVSPropertyOp42
 70
     1
102
RTVSPropertyOp43
 70
     1
102
RTVSPropertyOp44
 70
     1
102
RTVSPropertyOp45
 70
     1
102
RTVSPropertyOp46
 70
     1
102
RTVSPropertyOp47
 70
     1
102
RTVSPropertyOp48
 70
     1
102
RTVSPropertyOp49
 70
     1
102
RTVSPropertyOp50
 70
     1
102
RTVSPropertyOp51
 70
     0
102
RTVSPropertyOp52
 70
     0
102
RTVSPropertyOp53
 70
     1
102
RTVSPropertyOp54
 70
     1
102
RTVSPropertyOp55
 70
     1
102
RTVSPropertyOp56
 70
     1
102
RTVSPropertyOp57
 70
     1
102
RTVSPost2010Prop28
280
     0
102
RTVSPost2010PropOp28
 70
     1
102
RTVSPost2010Prop29
280
     1
102
RTVSPost2010PropOp29
 70
     1
102
RTVSPost2010Prop30
280
     1
102
RTVSPost2010PropOp30
 70
     1
102
RTVSPost2010Prop31
280
     0
102
RTVSPost2010PropOp31
 70
     1
102
RTVSPost2010Prop32
280
     0
102
RTVSPost2010PropOp32
 70
     1
102
RTVSPost2010Prop33
280
     0
102
RTVSPost2010PropOp33
 70
     1
102
RTVSPost2010Prop34
280
     0
102
RTVSPost2010PropOp34
 70
     1
102
RTVSPost2010Prop35
280
     0
102
RTVSPost2010PropOp35
 70
     1
102
RTVSPost2010Prop36
280
     0
102
RTVSPost2010PropOp36
 70
     1
102
RTVSPost2010Prop37
 90
       50
102
RTVSPost2010PropOp37
 70
     1
102
RTVSPost2010Prop38
140
0.0
102
RTVSPost2010PropOp38
 70
     1
102
RTVSPost2010Prop39
140
1.0
102
RTVSPost2010PropOp39
 70
     1
102
RTVSPost2010Prop40
 90
        0
102
RTVSPost2010PropOp40
 70
     1
102
RTVSPost2010Prop41ColorIndex
 90
       18
102
RTVSPost2010Prop41ColorRGB
 90
        0
102
RTVSPost2010PropOp41
 70
     1
102
RTVSPost2010Prop42
 90
       50
102
RTVSPost2010PropOp42
 70
     1
102
RTVSPost2010Prop43
 90
        3
102
RTVSPost2010PropOp43
 70
     1
102
RTVSPost2010Prop44ColorIndex
 90
        5
102
RTVSPost2010Prop44ColorRGB
 90
      255
102
RTVSPost2010PropOp44
 70
     1
102
RTVSPost2010Prop45
280
     0
102
RTVSPost2010PropOp45
 70
     1
102
RTVSPost2010Prop46
 90
       50
102
RTVSPost2010PropOp46
 70
     1
102
RTVSPost2010Prop47
 90
       50
102
RTVSPost2010PropOp47
 70
     1
102
RTVSPost2010Prop48
 90
       50
102
RTVSPost2010PropOp48
 70
     1
102
RTVSPost2010Prop49
280
     0
102
RTVSPost2010PropOp49
 70
     1
102
RTVSPost2010Prop50
 90
       50
102
RTVSPost2010PropOp50
 70
     1
102
RTVSPost2010Prop51ColorIndex
 90
      256
102
RTVSPost2010Prop51ColorRGB
 90
-16777216
102
RTVSPost2010PropOp51
 70
     0
102
RTVSPost2010Prop52
140
1.0
102
RTVSPost2010PropOp52
 70
     0
102
RTVSPost2010Prop53
 90
        2
102
RTVSPost2010PropOp53
 70
     1
102
RTVSPost2010Prop54
  1
strokes_ogs.tif
102
RTVSPost2010PropOp54
 70
     1
102
RTVSPost2010Prop55
280
     0
102
RTVSPost2010PropOp55
 70
     1
102
RTVSPost2010Prop56
140
1.0
102
RTVSPost2010PropOp56
 70
     1
102
RTVSPost2010Prop57
140
1.0
102
RTVSPost2010PropOp57
 70
     1
  0
XRECORD
  5
27F
102
{ACAD_REACTORS
330
27E
102
}
330
27E
100
AcDbXrecord
280
     1
102
RTVSPropertyOp0
 70
     0
102
RTVSPropertyOp1
 70
     0
102
RTVSPropertyOp2
 70
     0
102
RTVSPropertyOp3
 70
     0
102
RTVSPropertyOp4
 70
     0
102
RTVSPropertyOp5
 70
     0
102
RTVSPropertyOp6
 70
     0
102
RTVSPropertyOp7
 70
     0
102
RTVSPropertyOp8
 70
     0
102
RTVSPropertyOp9
 70
     0
102
RTVSPropertyOp10
 70
     0
102
RTVSPropertyOp11
 70
     0
102
RTVSPropertyOp12
 70
     0
102
RTVSPropertyOp13
 70
     0
102
RTVSPropertyOp14
 70
     2
102
RTVSPropertyOp15
 70
     0
102
RTVSPropertyOp16
 70
     0
102
RTVSPropertyOp17
 70
     0
102
RTVSPropertyOp18
 70
     0
102
RTVSPropertyOp19
 70
     0
102
RTVSPropertyOp20
 70
     0
102
RTVSPropertyOp21
 70
     0
102
RTVSPropertyOp22
 70
     0
102
RTVSPropertyOp23
 70
     0
102
RTVSPropertyOp24
 70
     0
102
RTVSPropertyOp25
 70
     0
102
RTVSPropertyOp26
 70
     0
102
RTVSPropertyOp27
 70
     0
102
RTVSPropertyOp28
 70
     0
102
RTVSPropertyOp29
 70
     0
102
RTVSPropertyOp30
 70
     0
102
RTVSPropertyOp31
 70
     0
102
RTVSPropertyOp32
 70
     0
102
RTVSPropertyOp33
 70
     0
102
RTVSPropertyOp34
 70
     0
102
RTVSPropertyOp35
 70
     0
102
RTVSPropertyOp36
 70
     0
102
RTVSPropertyOp37
 70
     0
102
RTVSPropertyOp38
 70
     0
102
RTVSPropertyOp39
 70
     0
102
RTVSPropertyOp40
 70
     0
102
RTVSPropertyOp41
 70
     0
102
RTVSPropertyOp42
 70
     0
102
RTVSPropertyOp43
 70
     0
102
RTVSPropertyOp44
 70
     0
102
RTVSPropertyOp45
 70
     0
102
RTVSPropertyOp46
 70
     0
102
RTVSPropertyOp47
 70
     0
102
RTVSPropertyOp48
 70
     0
102
RTVSPropertyOp49
 70
     0
102
RTVSPropertyOp50
 70
     0
102
RTVSPropertyOp51
 70
     0
102
RTVSPropertyOp52
 70
     0
102
RTVSPropertyOp53
 70
     0
102
RTVSPropertyOp54
 70
     0
102
RTVSPropertyOp55
 70
     0
102
RTVSPropertyOp56
 70
     0
102
RTVSPropertyOp57
 70
     0
102
RTVSPost2010Prop28
280
     0
102
RTVSPost2010PropOp28
 70
     0
102
RTVSPost2010Prop29
280
     1
102
RTVSPost2010PropOp29
 70
     0
102
RTVSPost2010Prop30
280
     1
102
RTVSPost2010PropOp30
 70
     0
102
RTVSPost2010Prop31
280
     0
102
RTVSPost2010PropOp31
 70
     0
102
RTVSPost2010Prop32
280
     0
102
RTVSPost2010PropOp32
 70
     0
102
RTVSPost2010Prop33
280
     0
102
RTVSPost2010PropOp33
 70
     0
102
RTVSPost2010Prop34
280
     0
102
RTVSPost2010PropOp34
 70
     0
102
RTVSPost2010Prop35
280
     0
102
RTVSPost2010PropOp35
 70
     0
102
RTVSPost2010Prop36
280
     0
102
RTVSPost2010PropOp36
 70
     0
102
RTVSPost2010Prop37
 90
       50
102
RTVSPost2010PropOp37
 70
     0
102
RTVSPost2010Prop38
140
0.0
102
RTVSPost2010PropOp38
 70
     0
102
RTVSPost2010Prop39
140
1.0
102
RTVSPost2010PropOp39
 70
     0
102
RTVSPost2010Prop40
 90
        0
102
RTVSPost2010PropOp40
 70
     0
102
RTVSPost2010Prop41ColorIndex
 90
       18
102
RTVSPost2010Prop41ColorRGB
 90
        0
102
RTVSPost2010PropOp41
 70
     0
102
RTVSPost2010Prop42
 90
       50
102
RTVSPost2010PropOp42
 70
     0
102
RTVSPost2010Prop43
 90
        3
102
RTVSPost2010PropOp43
 70
     0
102
RTVSPost2010Prop44ColorIndex
 90
        5
102
RTVSPost2010Prop44ColorRGB
 90
      255
102
RTVSPost2010PropOp44
 70
     0
102
RTVSPost2010Prop45
280
     0
102
RTVSPost2010PropOp45
 70
     0
102
RTVSPost2010Prop46
 90
       50
102
RTVSPost2010PropOp46
 70
     0
102
RTVSPost2010Prop47
 90
       50
102
RTVSPost2010PropOp47
 70
     0
102
RTVSPost2010Prop48
 90
       50
102
RTVSPost2010PropOp48
 70
     0
102
RTVSPost2010Prop49
280
     0
102
RTVSPost2010PropOp49
 70
     0
102
RTVSPost2010Prop50
 90
       50
102
RTVSPost2010PropOp50
 70
     0
102
RTVSPost2010Prop51ColorIndex
 90
      256
102
RTVSPost2010Prop51ColorRGB
 90
-16777216
102
RTVSPost2010PropOp51
 70
     0
102
RTVSPost2010Prop52
140
1.0
102
RTVSPost2010PropOp52
 70
     0
102
RTVSPost2010Prop53
 90
        2
102
RTVSPost2010PropOp53
 70
     0
102
RTVSPost2010Prop54
  1
strokes_ogs.tif
102
RTVSPost2010PropOp54
 70
     0
102
RTVSPost2010Prop55
280
     0
102
RTVSPost2010PropOp55
 70
     0
102
RTVSPost2010Prop56
140
1.0
102
RTVSPost2010PropOp56
 70
     0
102
RTVSPost2010Prop57
140
1.0
102
RTVSPost2010PropOp57
 70
     0
  0
XRECORD
  5
277
102
{ACAD_REACTORS
330
276
102
}
330
276
100
AcDbXrecord
280
     1
102
RTVSPropertyOp0
 70
     1
102
RTVSPropertyOp1
 70
     1
102
RTVSPropertyOp2
 70
     1
102
RTVSPropertyOp3
 70
     1
102
RTVSPropertyOp4
 70
     1
102
RTVSPropertyOp5
 70
     1
102
RTVSPropertyOp6
 70
     1
102
RTVSPropertyOp7
 70
     1
102
RTVSPropertyOp8
 70
     1
102
RTVSPropertyOp9
 70
     1
102
RTVSPropertyOp10
 70
     1
102
RTVSPropertyOp11
 70
     1
102
RTVSPropertyOp12
 70
     1
102
RTVSPropertyOp13
 70
     1
102
RTVSPropertyOp14
 70
     1
102
RTVSPropertyOp15
 70
     1
102
RTVSPropertyOp16
 70
     1
102
RTVSPropertyOp17
 70
     1
102
RTVSPropertyOp18
 70
     1
102
RTVSPropertyOp19
 70
     1
102
RTVSPropertyOp20
 70
     1
102
RTVSPropertyOp21
 70
     1
102
RTVSPropertyOp22
 70
     1
102
RTVSPropertyOp23
 70
     1
102
RTVSPropertyOp24
 70
     1
102
RTVSPropertyOp25
 70
     1
102
RTVSPropertyOp26
 70
     1
102
RTVSPropertyOp27
 70
     1
102
RTVSPropertyOp28
 70
     1
102
RTVSPropertyOp29
 70
     1
102
RTVSPropertyOp30
 70
     1
102
RTVSPropertyOp31
 70
     1
102
RTVSPropertyOp32
 70
     1
102
RTVSPropertyOp33
 70
     1
102
RTVSPropertyOp34
 70
     1
102
RTVSPropertyOp35
 70
     1
102
RTVSPropertyOp36
 70
     1
102
RTVSPropertyOp37
 70
     1
102
RTVSPropertyOp38
 70
     1
102
RTVSPropertyOp39
 70
     1
102
RTVSPropertyOp40
 70
     1
102
RTVSPropertyOp41
 70
     1
102
RTVSPropertyOp42
 70
     1
102
RTVSPropertyOp43
 70
     1
102
RTVSPropertyOp44
 70
     1
102
RTVSPropertyOp45
 70
     1
102
RTVSPropertyOp46
 70
     1
102
RTVSPropertyOp47
 70
     1
102
RTVSPropertyOp48
 70
     1
102
RTVSPropertyOp49
 70
     1
102
RTVSPropertyOp50
 70
     1
102
RTVSPropertyOp51
 70
     0
102
RTVSPropertyOp52
 70
     0
102
RTVSPropertyOp53
 70
     1
102
RTVSPropertyOp54
 70
     1
102
RTVSPropertyOp55
 70
     1
102
RTVSPropertyOp56
 70
     1
102
RTVSPropertyOp57
 70
     1
102
RTVSPost2010Prop28
280
     0
102
RTVSPost2010PropOp28
 70
     1
102
RTVSPost2010Prop29
280
     1
102
RTVSPost2010PropOp29
 70
     1
102
RTVSPost2010Prop30
280
     1
102
RTVSPost2010PropOp30
 70
     1
102
RTVSPost2010Prop31
280
     0
102
RTVSPost2010PropOp31
 70
     1
102
RTVSPost2010Prop32
280
     0
102
RTVSPost2010PropOp32
 70
     1
102
RTVSPost2010Prop33
280
     0
102
RTVSPost2010PropOp33
 70
     1
102
RTVSPost2010Prop34
280
     0
102
RTVSPost2010PropOp34
 70
     1
102
RTVSPost2010Prop35
280
     0
102
RTVSPost2010PropOp35
 70
     1
102
RTVSPost2010Prop36
280
     0
102
RTVSPost2010PropOp36
 70
     1
102
RTVSPost2010Prop37
 90
       50
102
RTVSPost2010PropOp37
 70
     1
102
RTVSPost2010Prop38
140
0.0
102
RTVSPost2010PropOp38
 70
     1
102
RTVSPost2010Prop39
140
1.0
102
RTVSPost2010PropOp39
 70
     1
102
RTVSPost2010Prop40
 90
        0
102
RTVSPost2010PropOp40
 70
     1
102
RTVSPost2010Prop41ColorIndex
 90
       18
102
RTVSPost2010Prop41ColorRGB
 90
        0
102
RTVSPost2010PropOp41
 70
     1
102
RTVSPost2010Prop42
 90
       50
102
RTVSPost2010PropOp42
 70
     1
102
RTVSPost2010Prop43
 90
        3
102
RTVSPost2010PropOp43
 70
     1
102
RTVSPost2010Prop44ColorIndex
 90
        5
102
RTVSPost2010Prop44ColorRGB
 90
      255
102
RTVSPost2010PropOp44
 70
     1
102
RTVSPost2010Prop45
280
     0
102
RTVSPost2010PropOp45
 70
     1
102
RTVSPost2010Prop46
 90
       50
102
RTVSPost2010PropOp46
 70
     1
102
RTVSPost2010Prop47
 90
       50
102
RTVSPost2010PropOp47
 70
     1
102
RTVSPost2010Prop48
 90
       50
102
RTVSPost2010PropOp48
 70
     1
102
RTVSPost2010Prop49
280
     0
102
RTVSPost2010PropOp49
 70
     1
102
RTVSPost2010Prop50
 90
       50
102
RTVSPost2010PropOp50
 70
     1
102
RTVSPost2010Prop51ColorIndex
 90
      256
102
RTVSPost2010Prop51ColorRGB
 90
-16777216
102
RTVSPost2010PropOp51
 70
     0
102
RTVSPost2010Prop52
140
1.0
102
RTVSPost2010PropOp52
 70
     0
102
RTVSPost2010Prop53
 90
        2
102
RTVSPost2010PropOp53
 70
     1
102
RTVSPost2010Prop54
  1
strokes_ogs.tif
102
RTVSPost2010PropOp54
 70
     1
102
RTVSPost2010Prop55
280
     0
102
RTVSPost2010PropOp55
 70
     1
102
RTVSPost2010Prop56
140
1.0
102
RTVSPost2010PropOp56
 70
     1
102
RTVSPost2010Prop57
140
1.0
102
RTVSPost2010PropOp57
 70
     1
  0
XRECORD
  5
25B
102
{ACAD_REACTORS
330
25A
102
}
330
25A
100
AcDbXrecord
280
     1
102
RTVSPropertyOp0
 70
     1
102
RTVSPropertyOp1
 70
     1
102
RTVSPropertyOp2
 70
     1
102
RTVSPropertyOp3
 70
     1
102
RTVSPropertyOp4
 70
     1
102
RTVSPropertyOp5
 70
     1
102
RTVSPropertyOp6
 70
     1
102
RTVSPropertyOp7
 70
     1
102
RTVSPropertyOp8
 70
     1
102
RTVSPropertyOp9
 70
     1
102
RTVSPropertyOp10
 70
     1
102
RTVSPropertyOp11
 70
     1
102
RTVSPropertyOp12
 70
     1
102
RTVSPropertyOp13
 70
     1
102
RTVSPropertyOp14
 70
     1
102
RTVSPropertyOp15
 70
     1
102
RTVSPropertyOp16
 70
     1
102
RTVSPropertyOp17
 70
     1
102
RTVSPropertyOp18
 70
     1
102
RTVSPropertyOp19
 70
     1
102
RTVSPropertyOp20
 70
     1
102
RTVSPropertyOp21
 70
     1
102
RTVSPropertyOp22
 70
     1
102
RTVSPropertyOp23
 70
     1
102
RTVSPropertyOp24
 70
     1
102
RTVSPropertyOp25
 70
     1
102
RTVSPropertyOp26
 70
     1
102
RTVSPropertyOp27
 70
     1
102
RTVSPropertyOp28
 70
     1
102
RTVSPropertyOp29
 70
     1
102
RTVSPropertyOp30
 70
     1
102
RTVSPropertyOp31
 70
     1
102
RTVSPropertyOp32
 70
     1
102
RTVSPropertyOp33
 70
     1
102
RTVSPropertyOp34
 70
     1
102
RTVSPropertyOp35
 70
     1
102
RTVSPropertyOp36
 70
     1
102
RTVSPropertyOp37
 70
     1
102
RTVSPropertyOp38
 70
     1
102
RTVSPropertyOp39
 70
     1
102
RTVSPropertyOp40
 70
     1
102
RTVSPropertyOp41
 70
     1
102
RTVSPropertyOp42
 70
     1
102
RTVSPropertyOp43
 70
     1
102
RTVSPropertyOp44
 70
     1
102
RTVSPropertyOp45
 70
     1
102
RTVSPropertyOp46
 70
     1
102
RTVSPropertyOp47
 70
     1
102
RTVSPropertyOp48
 70
     1
102
RTVSPropertyOp49
 70
     1
102
RTVSPropertyOp50
 70
     1
102
RTVSPropertyOp51
 70
     0
102
RTVSPropertyOp52
 70
     0
102
RTVSPropertyOp53
 70
     1
102
RTVSPropertyOp54
 70
     1
102
RTVSPropertyOp55
 70
     1
102
RTVSPropertyOp56
 70
     1
102
RTVSPropertyOp57
 70
     1
102
RTVSPost2010Prop28
280
     0
102
RTVSPost2010PropOp28
 70
     1
102
RTVSPost2010Prop29
280
     1
102
RTVSPost2010PropOp29
 70
     1
102
RTVSPost2010Prop30
280
     1
102
RTVSPost2010PropOp30
 70
     1
102
RTVSPost2010Prop31
280
     0
102
RTVSPost2010PropOp31
 70
     1
102
RTVSPost2010Prop32
280
     0
102
RTVSPost2010PropOp32
 70
     1
102
RTVSPost2010Prop33
280
     0
102
RTVSPost2010PropOp33
 70
     1
102
RTVSPost2010Prop34
280
     0
102
RTVSPost2010PropOp34
 70
     1
102
RTVSPost2010Prop35
280
     0
102
RTVSPost2010PropOp35
 70
     1
102
RTVSPost2010Prop36
280
     0
102
RTVSPost2010PropOp36
 70
     1
102
RTVSPost2010Prop37
 90
       50
102
RTVSPost2010PropOp37
 70
     1
102
RTVSPost2010Prop38
140
0.0
102
RTVSPost2010PropOp38
 70
     1
102
RTVSPost2010Prop39
140
1.0
102
RTVSPost2010PropOp39
 70
     1
102
RTVSPost2010Prop40
 90
        0
102
RTVSPost2010PropOp40
 70
     1
102
RTVSPost2010Prop41ColorIndex
 90
       18
102
RTVSPost2010Prop41ColorRGB
 90
        0
102
RTVSPost2010PropOp41
 70
     1
102
RTVSPost2010Prop42
 90
       50
102
RTVSPost2010PropOp42
 70
     1
102
RTVSPost2010Prop43
 90
        3
102
RTVSPost2010PropOp43
 70
     1
102
RTVSPost2010Prop44ColorIndex
 90
        5
102
RTVSPost2010Prop44ColorRGB
 90
      255
102
RTVSPost2010PropOp44
 70
     1
102
RTVSPost2010Prop45
280
     0
102
RTVSPost2010PropOp45
 70
     1
102
RTVSPost2010Prop46
 90
       50
102
RTVSPost2010PropOp46
 70
     1
102
RTVSPost2010Prop47
 90
       50
102
RTVSPost2010PropOp47
 70
     1
102
RTVSPost2010Prop48
 90
       50
102
RTVSPost2010PropOp48
 70
     1
102
RTVSPost2010Prop49
280
     0
102
RTVSPost2010PropOp49
 70
     1
102
RTVSPost2010Prop50
 90
       50
102
RTVSPost2010PropOp50
 70
     1
102
RTVSPost2010Prop51ColorIndex
 90
      256
102
RTVSPost2010Prop51ColorRGB
 90
-16777216
102
RTVSPost2010PropOp51
 70
     0
102
RTVSPost2010Prop52
140
1.0
102
RTVSPost2010PropOp52
 70
     0
102
RTVSPost2010Prop53
 90
        2
102
RTVSPost2010PropOp53
 70
     1
102
RTVSPost2010Prop54
  1
strokes_ogs.tif
102
RTVSPost2010PropOp54
 70
     1
102
RTVSPost2010Prop55
280
     0
102
RTVSPost2010PropOp55
 70
     1
102
RTVSPost2010Prop56
140
1.0
102
RTVSPost2010PropOp56
 70
     1
102
RTVSPost2010Prop57
140
1.0
102
RTVSPost2010PropOp57
 70
     1
  0
XRECORD
  5
25D
102
{ACAD_REACTORS
330
25C
102
}
330
25C
100
AcDbXrecord
280
     1
102
RTVSPropertyOp0
 70
     1
102
RTVSPropertyOp1
 70
     1
102
RTVSPropertyOp2
 70
     1
102
RTVSPropertyOp3
 70
     1
102
RTVSPropertyOp4
 70
     1
102
RTVSPropertyOp5
 70
     1
102
RTVSPropertyOp6
 70
     1
102
RTVSPropertyOp7
 70
     1
102
RTVSPropertyOp8
 70
     1
102
RTVSPropertyOp9
 70
     1
102
RTVSPropertyOp10
 70
     1
102
RTVSPropertyOp11
 70
     1
102
RTVSPropertyOp12
 70
     1
102
RTVSPropertyOp13
 70
     1
102
RTVSPropertyOp14
 70
     1
102
RTVSPropertyOp15
 70
     1
102
RTVSPropertyOp16
 70
     1
102
RTVSPropertyOp17
 70
     1
102
RTVSPropertyOp18
 70
     1
102
RTVSPropertyOp19
 70
     1
102
RTVSPropertyOp20
 70
     1
102
RTVSPropertyOp21
 70
     1
102
RTVSPropertyOp22
 70
     1
102
RTVSPropertyOp23
 70
     1
102
RTVSPropertyOp24
 70
     1
102
RTVSPropertyOp25
 70
     1
102
RTVSPropertyOp26
 70
     1
102
RTVSPropertyOp27
 70
     1
102
RTVSPropertyOp28
 70
     1
102
RTVSPropertyOp29
 70
     1
102
RTVSPropertyOp30
 70
     1
102
RTVSPropertyOp31
 70
     1
102
RTVSPropertyOp32
 70
     1
102
RTVSPropertyOp33
 70
     1
102
RTVSPropertyOp34
 70
     1
102
RTVSPropertyOp35
 70
     1
102
RTVSPropertyOp36
 70
     1
102
RTVSPropertyOp37
 70
     1
102
RTVSPropertyOp38
 70
     1
102
RTVSPropertyOp39
 70
     1
102
RTVSPropertyOp40
 70
     1
102
RTVSPropertyOp41
 70
     1
102
RTVSPropertyOp42
 70
     1
102
RTVSPropertyOp43
 70
     1
102
RTVSPropertyOp44
 70
     1
102
RTVSPropertyOp45
 70
     1
102
RTVSPropertyOp46
 70
     1
102
RTVSPropertyOp47
 70
     1
102
RTVSPropertyOp48
 70
     1
102
RTVSPropertyOp49
 70
     1
102
RTVSPropertyOp50
 70
     1
102
RTVSPropertyOp51
 70
     0
102
RTVSPropertyOp52
 70
     0
102
RTVSPropertyOp53
 70
     1
102
RTVSPropertyOp54
 70
     1
102
RTVSPropertyOp55
 70
     1
102
RTVSPropertyOp56
 70
     1
102
RTVSPropertyOp57
 70
     1
102
RTVSPost2010Prop28
280
     0
102
RTVSPost2010PropOp28
 70
     1
102
RTVSPost2010Prop29
280
     1
102
RTVSPost2010PropOp29
 70
     1
102
RTVSPost2010Prop30
280
     1
102
RTVSPost2010PropOp30
 70
     1
102
RTVSPost2010Prop31
280
     0
102
RTVSPost2010PropOp31
 70
     1
102
RTVSPost2010Prop32
280
     0
102
RTVSPost2010PropOp32
 70
     1
102
RTVSPost2010Prop33
280
     0
102
RTVSPost2010PropOp33
 70
     1
102
RTVSPost2010Prop34
280
     0
102
RTVSPost2010PropOp34
 70
     1
102
RTVSPost2010Prop35
280
     0
102
RTVSPost2010PropOp35
 70
     1
102
RTVSPost2010Prop36
280
     0
102
RTVSPost2010PropOp36
 70
     1
102
RTVSPost2010Prop37
 90
       50
102
RTVSPost2010PropOp37
 70
     1
102
RTVSPost2010Prop38
140
0.0
102
RTVSPost2010PropOp38
 70
     1
102
RTVSPost2010Prop39
140
1.0
102
RTVSPost2010PropOp39
 70
     1
102
RTVSPost2010Prop40
 90
        0
102
RTVSPost2010PropOp40
 70
     1
102
RTVSPost2010Prop41ColorIndex
 90
       18
102
RTVSPost2010Prop41ColorRGB
 90
        0
102
RTVSPost2010PropOp41
 70
     1
102
RTVSPost2010Prop42
 90
       50
102
RTVSPost2010PropOp42
 70
     1
102
RTVSPost2010Prop43
 90
        3
102
RTVSPost2010PropOp43
 70
     1
102
RTVSPost2010Prop44ColorIndex
 90
        5
102
RTVSPost2010Prop44ColorRGB
 90
      255
102
RTVSPost2010PropOp44
 70
     1
102
RTVSPost2010Prop45
280
     0
102
RTVSPost2010PropOp45
 70
     1
102
RTVSPost2010Prop46
 90
       50
102
RTVSPost2010PropOp46
 70
     1
102
RTVSPost2010Prop47
 90
       50
102
RTVSPost2010PropOp47
 70
     1
102
RTVSPost2010Prop48
 90
       50
102
RTVSPost2010PropOp48
 70
     1
102
RTVSPost2010Prop49
280
     0
102
RTVSPost2010PropOp49
 70
     1
102
RTVSPost2010Prop50
 90
       50
102
RTVSPost2010PropOp50
 70
     1
102
RTVSPost2010Prop51ColorIndex
 90
      256
102
RTVSPost2010Prop51ColorRGB
 90
-16777216
102
RTVSPost2010PropOp51
 70
     0
102
RTVSPost2010Prop52
140
1.0
102
RTVSPost2010PropOp52
 70
     0
102
RTVSPost2010Prop53
 90
        2
102
RTVSPost2010PropOp53
 70
     1
102
RTVSPost2010Prop54
  1
strokes_ogs.tif
102
RTVSPost2010PropOp54
 70
     1
102
RTVSPost2010Prop55
280
     0
102
RTVSPost2010PropOp55
 70
     1
102
RTVSPost2010Prop56
140
1.0
102
RTVSPost2010PropOp56
 70
     1
102
RTVSPost2010Prop57
140
1.0
102
RTVSPost2010PropOp57
 70
     1
  0
XRECORD
  5
25F
102
{ACAD_REACTORS
330
25E
102
}
330
25E
100
AcDbXrecord
280
     1
102
RTVSPropertyOp0
 70
     1
102
RTVSPropertyOp1
 70
     1
102
RTVSPropertyOp2
 70
     1
102
RTVSPropertyOp3
 70
     1
102
RTVSPropertyOp4
 70
     1
102
RTVSPropertyOp5
 70
     1
102
RTVSPropertyOp6
 70
     1
102
RTVSPropertyOp7
 70
     1
102
RTVSPropertyOp8
 70
     1
102
RTVSPropertyOp9
 70
     1
102
RTVSPropertyOp10
 70
     1
102
RTVSPropertyOp11
 70
     1
102
RTVSPropertyOp12
 70
     1
102
RTVSPropertyOp13
 70
     1
102
RTVSPropertyOp14
 70
     1
102
RTVSPropertyOp15
 70
     1
102
RTVSPropertyOp16
 70
     1
102
RTVSPropertyOp17
 70
     1
102
RTVSPropertyOp18
 70
     1
102
RTVSPropertyOp19
 70
     1
102
RTVSPropertyOp20
 70
     1
102
RTVSPropertyOp21
 70
     1
102
RTVSPropertyOp22
 70
     1
102
RTVSPropertyOp23
 70
     1
102
RTVSPropertyOp24
 70
     1
102
RTVSPropertyOp25
 70
     1
102
RTVSPropertyOp26
 70
     1
102
RTVSPropertyOp27
 70
     1
102
RTVSPropertyOp28
 70
     1
102
RTVSPropertyOp29
 70
     1
102
RTVSPropertyOp30
 70
     1
102
RTVSPropertyOp31
 70
     1
102
RTVSPropertyOp32
 70
     1
102
RTVSPropertyOp33
 70
     1
102
RTVSPropertyOp34
 70
     1
102
RTVSPropertyOp35
 70
     1
102
RTVSPropertyOp36
 70
     1
102
RTVSPropertyOp37
 70
     1
102
RTVSPropertyOp38
 70
     1
102
RTVSPropertyOp39
 70
     1
102
RTVSPropertyOp40
 70
     1
102
RTVSPropertyOp41
 70
     1
102
RTVSPropertyOp42
 70
     1
102
RTVSPropertyOp43
 70
     1
102
RTVSPropertyOp44
 70
     1
102
RTVSPropertyOp45
 70
     1
102
RTVSPropertyOp46
 70
     1
102
RTVSPropertyOp47
 70
     1
102
RTVSPropertyOp48
 70
     1
102
RTVSPropertyOp49
 70
     1
102
RTVSPropertyOp50
 70
     1
102
RTVSPropertyOp51
 70
     0
102
RTVSPropertyOp52
 70
     0
102
RTVSPropertyOp53
 70
     1
102
RTVSPropertyOp54
 70
     1
102
RTVSPropertyOp55
 70
     1
102
RTVSPropertyOp56
 70
     1
102
RTVSPropertyOp57
 70
     1
102
RTVSPost2010Prop28
280
     0
102
RTVSPost2010PropOp28
 70
     1
102
RTVSPost2010Prop29
280
     1
102
RTVSPost2010PropOp29
 70
     1
102
RTVSPost2010Prop30
280
     1
102
RTVSPost2010PropOp30
 70
     1
102
RTVSPost2010Prop31
280
     0
102
RTVSPost2010PropOp31
 70
     1
102
RTVSPost2010Prop32
280
     0
102
RTVSPost2010PropOp32
 70
     1
102
RTVSPost2010Prop33
280
     0
102
RTVSPost2010PropOp33
 70
     1
102
RTVSPost2010Prop34
280
     0
102
RTVSPost2010PropOp34
 70
     1
102
RTVSPost2010Prop35
280
     0
102
RTVSPost2010PropOp35
 70
     1
102
RTVSPost2010Prop36
280
     0
102
RTVSPost2010PropOp36
 70
     1
102
RTVSPost2010Prop37
 90
       50
102
RTVSPost2010PropOp37
 70
     1
102
RTVSPost2010Prop38
140
0.0
102
RTVSPost2010PropOp38
 70
     1
102
RTVSPost2010Prop39
140
1.0
102
RTVSPost2010PropOp39
 70
     1
102
RTVSPost2010Prop40
 90
        0
102
RTVSPost2010PropOp40
 70
     1
102
RTVSPost2010Prop41ColorIndex
 90
       18
102
RTVSPost2010Prop41ColorRGB
 90
        0
102
RTVSPost2010PropOp41
 70
     1
102
RTVSPost2010Prop42
 90
       50
102
RTVSPost2010PropOp42
 70
     1
102
RTVSPost2010Prop43
 90
        3
102
RTVSPost2010PropOp43
 70
     1
102
RTVSPost2010Prop44ColorIndex
 90
        5
102
RTVSPost2010Prop44ColorRGB
 90
      255
102
RTVSPost2010PropOp44
 70
     1
102
RTVSPost2010Prop45
280
     0
102
RTVSPost2010PropOp45
 70
     1
102
RTVSPost2010Prop46
 90
       50
102
RTVSPost2010PropOp46
 70
     1
102
RTVSPost2010Prop47
 90
       50
102
RTVSPost2010PropOp47
 70
     1
102
RTVSPost2010Prop48
 90
       50
102
RTVSPost2010PropOp48
 70
     1
102
RTVSPost2010Prop49
280
     0
102
RTVSPost2010PropOp49
 70
     1
102
RTVSPost2010Prop50
 90
       50
102
RTVSPost2010PropOp50
 70
     1
102
RTVSPost2010Prop51ColorIndex
 90
      256
102
RTVSPost2010Prop51ColorRGB
 90
-16777216
102
RTVSPost2010PropOp51
 70
     0
102
RTVSPost2010Prop52
140
1.0
102
RTVSPost2010PropOp52
 70
     0
102
RTVSPost2010Prop53
 90
        2
102
RTVSPost2010PropOp53
 70
     1
102
RTVSPost2010Prop54
  1
strokes_ogs.tif
102
RTVSPost2010PropOp54
 70
     1
102
RTVSPost2010Prop55
280
     0
102
RTVSPost2010PropOp55
 70
     1
102
RTVSPost2010Prop56
140
1.0
102
RTVSPost2010PropOp56
 70
     1
102
RTVSPost2010Prop57
140
1.0
102
RTVSPost2010PropOp57
 70
     1
  0
XRECORD
  5
261
102
{ACAD_REACTORS
330
260
102
}
330
260
100
AcDbXrecord
280
     1
102
RTVSPropertyOp0
 70
     1
102
RTVSPropertyOp1
 70
     1
102
RTVSPropertyOp2
 70
     1
102
RTVSPropertyOp3
 70
     1
102
RTVSPropertyOp4
 70
     1
102
RTVSPropertyOp5
 70
     1
102
RTVSPropertyOp6
 70
     1
102
RTVSPropertyOp7
 70
     1
102
RTVSPropertyOp8
 70
     1
102
RTVSPropertyOp9
 70
     1
102
RTVSPropertyOp10
 70
     1
102
RTVSPropertyOp11
 70
     1
102
RTVSPropertyOp12
 70
     1
102
RTVSPropertyOp13
 70
     1
102
RTVSPropertyOp14
 70
     1
102
RTVSPropertyOp15
 70
     1
102
RTVSPropertyOp16
 70
     1
102
RTVSPropertyOp17
 70
     1
102
RTVSPropertyOp18
 70
     1
102
RTVSPropertyOp19
 70
     1
102
RTVSPropertyOp20
 70
     1
102
RTVSPropertyOp21
 70
     1
102
RTVSPropertyOp22
 70
     1
102
RTVSPropertyOp23
 70
     1
102
RTVSPropertyOp24
 70
     1
102
RTVSPropertyOp25
 70
     1
102
RTVSPropertyOp26
 70
     1
102
RTVSPropertyOp27
 70
     1
102
RTVSPropertyOp28
 70
     1
102
RTVSPropertyOp29
 70
     1
102
RTVSPropertyOp30
 70
     1
102
RTVSPropertyOp31
 70
     1
102
RTVSPropertyOp32
 70
     1
102
RTVSPropertyOp33
 70
     1
102
RTVSPropertyOp34
 70
     1
102
RTVSPropertyOp35
 70
     1
102
RTVSPropertyOp36
 70
     1
102
RTVSPropertyOp37
 70
     1
102
RTVSPropertyOp38
 70
     1
102
RTVSPropertyOp39
 70
     1
102
RTVSPropertyOp40
 70
     1
102
RTVSPropertyOp41
 70
     1
102
RTVSPropertyOp42
 70
     1
102
RTVSPropertyOp43
 70
     1
102
RTVSPropertyOp44
 70
     1
102
RTVSPropertyOp45
 70
     1
102
RTVSPropertyOp46
 70
     1
102
RTVSPropertyOp47
 70
     1
102
RTVSPropertyOp48
 70
     1
102
RTVSPropertyOp49
 70
     1
102
RTVSPropertyOp50
 70
     1
102
RTVSPropertyOp51
 70
     0
102
RTVSPropertyOp52
 70
     0
102
RTVSPropertyOp53
 70
     1
102
RTVSPropertyOp54
 70
     1
102
RTVSPropertyOp55
 70
     1
102
RTVSPropertyOp56
 70
     1
102
RTVSPropertyOp57
 70
     1
102
RTVSPost2010Prop28
280
     0
102
RTVSPost2010PropOp28
 70
     1
102
RTVSPost2010Prop29
280
     1
102
RTVSPost2010PropOp29
 70
     1
102
RTVSPost2010Prop30
280
     1
102
RTVSPost2010PropOp30
 70
     1
102
RTVSPost2010Prop31
280
     0
102
RTVSPost2010PropOp31
 70
     1
102
RTVSPost2010Prop32
280
     0
102
RTVSPost2010PropOp32
 70
     1
102
RTVSPost2010Prop33
280
     0
102
RTVSPost2010PropOp33
 70
     1
102
RTVSPost2010Prop34
280
     0
102
RTVSPost2010PropOp34
 70
     1
102
RTVSPost2010Prop35
280
     0
102
RTVSPost2010PropOp35
 70
     1
102
RTVSPost2010Prop36
280
     0
102
RTVSPost2010PropOp36
 70
     1
102
RTVSPost2010Prop37
 90
       50
102
RTVSPost2010PropOp37
 70
     1
102
RTVSPost2010Prop38
140
0.0
102
RTVSPost2010PropOp38
 70
     1
102
RTVSPost2010Prop39
140
1.0
102
RTVSPost2010PropOp39
 70
     1
102
RTVSPost2010Prop40
 90
        0
102
RTVSPost2010PropOp40
 70
     1
102
RTVSPost2010Prop41ColorIndex
 90
       18
102
RTVSPost2010Prop41ColorRGB
 90
        0
102
RTVSPost2010PropOp41
 70
     1
102
RTVSPost2010Prop42
 90
       50
102
RTVSPost2010PropOp42
 70
     1
102
RTVSPost2010Prop43
 90
        3
102
RTVSPost2010PropOp43
 70
     1
102
RTVSPost2010Prop44ColorIndex
 90
        5
102
RTVSPost2010Prop44ColorRGB
 90
      255
102
RTVSPost2010PropOp44
 70
     1
102
RTVSPost2010Prop45
280
     0
102
RTVSPost2010PropOp45
 70
     1
102
RTVSPost2010Prop46
 90
       50
102
RTVSPost2010PropOp46
 70
     1
102
RTVSPost2010Prop47
 90
       50
102
RTVSPost2010PropOp47
 70
     1
102
RTVSPost2010Prop48
 90
       50
102
RTVSPost2010PropOp48
 70
     1
102
RTVSPost2010Prop49
280
     0
102
RTVSPost2010PropOp49
 70
     1
102
RTVSPost2010Prop50
 90
       50
102
RTVSPost2010PropOp50
 70
     1
102
RTVSPost2010Prop51ColorIndex
 90
      256
102
RTVSPost2010Prop51ColorRGB
 90
-16777216
102
RTVSPost2010PropOp51
 70
     0
102
RTVSPost2010Prop52
140
1.0
102
RTVSPost2010PropOp52
 70
     0
102
RTVSPost2010Prop53
 90
        2
102
RTVSPost2010PropOp53
 70
     1
102
RTVSPost2010Prop54
  1
strokes_ogs.tif
102
RTVSPost2010PropOp54
 70
     1
102
RTVSPost2010Prop55
280
     0
102
RTVSPost2010PropOp55
 70
     1
102
RTVSPost2010Prop56
140
1.0
102
RTVSPost2010PropOp56
 70
     1
102
RTVSPost2010Prop57
140
1.0
102
RTVSPost2010PropOp57
 70
     1
  0
XRECORD
  5
267
102
{ACAD_REACTORS
330
266
102
}
330
266
100
AcDbXrecord
280
     1
102
RTVSPropertyOp0
 70
     1
102
RTVSPropertyOp1
 70
     1
102
RTVSPropertyOp2
 70
     1
102
RTVSPropertyOp3
 70
     1
102
RTVSPropertyOp4
 70
     1
102
RTVSPropertyOp5
 70
     1
102
RTVSPropertyOp6
 70
     1
102
RTVSPropertyOp7
 70
     1
102
RTVSPropertyOp8
 70
     1
102
RTVSPropertyOp9
 70
     1
102
RTVSPropertyOp10
 70
     1
102
RTVSPropertyOp11
 70
     1
102
RTVSPropertyOp12
 70
     1
102
RTVSPropertyOp13
 70
     1
102
RTVSPropertyOp14
 70
     1
102
RTVSPropertyOp15
 70
     1
102
RTVSPropertyOp16
 70
     1
102
RTVSPropertyOp17
 70
     1
102
RTVSPropertyOp18
 70
     1
102
RTVSPropertyOp19
 70
     1
102
RTVSPropertyOp20
 70
     1
102
RTVSPropertyOp21
 70
     1
102
RTVSPropertyOp22
 70
     1
102
RTVSPropertyOp23
 70
     1
102
RTVSPropertyOp24
 70
     1
102
RTVSPropertyOp25
 70
     1
102
RTVSPropertyOp26
 70
     1
102
RTVSPropertyOp27
 70
     1
102
RTVSPropertyOp28
 70
     1
102
RTVSPropertyOp29
 70
     1
102
RTVSPropertyOp30
 70
     1
102
RTVSPropertyOp31
 70
     1
102
RTVSPropertyOp32
 70
     1
102
RTVSPropertyOp33
 70
     1
102
RTVSPropertyOp34
 70
     1
102
RTVSPropertyOp35
 70
     1
102
RTVSPropertyOp36
 70
     1
102
RTVSPropertyOp37
 70
     1
102
RTVSPropertyOp38
 70
     1
102
RTVSPropertyOp39
 70
     1
102
RTVSPropertyOp40
 70
     1
102
RTVSPropertyOp41
 70
     1
102
RTVSPropertyOp42
 70
     1
102
RTVSPropertyOp43
 70
     1
102
RTVSPropertyOp44
 70
     1
102
RTVSPropertyOp45
 70
     1
102
RTVSPropertyOp46
 70
     1
102
RTVSPropertyOp47
 70
     1
102
RTVSPropertyOp48
 70
     1
102
RTVSPropertyOp49
 70
     1
102
RTVSPropertyOp50
 70
     1
102
RTVSPropertyOp51
 70
     0
102
RTVSPropertyOp52
 70
     0
102
RTVSPropertyOp53
 70
     1
102
RTVSPropertyOp54
 70
     1
102
RTVSPropertyOp55
 70
     1
102
RTVSPropertyOp56
 70
     1
102
RTVSPropertyOp57
 70
     1
102
RTVSPost2010Prop28
280
     0
102
RTVSPost2010PropOp28
 70
     1
102
RTVSPost2010Prop29
280
     1
102
RTVSPost2010PropOp29
 70
     1
102
RTVSPost2010Prop30
280
     1
102
RTVSPost2010PropOp30
 70
     1
102
RTVSPost2010Prop31
280
     0
102
RTVSPost2010PropOp31
 70
     1
102
RTVSPost2010Prop32
280
     0
102
RTVSPost2010PropOp32
 70
     1
102
RTVSPost2010Prop33
280
     0
102
RTVSPost2010PropOp33
 70
     1
102
RTVSPost2010Prop34
280
     0
102
RTVSPost2010PropOp34
 70
     1
102
RTVSPost2010Prop35
280
     0
102
RTVSPost2010PropOp35
 70
     1
102
RTVSPost2010Prop36
280
     0
102
RTVSPost2010PropOp36
 70
     1
102
RTVSPost2010Prop37
 90
       50
102
RTVSPost2010PropOp37
 70
     1
102
RTVSPost2010Prop38
140
0.0
102
RTVSPost2010PropOp38
 70
     1
102
RTVSPost2010Prop39
140
1.0
102
RTVSPost2010PropOp39
 70
     1
102
RTVSPost2010Prop40
 90
        0
102
RTVSPost2010PropOp40
 70
     1
102
RTVSPost2010Prop41ColorIndex
 90
       18
102
RTVSPost2010Prop41ColorRGB
 90
        0
102
RTVSPost2010PropOp41
 70
     1
102
RTVSPost2010Prop42
 90
       50
102
RTVSPost2010PropOp42
 70
     1
102
RTVSPost2010Prop43
 90
        3
102
RTVSPost2010PropOp43
 70
     1
102
RTVSPost2010Prop44ColorIndex
 90
        5
102
RTVSPost2010Prop44ColorRGB
 90
      255
102
RTVSPost2010PropOp44
 70
     1
102
RTVSPost2010Prop45
280
     0
102
RTVSPost2010PropOp45
 70
     1
102
RTVSPost2010Prop46
 90
       50
102
RTVSPost2010PropOp46
 70
     1
102
RTVSPost2010Prop47
 90
       50
102
RTVSPost2010PropOp47
 70
     1
102
RTVSPost2010Prop48
 90
       50
102
RTVSPost2010PropOp48
 70
     1
102
RTVSPost2010Prop49
280
     0
102
RTVSPost2010PropOp49
 70
     1
102
RTVSPost2010Prop50
 90
       50
102
RTVSPost2010PropOp50
 70
     1
102
RTVSPost2010Prop51ColorIndex
 90
      256
102
RTVSPost2010Prop51ColorRGB
 90
-16777216
102
RTVSPost2010PropOp51
 70
     0
102
RTVSPost2010Prop52
140
1.0
102
RTVSPost2010PropOp52
 70
     0
102
RTVSPost2010Prop53
 90
        2
102
RTVSPost2010PropOp53
 70
     1
102
RTVSPost2010Prop54
  1
strokes_ogs.tif
102
RTVSPost2010PropOp54
 70
     1
102
RTVSPost2010Prop55
280
     0
102
RTVSPost2010PropOp55
 70
     1
102
RTVSPost2010Prop56
140
1.0
102
RTVSPost2010PropOp56
 70
     1
102
RTVSPost2010Prop57
140
1.0
102
RTVSPost2010PropOp57
 70
     1
  0
XRECORD
  5
27B
102
{ACAD_REACTORS
330
27A
102
}
330
27A
100
AcDbXrecord
280
     1
102
RTVSPropertyOp0
 70
     0
102
RTVSPropertyOp1
 70
     0
102
RTVSPropertyOp2
 70
     0
102
RTVSPropertyOp3
 70
     0
102
RTVSPropertyOp4
 70
     0
102
RTVSPropertyOp5
 70
     0
102
RTVSPropertyOp6
 70
     0
102
RTVSPropertyOp7
 70
     0
102
RTVSPropertyOp8
 70
     0
102
RTVSPropertyOp9
 70
     0
102
RTVSPropertyOp10
 70
     0
102
RTVSPropertyOp11
 70
     0
102
RTVSPropertyOp12
 70
     0
102
RTVSPropertyOp13
 70
     0
102
RTVSPropertyOp14
 70
     2
102
RTVSPropertyOp15
 70
     0
102
RTVSPropertyOp16
 70
     0
102
RTVSPropertyOp17
 70
     0
102
RTVSPropertyOp18
 70
     0
102
RTVSPropertyOp19
 70
     0
102
RTVSPropertyOp20
 70
     0
102
RTVSPropertyOp21
 70
     0
102
RTVSPropertyOp22
 70
     0
102
RTVSPropertyOp23
 70
     0
102
RTVSPropertyOp24
 70
     0
102
RTVSPropertyOp25
 70
     0
102
RTVSPropertyOp26
 70
     0
102
RTVSPropertyOp27
 70
     0
102
RTVSPropertyOp28
 70
     0
102
RTVSPropertyOp29
 70
     0
102
RTVSPropertyOp30
 70
     0
102
RTVSPropertyOp31
 70
     0
102
RTVSPropertyOp32
 70
     0
102
RTVSPropertyOp33
 70
     0
102
RTVSPropertyOp34
 70
     0
102
RTVSPropertyOp35
 70
     0
102
RTVSPropertyOp36
 70
     0
102
RTVSPropertyOp37
 70
     0
102
RTVSPropertyOp38
 70
     0
102
RTVSPropertyOp39
 70
     0
102
RTVSPropertyOp40
 70
     0
102
RTVSPropertyOp41
 70
     0
102
RTVSPropertyOp42
 70
     0
102
RTVSPropertyOp43
 70
     0
102
RTVSPropertyOp44
 70
     0
102
RTVSPropertyOp45
 70
     0
102
RTVSPropertyOp46
 70
     0
102
RTVSPropertyOp47
 70
     0
102
RTVSPropertyOp48
 70
     0
102
RTVSPropertyOp49
 70
     0
102
RTVSPropertyOp50
 70
     0
102
RTVSPropertyOp51
 70
     0
102
RTVSPropertyOp52
 70
     0
102
RTVSPropertyOp53
 70
     0
102
RTVSPropertyOp54
 70
     0
102
RTVSPropertyOp55
 70
     0
102
RTVSPropertyOp56
 70
     0
102
RTVSPropertyOp57
 70
     0
102
RTVSPost2010Prop28
280
     0
102
RTVSPost2010PropOp28
 70
     0
102
RTVSPost2010Prop29
280
     1
102
RTVSPost2010PropOp29
 70
     0
102
RTVSPost2010Prop30
280
     1
102
RTVSPost2010PropOp30
 70
     0
102
RTVSPost2010Prop31
280
     0
102
RTVSPost2010PropOp31
 70
     0
102
RTVSPost2010Prop32
280
     0
102
RTVSPost2010PropOp32
 70
     0
102
RTVSPost2010Prop33
280
     0
102
RTVSPost2010PropOp33
 70
     0
102
RTVSPost2010Prop34
280
     0
102
RTVSPost2010PropOp34
 70
     0
102
RTVSPost2010Prop35
280
     0
102
RTVSPost2010PropOp35
 70
     0
102
RTVSPost2010Prop36
280
     0
102
RTVSPost2010PropOp36
 70
     0
102
RTVSPost2010Prop37
 90
       50
102
RTVSPost2010PropOp37
 70
     0
102
RTVSPost2010Prop38
140
0.0
102
RTVSPost2010PropOp38
 70
     0
102
RTVSPost2010Prop39
140
1.0
102
RTVSPost2010PropOp39
 70
     0
102
RTVSPost2010Prop40
 90
        0
102
RTVSPost2010PropOp40
 70
     0
102
RTVSPost2010Prop41ColorIndex
 90
       18
102
RTVSPost2010Prop41ColorRGB
 90
        0
102
RTVSPost2010PropOp41
 70
     0
102
RTVSPost2010Prop42
 90
       50
102
RTVSPost2010PropOp42
 70
     0
102
RTVSPost2010Prop43
 90
        3
102
RTVSPost2010PropOp43
 70
     0
102
RTVSPost2010Prop44ColorIndex
 90
        5
102
RTVSPost2010Prop44ColorRGB
 90
      255
102
RTVSPost2010PropOp44
 70
     0
102
RTVSPost2010Prop45
280
     0
102
RTVSPost2010PropOp45
 70
     0
102
RTVSPost2010Prop46
 90
       50
102
RTVSPost2010PropOp46
 70
     0
102
RTVSPost2010Prop47
 90
       50
102
RTVSPost2010PropOp47
 70
     0
102
RTVSPost2010Prop48
 90
       50
102
RTVSPost2010PropOp48
 70
     0
102
RTVSPost2010Prop49
280
     0
102
RTVSPost2010PropOp49
 70
     0
102
RTVSPost2010Prop50
 90
       50
102
RTVSPost2010PropOp50
 70
     0
102
RTVSPost2010Prop51ColorIndex
 90
      256
102
RTVSPost2010Prop51ColorRGB
 90
-16777216
102
RTVSPost2010PropOp51
 70
     0
102
RTVSPost2010Prop52
140
1.0
102
RTVSPost2010PropOp52
 70
     0
102
RTVSPost2010Prop53
 90
        2
102
RTVSPost2010PropOp53
 70
     0
102
RTVSPost2010Prop54
  1
strokes_ogs.tif
102
RTVSPost2010PropOp54
 70
     0
102
RTVSPost2010Prop55
280
     0
102
RTVSPost2010PropOp55
 70
     0
102
RTVSPost2010Prop56
140
1.0
102
RTVSPost2010PropOp56
 70
     0
102
RTVSPost2010Prop57
140
1.0
102
RTVSPost2010PropOp57
 70
     0
  0
XRECORD
  5
275
102
{ACAD_REACTORS
330
274
102
}
330
274
100
AcDbXrecord
280
     1
102
RTVSPropertyOp0
 70
     1
102
RTVSPropertyOp1
 70
     1
102
RTVSPropertyOp2
 70
     1
102
RTVSPropertyOp3
 70
     1
102
RTVSPropertyOp4
 70
     1
102
RTVSPropertyOp5
 70
     1
102
RTVSPropertyOp6
 70
     1
102
RTVSPropertyOp7
 70
     1
102
RTVSPropertyOp8
 70
     1
102
RTVSPropertyOp9
 70
     1
102
RTVSPropertyOp10
 70
     1
102
RTVSPropertyOp11
 70
     1
102
RTVSPropertyOp12
 70
     1
102
RTVSPropertyOp13
 70
     1
102
RTVSPropertyOp14
 70
     1
102
RTVSPropertyOp15
 70
     1
102
RTVSPropertyOp16
 70
     1
102
RTVSPropertyOp17
 70
     1
102
RTVSPropertyOp18
 70
     1
102
RTVSPropertyOp19
 70
     1
102
RTVSPropertyOp20
 70
     1
102
RTVSPropertyOp21
 70
     1
102
RTVSPropertyOp22
 70
     1
102
RTVSPropertyOp23
 70
     1
102
RTVSPropertyOp24
 70
     1
102
RTVSPropertyOp25
 70
     1
102
RTVSPropertyOp26
 70
     1
102
RTVSPropertyOp27
 70
     1
102
RTVSPropertyOp28
 70
     1
102
RTVSPropertyOp29
 70
     1
102
RTVSPropertyOp30
 70
     1
102
RTVSPropertyOp31
 70
     1
102
RTVSPropertyOp32
 70
     1
102
RTVSPropertyOp33
 70
     1
102
RTVSPropertyOp34
 70
     1
102
RTVSPropertyOp35
 70
     1
102
RTVSPropertyOp36
 70
     1
102
RTVSPropertyOp37
 70
     1
102
RTVSPropertyOp38
 70
     1
102
RTVSPropertyOp39
 70
     1
102
RTVSPropertyOp40
 70
     1
102
RTVSPropertyOp41
 70
     1
102
RTVSPropertyOp42
 70
     1
102
RTVSPropertyOp43
 70
     1
102
RTVSPropertyOp44
 70
     1
102
RTVSPropertyOp45
 70
     1
102
RTVSPropertyOp46
 70
     1
102
RTVSPropertyOp47
 70
     1
102
RTVSPropertyOp48
 70
     1
102
RTVSPropertyOp49
 70
     1
102
RTVSPropertyOp50
 70
     1
102
RTVSPropertyOp51
 70
     0
102
RTVSPropertyOp52
 70
     0
102
RTVSPropertyOp53
 70
     1
102
RTVSPropertyOp54
 70
     1
102
RTVSPropertyOp55
 70
     1
102
RTVSPropertyOp56
 70
     1
102
RTVSPropertyOp57
 70
     1
102
RTVSPost2010Prop28
280
     0
102
RTVSPost2010PropOp28
 70
     1
102
RTVSPost2010Prop29
280
     1
102
RTVSPost2010PropOp29
 70
     1
102
RTVSPost2010Prop30
280
     1
102
RTVSPost2010PropOp30
 70
     1
102
RTVSPost2010Prop31
280
     0
102
RTVSPost2010PropOp31
 70
     1
102
RTVSPost2010Prop32
280
     0
102
RTVSPost2010PropOp32
 70
     1
102
RTVSPost2010Prop33
280
     0
102
RTVSPost2010PropOp33
 70
     1
102
RTVSPost2010Prop34
280
     0
102
RTVSPost2010PropOp34
 70
     1
102
RTVSPost2010Prop35
280
     0
102
RTVSPost2010PropOp35
 70
     1
102
RTVSPost2010Prop36
280
     0
102
RTVSPost2010PropOp36
 70
     1
102
RTVSPost2010Prop37
 90
       50
102
RTVSPost2010PropOp37
 70
     1
102
RTVSPost2010Prop38
140
0.0
102
RTVSPost2010PropOp38
 70
     1
102
RTVSPost2010Prop39
140
1.0
102
RTVSPost2010PropOp39
 70
     1
102
RTVSPost2010Prop40
 90
        0
102
RTVSPost2010PropOp40
 70
     1
102
RTVSPost2010Prop41ColorIndex
 90
       18
102
RTVSPost2010Prop41ColorRGB
 90
        0
102
RTVSPost2010PropOp41
 70
     1
102
RTVSPost2010Prop42
 90
       50
102
RTVSPost2010PropOp42
 70
     1
102
RTVSPost2010Prop43
 90
        3
102
RTVSPost2010PropOp43
 70
     1
102
RTVSPost2010Prop44ColorIndex
 90
        5
102
RTVSPost2010Prop44ColorRGB
 90
      255
102
RTVSPost2010PropOp44
 70
     1
102
RTVSPost2010Prop45
280
     0
102
RTVSPost2010PropOp45
 70
     1
102
RTVSPost2010Prop46
 90
       50
102
RTVSPost2010PropOp46
 70
     1
102
RTVSPost2010Prop47
 90
       50
102
RTVSPost2010PropOp47
 70
     1
102
RTVSPost2010Prop48
 90
       50
102
RTVSPost2010PropOp48
 70
     1
102
RTVSPost2010Prop49
280
     0
102
RTVSPost2010PropOp49
 70
     1
102
RTVSPost2010Prop50
 90
       50
102
RTVSPost2010PropOp50
 70
     1
102
RTVSPost2010Prop51ColorIndex
 90
      256
102
RTVSPost2010Prop51ColorRGB
 90
-16777216
102
RTVSPost2010PropOp51
 70
     0
102
RTVSPost2010Prop52
140
1.0
102
RTVSPost2010PropOp52
 70
     0
102
RTVSPost2010Prop53
 90
        2
102
RTVSPost2010PropOp53
 70
     1
102
RTVSPost2010Prop54
  1
strokes_ogs.tif
102
RTVSPost2010PropOp54
 70
     1
102
RTVSPost2010Prop55
280
     0
102
RTVSPost2010PropOp55
 70
     1
102
RTVSPost2010Prop56
140
1.0
102
RTVSPost2010PropOp56
 70
     1
102
RTVSPost2010Prop57
140
1.0
102
RTVSPost2010PropOp57
 70
     1
  0
XRECORD
  5
27D
102
{ACAD_REACTORS
330
27C
102
}
330
27C
100
AcDbXrecord
280
     1
102
RTVSPropertyOp0
 70
     0
102
RTVSPropertyOp1
 70
     0
102
RTVSPropertyOp2
 70
     0
102
RTVSPropertyOp3
 70
     0
102
RTVSPropertyOp4
 70
     0
102
RTVSPropertyOp5
 70
     0
102
RTVSPropertyOp6
 70
     0
102
RTVSPropertyOp7
 70
     0
102
RTVSPropertyOp8
 70
     0
102
RTVSPropertyOp9
 70
     0
102
RTVSPropertyOp10
 70
     0
102
RTVSPropertyOp11
 70
     0
102
RTVSPropertyOp12
 70
     0
102
RTVSPropertyOp13
 70
     0
102
RTVSPropertyOp14
 70
     2
102
RTVSPropertyOp15
 70
     0
102
RTVSPropertyOp16
 70
     0
102
RTVSPropertyOp17
 70
     0
102
RTVSPropertyOp18
 70
     0
102
RTVSPropertyOp19
 70
     0
102
RTVSPropertyOp20
 70
     0
102
RTVSPropertyOp21
 70
     0
102
RTVSPropertyOp22
 70
     0
102
RTVSPropertyOp23
 70
     0
102
RTVSPropertyOp24
 70
     0
102
RTVSPropertyOp25
 70
     0
102
RTVSPropertyOp26
 70
     0
102
RTVSPropertyOp27
 70
     0
102
RTVSPropertyOp28
 70
     0
102
RTVSPropertyOp29
 70
     0
102
RTVSPropertyOp30
 70
     0
102
RTVSPropertyOp31
 70
     0
102
RTVSPropertyOp32
 70
     0
102
RTVSPropertyOp33
 70
     0
102
RTVSPropertyOp34
 70
     0
102
RTVSPropertyOp35
 70
     0
102
RTVSPropertyOp36
 70
     0
102
RTVSPropertyOp37
 70
     0
102
RTVSPropertyOp38
 70
     0
102
RTVSPropertyOp39
 70
     0
102
RTVSPropertyOp40
 70
     0
102
RTVSPropertyOp41
 70
     0
102
RTVSPropertyOp42
 70
     0
102
RTVSPropertyOp43
 70
     0
102
RTVSPropertyOp44
 70
     0
102
RTVSPropertyOp45
 70
     0
102
RTVSPropertyOp46
 70
     0
102
RTVSPropertyOp47
 70
     0
102
RTVSPropertyOp48
 70
     0
102
RTVSPropertyOp49
 70
     0
102
RTVSPropertyOp50
 70
     0
102
RTVSPropertyOp51
 70
     0
102
RTVSPropertyOp52
 70
     0
102
RTVSPropertyOp53
 70
     0
102
RTVSPropertyOp54
 70
     0
102
RTVSPropertyOp55
 70
     0
102
RTVSPropertyOp56
 70
     0
102
RTVSPropertyOp57
 70
     0
102
RTVSPost2010Prop28
280
     0
102
RTVSPost2010PropOp28
 70
     0
102
RTVSPost2010Prop29
280
     1
102
RTVSPost2010PropOp29
 70
     0
102
RTVSPost2010Prop30
280
     1
102
RTVSPost2010PropOp30
 70
     0
102
RTVSPost2010Prop31
280
     0
102
RTVSPost2010PropOp31
 70
     0
102
RTVSPost2010Prop32
280
     0
102
RTVSPost2010PropOp32
 70
     0
102
RTVSPost2010Prop33
280
     0
102
RTVSPost2010PropOp33
 70
     0
102
RTVSPost2010Prop34
280
     0
102
RTVSPost2010PropOp34
 70
     0
102
RTVSPost2010Prop35
280
     0
102
RTVSPost2010PropOp35
 70
     0
102
RTVSPost2010Prop36
280
     0
102
RTVSPost2010PropOp36
 70
     0
102
RTVSPost2010Prop37
 90
       50
102
RTVSPost2010PropOp37
 70
     0
102
RTVSPost2010Prop38
140
0.0
102
RTVSPost2010PropOp38
 70
     0
102
RTVSPost2010Prop39
140
1.0
102
RTVSPost2010PropOp39
 70
     0
102
RTVSPost2010Prop40
 90
        0
102
RTVSPost2010PropOp40
 70
     0
102
RTVSPost2010Prop41ColorIndex
 90
       18
102
RTVSPost2010Prop41ColorRGB
 90
        0
102
RTVSPost2010PropOp41
 70
     0
102
RTVSPost2010Prop42
 90
       50
102
RTVSPost2010PropOp42
 70
     0
102
RTVSPost2010Prop43
 90
        3
102
RTVSPost2010PropOp43
 70
     0
102
RTVSPost2010Prop44ColorIndex
 90
        5
102
RTVSPost2010Prop44ColorRGB
 90
      255
102
RTVSPost2010PropOp44
 70
     0
102
RTVSPost2010Prop45
280
     0
102
RTVSPost2010PropOp45
 70
     0
102
RTVSPost2010Prop46
 90
       50
102
RTVSPost2010PropOp46
 70
     0
102
RTVSPost2010Prop47
 90
       50
102
RTVSPost2010PropOp47
 70
     0
102
RTVSPost2010Prop48
 90
       50
102
RTVSPost2010PropOp48
 70
     0
102
RTVSPost2010Prop49
280
     0
102
RTVSPost2010PropOp49
 70
     0
102
RTVSPost2010Prop50
 90
       50
102
RTVSPost2010PropOp50
 70
     0
102
RTVSPost2010Prop51ColorIndex
 90
      256
102
RTVSPost2010Prop51ColorRGB
 90
-16777216
102
RTVSPost2010PropOp51
 70
     0
102
RTVSPost2010Prop52
140
1.0
102
RTVSPost2010PropOp52
 70
     0
102
RTVSPost2010Prop53
 90
        2
102
RTVSPost2010PropOp53
 70
     0
102
RTVSPost2010Prop54
  1
strokes_ogs.tif
102
RTVSPost2010PropOp54
 70
     0
102
RTVSPost2010Prop55
280
     0
102
RTVSPost2010PropOp55
 70
     0
102
RTVSPost2010Prop56
140
1.0
102
RTVSPost2010PropOp56
 70
     0
102
RTVSPost2010Prop57
140
1.0
102
RTVSPost2010PropOp57
 70
     0
  0
XRECORD
  5
26B
102
{ACAD_REACTORS
330
26A
102
}
330
26A
100
AcDbXrecord
280
     1
102
RTVSPropertyOp0
 70
     1
102
RTVSPropertyOp1
 70
     1
102
RTVSPropertyOp2
 70
     1
102
RTVSPropertyOp3
 70
     1
102
RTVSPropertyOp4
 70
     1
102
RTVSPropertyOp5
 70
     1
102
RTVSPropertyOp6
 70
     1
102
RTVSPropertyOp7
 70
     1
102
RTVSPropertyOp8
 70
     1
102
RTVSPropertyOp9
 70
     1
102
RTVSPropertyOp10
 70
     1
102
RTVSPropertyOp11
 70
     1
102
RTVSPropertyOp12
 70
     1
102
RTVSPropertyOp13
 70
     1
102
RTVSPropertyOp14
 70
     1
102
RTVSPropertyOp15
 70
     1
102
RTVSPropertyOp16
 70
     1
102
RTVSPropertyOp17
 70
     1
102
RTVSPropertyOp18
 70
     1
102
RTVSPropertyOp19
 70
     1
102
RTVSPropertyOp20
 70
     1
102
RTVSPropertyOp21
 70
     1
102
RTVSPropertyOp22
 70
     1
102
RTVSPropertyOp23
 70
     1
102
RTVSPropertyOp24
 70
     1
102
RTVSPropertyOp25
 70
     1
102
RTVSPropertyOp26
 70
     1
102
RTVSPropertyOp27
 70
     1
102
RTVSPropertyOp28
 70
     1
102
RTVSPropertyOp29
 70
     1
102
RTVSPropertyOp30
 70
     1
102
RTVSPropertyOp31
 70
     1
102
RTVSPropertyOp32
 70
     1
102
RTVSPropertyOp33
 70
     1
102
RTVSPropertyOp34
 70
     1
102
RTVSPropertyOp35
 70
     1
102
RTVSPropertyOp36
 70
     1
102
RTVSPropertyOp37
 70
     1
102
RTVSPropertyOp38
 70
     1
102
RTVSPropertyOp39
 70
     1
102
RTVSPropertyOp40
 70
     1
102
RTVSPropertyOp41
 70
     1
102
RTVSPropertyOp42
 70
     1
102
RTVSPropertyOp43
 70
     1
102
RTVSPropertyOp44
 70
     1
102
RTVSPropertyOp45
 70
     1
102
RTVSPropertyOp46
 70
     1
102
RTVSPropertyOp47
 70
     1
102
RTVSPropertyOp48
 70
     1
102
RTVSPropertyOp49
 70
     1
102
RTVSPropertyOp50
 70
     1
102
RTVSPropertyOp51
 70
     0
102
RTVSPropertyOp52
 70
     0
102
RTVSPropertyOp53
 70
     1
102
RTVSPropertyOp54
 70
     1
102
RTVSPropertyOp55
 70
     1
102
RTVSPropertyOp56
 70
     1
102
RTVSPropertyOp57
 70
     1
102
RTVSPost2010Prop28
280
     0
102
RTVSPost2010PropOp28
 70
     1
102
RTVSPost2010Prop29
280
     1
102
RTVSPost2010PropOp29
 70
     1
102
RTVSPost2010Prop30
280
     1
102
RTVSPost2010PropOp30
 70
     1
102
RTVSPost2010Prop31
280
     0
102
RTVSPost2010PropOp31
 70
     1
102
RTVSPost2010Prop32
280
     0
102
RTVSPost2010PropOp32
 70
     1
102
RTVSPost2010Prop33
280
     0
102
RTVSPost2010PropOp33
 70
     1
102
RTVSPost2010Prop34
280
     0
102
RTVSPost2010PropOp34
 70
     1
102
RTVSPost2010Prop35
280
     0
102
RTVSPost2010PropOp35
 70
     1
102
RTVSPost2010Prop36
280
     0
102
RTVSPost2010PropOp36
 70
     1
102
RTVSPost2010Prop37
 90
       50
102
RTVSPost2010PropOp37
 70
     1
102
RTVSPost2010Prop38
140
0.0
102
RTVSPost2010PropOp38
 70
     1
102
RTVSPost2010Prop39
140
1.0
102
RTVSPost2010PropOp39
 70
     1
102
RTVSPost2010Prop40
 90
        0
102
RTVSPost2010PropOp40
 70
     1
102
RTVSPost2010Prop41ColorIndex
 90
       18
102
RTVSPost2010Prop41ColorRGB
 90
        0
102
RTVSPost2010PropOp41
 70
     1
102
RTVSPost2010Prop42
 90
       50
102
RTVSPost2010PropOp42
 70
     1
102
RTVSPost2010Prop43
 90
        3
102
RTVSPost2010PropOp43
 70
     1
102
RTVSPost2010Prop44ColorIndex
 90
        5
102
RTVSPost2010Prop44ColorRGB
 90
      255
102
RTVSPost2010PropOp44
 70
     1
102
RTVSPost2010Prop45
280
     0
102
RTVSPost2010PropOp45
 70
     1
102
RTVSPost2010Prop46
 90
       50
102
RTVSPost2010PropOp46
 70
     1
102
RTVSPost2010Prop47
 90
       50
102
RTVSPost2010PropOp47
 70
     1
102
RTVSPost2010Prop48
 90
       50
102
RTVSPost2010PropOp48
 70
     1
102
RTVSPost2010Prop49
280
     0
102
RTVSPost2010PropOp49
 70
     1
102
RTVSPost2010Prop50
 90
       50
102
RTVSPost2010PropOp50
 70
     1
102
RTVSPost2010Prop51ColorIndex
 90
      256
102
RTVSPost2010Prop51ColorRGB
 90
-16777216
102
RTVSPost2010PropOp51
 70
     0
102
RTVSPost2010Prop52
140
1.0
102
RTVSPost2010PropOp52
 70
     0
102
RTVSPost2010Prop53
 90
        2
102
RTVSPost2010PropOp53
 70
     1
102
RTVSPost2010Prop54
  1
strokes_ogs.tif
102
RTVSPost2010PropOp54
 70
     1
102
RTVSPost2010Prop55
280
     0
102
RTVSPost2010PropOp55
 70
     1
102
RTVSPost2010Prop56
140
1.0
102
RTVSPost2010PropOp56
 70
     1
102
RTVSPost2010Prop57
140
1.0
102
RTVSPost2010PropOp57
 70
     1
  0
XRECORD
  5
289
102
{ACAD_REACTORS
330
288
102
}
330
288
100
AcDbXrecord
280
     1
102
RTVSPropertyOp0
 70
     1
102
RTVSPropertyOp1
 70
     1
102
RTVSPropertyOp2
 70
     1
102
RTVSPropertyOp3
 70
     1
102
RTVSPropertyOp4
 70
     1
102
RTVSPropertyOp5
 70
     1
102
RTVSPropertyOp6
 70
     1
102
RTVSPropertyOp7
 70
     1
102
RTVSPropertyOp8
 70
     1
102
RTVSPropertyOp9
 70
     1
102
RTVSPropertyOp10
 70
     1
102
RTVSPropertyOp11
 70
     1
102
RTVSPropertyOp12
 70
     1
102
RTVSPropertyOp13
 70
     1
102
RTVSPropertyOp14
 70
     1
102
RTVSPropertyOp15
 70
     1
102
RTVSPropertyOp16
 70
     1
102
RTVSPropertyOp17
 70
     1
102
RTVSPropertyOp18
 70
     1
102
RTVSPropertyOp19
 70
     1
102
RTVSPropertyOp20
 70
     1
102
RTVSPropertyOp21
 70
     1
102
RTVSPropertyOp22
 70
     1
102
RTVSPropertyOp23
 70
     1
102
RTVSPropertyOp24
 70
     1
102
RTVSPropertyOp25
 70
     1
102
RTVSPropertyOp26
 70
     1
102
RTVSPropertyOp27
 70
     1
102
RTVSPropertyOp28
 70
     1
102
RTVSPropertyOp29
 70
     1
102
RTVSPropertyOp30
 70
     1
102
RTVSPropertyOp31
 70
     1
102
RTVSPropertyOp32
 70
     1
102
RTVSPropertyOp33
 70
     1
102
RTVSPropertyOp34
 70
     1
102
RTVSPropertyOp35
 70
     1
102
RTVSPropertyOp36
 70
     1
102
RTVSPropertyOp37
 70
     1
102
RTVSPropertyOp38
 70
     1
102
RTVSPropertyOp39
 70
     1
102
RTVSPropertyOp40
 70
     1
102
RTVSPropertyOp41
 70
     1
102
RTVSPropertyOp42
 70
     1
102
RTVSPropertyOp43
 70
     1
102
RTVSPropertyOp44
 70
     1
102
RTVSPropertyOp45
 70
     1
102
RTVSPropertyOp46
 70
     1
102
RTVSPropertyOp47
 70
     1
102
RTVSPropertyOp48
 70
     1
102
RTVSPropertyOp49
 70
     1
102
RTVSPropertyOp50
 70
     1
102
RTVSPropertyOp51
 70
     0
102
RTVSPropertyOp52
 70
     0
102
RTVSPropertyOp53
 70
     1
102
RTVSPropertyOp54
 70
     1
102
RTVSPropertyOp55
 70
     1
102
RTVSPropertyOp56
 70
     1
102
RTVSPropertyOp57
 70
     1
102
RTVSPost2010Prop28
280
     0
102
RTVSPost2010PropOp28
 70
     1
102
RTVSPost2010Prop29
280
     1
102
RTVSPost2010PropOp29
 70
     1
102
RTVSPost2010Prop30
280
     1
102
RTVSPost2010PropOp30
 70
     1
102
RTVSPost2010Prop31
280
     0
102
RTVSPost2010PropOp31
 70
     1
102
RTVSPost2010Prop32
280
     0
102
RTVSPost2010PropOp32
 70
     1
102
RTVSPost2010Prop33
280
     0
102
RTVSPost2010PropOp33
 70
     1
102
RTVSPost2010Prop34
280
     0
102
RTVSPost2010PropOp34
 70
     1
102
RTVSPost2010Prop35
280
     0
102
RTVSPost2010PropOp35
 70
     1
102
RTVSPost2010Prop36
280
     0
102
RTVSPost2010PropOp36
 70
     1
102
RTVSPost2010Prop37
 90
       50
102
RTVSPost2010PropOp37
 70
     1
102
RTVSPost2010Prop38
140
0.0
102
RTVSPost2010PropOp38
 70
     1
102
RTVSPost2010Prop39
140
1.0
102
RTVSPost2010PropOp39
 70
     1
102
RTVSPost2010Prop40
 90
        0
102
RTVSPost2010PropOp40
 70
     1
102
RTVSPost2010Prop41ColorIndex
 90
       18
102
RTVSPost2010Prop41ColorRGB
 90
        0
102
RTVSPost2010PropOp41
 70
     1
102
RTVSPost2010Prop42
 90
       50
102
RTVSPost2010PropOp42
 70
     1
102
RTVSPost2010Prop43
 90
        3
102
RTVSPost2010PropOp43
 70
     1
102
RTVSPost2010Prop44ColorIndex
 90
        5
102
RTVSPost2010Prop44ColorRGB
 90
      255
102
RTVSPost2010PropOp44
 70
     1
102
RTVSPost2010Prop45
280
     0
102
RTVSPost2010PropOp45
 70
     1
102
RTVSPost2010Prop46
 90
       50
102
RTVSPost2010PropOp46
 70
     1
102
RTVSPost2010Prop47
 90
       50
102
RTVSPost2010PropOp47
 70
     1
102
RTVSPost2010Prop48
 90
       50
102
RTVSPost2010PropOp48
 70
     1
102
RTVSPost2010Prop49
280
     0
102
RTVSPost2010PropOp49
 70
     1
102
RTVSPost2010Prop50
 90
       50
102
RTVSPost2010PropOp50
 70
     1
102
RTVSPost2010Prop51ColorIndex
 90
      256
102
RTVSPost2010Prop51ColorRGB
 90
-16777216
102
RTVSPost2010PropOp51
 70
     0
102
RTVSPost2010Prop52
140
1.0
102
RTVSPost2010PropOp52
 70
     0
102
RTVSPost2010Prop53
 90
        2
102
RTVSPost2010PropOp53
 70
     1
102
RTVSPost2010Prop54
  1
strokes_ogs.tif
102
RTVSPost2010PropOp54
 70
     1
102
RTVSPost2010Prop55
280
     0
102
RTVSPost2010PropOp55
 70
     1
102
RTVSPost2010Prop56
140
1.0
102
RTVSPost2010PropOp56
 70
     1
102
RTVSPost2010Prop57
140
1.0
102
RTVSPost2010PropOp57
 70
     1
  0
XRECORD
  5
287
102
{ACAD_REACTORS
330
286
102
}
330
286
100
AcDbXrecord
280
     1
102
RTVSPropertyOp0
 70
     1
102
RTVSPropertyOp1
 70
     1
102
RTVSPropertyOp2
 70
     1
102
RTVSPropertyOp3
 70
     1
102
RTVSPropertyOp4
 70
     1
102
RTVSPropertyOp5
 70
     1
102
RTVSPropertyOp6
 70
     1
102
RTVSPropertyOp7
 70
     1
102
RTVSPropertyOp8
 70
     1
102
RTVSPropertyOp9
 70
     1
102
RTVSPropertyOp10
 70
     1
102
RTVSPropertyOp11
 70
     1
102
RTVSPropertyOp12
 70
     1
102
RTVSPropertyOp13
 70
     1
102
RTVSPropertyOp14
 70
     1
102
RTVSPropertyOp15
 70
     1
102
RTVSPropertyOp16
 70
     1
102
RTVSPropertyOp17
 70
     1
102
RTVSPropertyOp18
 70
     1
102
RTVSPropertyOp19
 70
     1
102
RTVSPropertyOp20
 70
     1
102
RTVSPropertyOp21
 70
     1
102
RTVSPropertyOp22
 70
     1
102
RTVSPropertyOp23
 70
     1
102
RTVSPropertyOp24
 70
     1
102
RTVSPropertyOp25
 70
     1
102
RTVSPropertyOp26
 70
     1
102
RTVSPropertyOp27
 70
     1
102
RTVSPropertyOp28
 70
     1
102
RTVSPropertyOp29
 70
     1
102
RTVSPropertyOp30
 70
     1
102
RTVSPropertyOp31
 70
     1
102
RTVSPropertyOp32
 70
     1
102
RTVSPropertyOp33
 70
     1
102
RTVSPropertyOp34
 70
     1
102
RTVSPropertyOp35
 70
     1
102
RTVSPropertyOp36
 70
     1
102
RTVSPropertyOp37
 70
     1
102
RTVSPropertyOp38
 70
     1
102
RTVSPropertyOp39
 70
     1
102
RTVSPropertyOp40
 70
     1
102
RTVSPropertyOp41
 70
     1
102
RTVSPropertyOp42
 70
     1
102
RTVSPropertyOp43
 70
     1
102
RTVSPropertyOp44
 70
     1
102
RTVSPropertyOp45
 70
     1
102
RTVSPropertyOp46
 70
     1
102
RTVSPropertyOp47
 70
     1
102
RTVSPropertyOp48
 70
     1
102
RTVSPropertyOp49
 70
     1
102
RTVSPropertyOp50
 70
     1
102
RTVSPropertyOp51
 70
     0
102
RTVSPropertyOp52
 70
     0
102
RTVSPropertyOp53
 70
     1
102
RTVSPropertyOp54
 70
     1
102
RTVSPropertyOp55
 70
     1
102
RTVSPropertyOp56
 70
     1
102
RTVSPropertyOp57
 70
     1
102
RTVSPost2010Prop28
280
     0
102
RTVSPost2010PropOp28
 70
     1
102
RTVSPost2010Prop29
280
     1
102
RTVSPost2010PropOp29
 70
     1
102
RTVSPost2010Prop30
280
     1
102
RTVSPost2010PropOp30
 70
     1
102
RTVSPost2010Prop31
280
     0
102
RTVSPost2010PropOp31
 70
     1
102
RTVSPost2010Prop32
280
     0
102
RTVSPost2010PropOp32
 70
     1
102
RTVSPost2010Prop33
280
     0
102
RTVSPost2010PropOp33
 70
     1
102
RTVSPost2010Prop34
280
     0
102
RTVSPost2010PropOp34
 70
     1
102
RTVSPost2010Prop35
280
     0
102
RTVSPost2010PropOp35
 70
     1
102
RTVSPost2010Prop36
280
     0
102
RTVSPost2010PropOp36
 70
     1
102
RTVSPost2010Prop37
 90
       50
102
RTVSPost2010PropOp37
 70
     1
102
RTVSPost2010Prop38
140
0.0
102
RTVSPost2010PropOp38
 70
     1
102
RTVSPost2010Prop39
140
1.0
102
RTVSPost2010PropOp39
 70
     1
102
RTVSPost2010Prop40
 90
        0
102
RTVSPost2010PropOp40
 70
     1
102
RTVSPost2010Prop41ColorIndex
 90
       18
102
RTVSPost2010Prop41ColorRGB
 90
        0
102
RTVSPost2010PropOp41
 70
     1
102
RTVSPost2010Prop42
 90
       50
102
RTVSPost2010PropOp42
 70
     1
102
RTVSPost2010Prop43
 90
        3
102
RTVSPost2010PropOp43
 70
     1
102
RTVSPost2010Prop44ColorIndex
 90
        5
102
RTVSPost2010Prop44ColorRGB
 90
      255
102
RTVSPost2010PropOp44
 70
     1
102
RTVSPost2010Prop45
280
     0
102
RTVSPost2010PropOp45
 70
     1
102
RTVSPost2010Prop46
 90
       50
102
RTVSPost2010PropOp46
 70
     1
102
RTVSPost2010Prop47
 90
       50
102
RTVSPost2010PropOp47
 70
     1
102
RTVSPost2010Prop48
 90
       50
102
RTVSPost2010PropOp48
 70
     1
102
RTVSPost2010Prop49
280
     0
102
RTVSPost2010PropOp49
 70
     1
102
RTVSPost2010Prop50
 90
       50
102
RTVSPost2010PropOp50
 70
     1
102
RTVSPost2010Prop51ColorIndex
 90
      256
102
RTVSPost2010Prop51ColorRGB
 90
-16777216
102
RTVSPost2010PropOp51
 70
     0
102
RTVSPost2010Prop52
140
1.0
102
RTVSPost2010PropOp52
 70
     0
102
RTVSPost2010Prop53
 90
        2
102
RTVSPost2010PropOp53
 70
     1
102
RTVSPost2010Prop54
  1
strokes_ogs.tif
102
RTVSPost2010PropOp54
 70
     1
102
RTVSPost2010Prop55
280
     0
102
RTVSPost2010PropOp55
 70
     1
102
RTVSPost2010Prop56
140
1.0
102
RTVSPost2010PropOp56
 70
     1
102
RTVSPost2010Prop57
140
1.0
102
RTVSPost2010PropOp57
 70
     1
  0
XRECORD
  5
281
102
{ACAD_REACTORS
330
280
102
}
330
280
100
AcDbXrecord
280
     1
102
RTVSPropertyOp0
 70
     1
102
RTVSPropertyOp1
 70
     1
102
RTVSPropertyOp2
 70
     1
102
RTVSPropertyOp3
 70
     1
102
RTVSPropertyOp4
 70
     1
102
RTVSPropertyOp5
 70
     1
102
RTVSPropertyOp6
 70
     1
102
RTVSPropertyOp7
 70
     1
102
RTVSPropertyOp8
 70
     1
102
RTVSPropertyOp9
 70
     1
102
RTVSPropertyOp10
 70
     1
102
RTVSPropertyOp11
 70
     1
102
RTVSPropertyOp12
 70
     1
102
RTVSPropertyOp13
 70
     1
102
RTVSPropertyOp14
 70
     1
102
RTVSPropertyOp15
 70
     1
102
RTVSPropertyOp16
 70
     1
102
RTVSPropertyOp17
 70
     1
102
RTVSPropertyOp18
 70
     1
102
RTVSPropertyOp19
 70
     1
102
RTVSPropertyOp20
 70
     1
102
RTVSPropertyOp21
 70
     1
102
RTVSPropertyOp22
 70
     1
102
RTVSPropertyOp23
 70
     1
102
RTVSPropertyOp24
 70
     1
102
RTVSPropertyOp25
 70
     1
102
RTVSPropertyOp26
 70
     1
102
RTVSPropertyOp27
 70
     1
102
RTVSPropertyOp28
 70
     1
102
RTVSPropertyOp29
 70
     1
102
RTVSPropertyOp30
 70
     1
102
RTVSPropertyOp31
 70
     1
102
RTVSPropertyOp32
 70
     1
102
RTVSPropertyOp33
 70
     1
102
RTVSPropertyOp34
 70
     1
102
RTVSPropertyOp35
 70
     1
102
RTVSPropertyOp36
 70
     1
102
RTVSPropertyOp37
 70
     1
102
RTVSPropertyOp38
 70
     1
102
RTVSPropertyOp39
 70
     1
102
RTVSPropertyOp40
 70
     1
102
RTVSPropertyOp41
 70
     1
102
RTVSPropertyOp42
 70
     1
102
RTVSPropertyOp43
 70
     1
102
RTVSPropertyOp44
 70
     1
102
RTVSPropertyOp45
 70
     1
102
RTVSPropertyOp46
 70
     1
102
RTVSPropertyOp47
 70
     1
102
RTVSPropertyOp48
 70
     1
102
RTVSPropertyOp49
 70
     1
102
RTVSPropertyOp50
 70
     1
102
RTVSPropertyOp51
 70
     0
102
RTVSPropertyOp52
 70
     0
102
RTVSPropertyOp53
 70
     1
102
RTVSPropertyOp54
 70
     1
102
RTVSPropertyOp55
 70
     1
102
RTVSPropertyOp56
 70
     1
102
RTVSPropertyOp57
 70
     1
102
RTVSPost2010Prop28
280
     0
102
RTVSPost2010PropOp28
 70
     1
102
RTVSPost2010Prop29
280
     1
102
RTVSPost2010PropOp29
 70
     1
102
RTVSPost2010Prop30
280
     1
102
RTVSPost2010PropOp30
 70
     1
102
RTVSPost2010Prop31
280
     0
102
RTVSPost2010PropOp31
 70
     1
102
RTVSPost2010Prop32
280
     0
102
RTVSPost2010PropOp32
 70
     1
102
RTVSPost2010Prop33
280
     0
102
RTVSPost2010PropOp33
 70
     1
102
RTVSPost2010Prop34
280
     0
102
RTVSPost2010PropOp34
 70
     1
102
RTVSPost2010Prop35
280
     0
102
RTVSPost2010PropOp35
 70
     1
102
RTVSPost2010Prop36
280
     0
102
RTVSPost2010PropOp36
 70
     1
102
RTVSPost2010Prop37
 90
       50
102
RTVSPost2010PropOp37
 70
     1
102
RTVSPost2010Prop38
140
0.0
102
RTVSPost2010PropOp38
 70
     1
102
RTVSPost2010Prop39
140
1.0
102
RTVSPost2010PropOp39
 70
     1
102
RTVSPost2010Prop40
 90
        0
102
RTVSPost2010PropOp40
 70
     1
102
RTVSPost2010Prop41ColorIndex
 90
       18
102
RTVSPost2010Prop41ColorRGB
 90
        0
102
RTVSPost2010PropOp41
 70
     1
102
RTVSPost2010Prop42
 90
       50
102
RTVSPost2010PropOp42
 70
     1
102
RTVSPost2010Prop43
 90
        3
102
RTVSPost2010PropOp43
 70
     1
102
RTVSPost2010Prop44ColorIndex
 90
        5
102
RTVSPost2010Prop44ColorRGB
 90
      255
102
RTVSPost2010PropOp44
 70
     1
102
RTVSPost2010Prop45
280
     0
102
RTVSPost2010PropOp45
 70
     1
102
RTVSPost2010Prop46
 90
       50
102
RTVSPost2010PropOp46
 70
     1
102
RTVSPost2010Prop47
 90
       50
102
RTVSPost2010PropOp47
 70
     1
102
RTVSPost2010Prop48
 90
       50
102
RTVSPost2010PropOp48
 70
     1
102
RTVSPost2010Prop49
280
     0
102
RTVSPost2010PropOp49
 70
     1
102
RTVSPost2010Prop50
 90
       50
102
RTVSPost2010PropOp50
 70
     1
102
RTVSPost2010Prop51ColorIndex
 90
      256
102
RTVSPost2010Prop51ColorRGB
 90
-16777216
102
RTVSPost2010PropOp51
 70
     0
102
RTVSPost2010Prop52
140
1.0
102
RTVSPost2010PropOp52
 70
     0
102
RTVSPost2010Prop53
 90
        2
102
RTVSPost2010PropOp53
 70
     1
102
RTVSPost2010Prop54
  1
strokes_ogs.tif
102
RTVSPost2010PropOp54
 70
     1
102
RTVSPost2010Prop55
280
     0
102
RTVSPost2010PropOp55
 70
     1
102
RTVSPost2010Prop56
140
1.0
102
RTVSPost2010PropOp56
 70
     1
102
RTVSPost2010Prop57
140
1.0
102
RTVSPost2010PropOp57
 70
     1
  0
XRECORD
  5
283
102
{ACAD_REACTORS
330
282
102
}
330
282
100
AcDbXrecord
280
     1
102
RTVSPropertyOp0
 70
     1
102
RTVSPropertyOp1
 70
     1
102
RTVSPropertyOp2
 70
     1
102
RTVSPropertyOp3
 70
     1
102
RTVSPropertyOp4
 70
     1
102
RTVSPropertyOp5
 70
     1
102
RTVSPropertyOp6
 70
     1
102
RTVSPropertyOp7
 70
     1
102
RTVSPropertyOp8
 70
     1
102
RTVSPropertyOp9
 70
     1
102
RTVSPropertyOp10
 70
     1
102
RTVSPropertyOp11
 70
     1
102
RTVSPropertyOp12
 70
     1
102
RTVSPropertyOp13
 70
     1
102
RTVSPropertyOp14
 70
     1
102
RTVSPropertyOp15
 70
     1
102
RTVSPropertyOp16
 70
     1
102
RTVSPropertyOp17
 70
     1
102
RTVSPropertyOp18
 70
     1
102
RTVSPropertyOp19
 70
     1
102
RTVSPropertyOp20
 70
     1
102
RTVSPropertyOp21
 70
     1
102
RTVSPropertyOp22
 70
     1
102
RTVSPropertyOp23
 70
     1
102
RTVSPropertyOp24
 70
     1
102
RTVSPropertyOp25
 70
     1
102
RTVSPropertyOp26
 70
     1
102
RTVSPropertyOp27
 70
     1
102
RTVSPropertyOp28
 70
     1
102
RTVSPropertyOp29
 70
     1
102
RTVSPropertyOp30
 70
     1
102
RTVSPropertyOp31
 70
     1
102
RTVSPropertyOp32
 70
     1
102
RTVSPropertyOp33
 70
     1
102
RTVSPropertyOp34
 70
     1
102
RTVSPropertyOp35
 70
     1
102
RTVSPropertyOp36
 70
     1
102
RTVSPropertyOp37
 70
     1
102
RTVSPropertyOp38
 70
     1
102
RTVSPropertyOp39
 70
     1
102
RTVSPropertyOp40
 70
     1
102
RTVSPropertyOp41
 70
     1
102
RTVSPropertyOp42
 70
     1
102
RTVSPropertyOp43
 70
     1
102
RTVSPropertyOp44
 70
     1
102
RTVSPropertyOp45
 70
     1
102
RTVSPropertyOp46
 70
     1
102
RTVSPropertyOp47
 70
     1
102
RTVSPropertyOp48
 70
     1
102
RTVSPropertyOp49
 70
     1
102
RTVSPropertyOp50
 70
     1
102
RTVSPropertyOp51
 70
     0
102
RTVSPropertyOp52
 70
     0
102
RTVSPropertyOp53
 70
     1
102
RTVSPropertyOp54
 70
     1
102
RTVSPropertyOp55
 70
     1
102
RTVSPropertyOp56
 70
     1
102
RTVSPropertyOp57
 70
     1
102
RTVSPost2010Prop28
280
     0
102
RTVSPost2010PropOp28
 70
     1
102
RTVSPost2010Prop29
280
     1
102
RTVSPost2010PropOp29
 70
     1
102
RTVSPost2010Prop30
280
     1
102
RTVSPost2010PropOp30
 70
     1
102
RTVSPost2010Prop31
280
     0
102
RTVSPost2010PropOp31
 70
     1
102
RTVSPost2010Prop32
280
     0
102
RTVSPost2010PropOp32
 70
     1
102
RTVSPost2010Prop33
280
     0
102
RTVSPost2010PropOp33
 70
     1
102
RTVSPost2010Prop34
280
     0
102
RTVSPost2010PropOp34
 70
     1
102
RTVSPost2010Prop35
280
     0
102
RTVSPost2010PropOp35
 70
     1
102
RTVSPost2010Prop36
280
     0
102
RTVSPost2010PropOp36
 70
     1
102
RTVSPost2010Prop37
 90
       50
102
RTVSPost2010PropOp37
 70
     1
102
RTVSPost2010Prop38
140
0.0
102
RTVSPost2010PropOp38
 70
     1
102
RTVSPost2010Prop39
140
1.0
102
RTVSPost2010PropOp39
 70
     1
102
RTVSPost2010Prop40
 90
        0
102
RTVSPost2010PropOp40
 70
     1
102
RTVSPost2010Prop41ColorIndex
 90
       18
102
RTVSPost2010Prop41ColorRGB
 90
        0
102
RTVSPost2010PropOp41
 70
     1
102
RTVSPost2010Prop42
 90
       50
102
RTVSPost2010PropOp42
 70
     1
102
RTVSPost2010Prop43
 90
        3
102
RTVSPost2010PropOp43
 70
     1
102
RTVSPost2010Prop44ColorIndex
 90
        5
102
RTVSPost2010Prop44ColorRGB
 90
      255
102
RTVSPost2010PropOp44
 70
     1
102
RTVSPost2010Prop45
280
     0
102
RTVSPost2010PropOp45
 70
     1
102
RTVSPost2010Prop46
 90
       50
102
RTVSPost2010PropOp46
 70
     1
102
RTVSPost2010Prop47
 90
       50
102
RTVSPost2010PropOp47
 70
     1
102
RTVSPost2010Prop48
 90
       50
102
RTVSPost2010PropOp48
 70
     1
102
RTVSPost2010Prop49
280
     0
102
RTVSPost2010PropOp49
 70
     1
102
RTVSPost2010Prop50
 90
       50
102
RTVSPost2010PropOp50
 70
     1
102
RTVSPost2010Prop51ColorIndex
 90
      256
102
RTVSPost2010Prop51ColorRGB
 90
-16777216
102
RTVSPost2010PropOp51
 70
     0
102
RTVSPost2010Prop52
140
1.0
102
RTVSPost2010PropOp52
 70
     0
102
RTVSPost2010Prop53
 90
        2
102
RTVSPost2010PropOp53
 70
     1
102
RTVSPost2010Prop54
  1
strokes_ogs.tif
102
RTVSPost2010PropOp54
 70
     1
102
RTVSPost2010Prop55
280
     0
102
RTVSPost2010PropOp55
 70
     1
102
RTVSPost2010Prop56
140
1.0
102
RTVSPost2010PropOp56
 70
     1
102
RTVSPost2010Prop57
140
1.0
102
RTVSPost2010PropOp57
 70
     1
  0
XRECORD
  5
273
102
{ACAD_REACTORS
330
272
102
}
330
272
100
AcDbXrecord
280
     1
102
RTVSPropertyOp0
 70
     1
102
RTVSPropertyOp1
 70
     1
102
RTVSPropertyOp2
 70
     1
102
RTVSPropertyOp3
 70
     1
102
RTVSPropertyOp4
 70
     1
102
RTVSPropertyOp5
 70
     1
102
RTVSPropertyOp6
 70
     1
102
RTVSPropertyOp7
 70
     1
102
RTVSPropertyOp8
 70
     1
102
RTVSPropertyOp9
 70
     1
102
RTVSPropertyOp10
 70
     1
102
RTVSPropertyOp11
 70
     1
102
RTVSPropertyOp12
 70
     1
102
RTVSPropertyOp13
 70
     1
102
RTVSPropertyOp14
 70
     1
102
RTVSPropertyOp15
 70
     1
102
RTVSPropertyOp16
 70
     1
102
RTVSPropertyOp17
 70
     1
102
RTVSPropertyOp18
 70
     1
102
RTVSPropertyOp19
 70
     1
102
RTVSPropertyOp20
 70
     1
102
RTVSPropertyOp21
 70
     1
102
RTVSPropertyOp22
 70
     1
102
RTVSPropertyOp23
 70
     1
102
RTVSPropertyOp24
 70
     1
102
RTVSPropertyOp25
 70
     1
102
RTVSPropertyOp26
 70
     1
102
RTVSPropertyOp27
 70
     1
102
RTVSPropertyOp28
 70
     1
102
RTVSPropertyOp29
 70
     1
102
RTVSPropertyOp30
 70
     1
102
RTVSPropertyOp31
 70
     1
102
RTVSPropertyOp32
 70
     1
102
RTVSPropertyOp33
 70
     1
102
RTVSPropertyOp34
 70
     1
102
RTVSPropertyOp35
 70
     1
102
RTVSPropertyOp36
 70
     1
102
RTVSPropertyOp37
 70
     1
102
RTVSPropertyOp38
 70
     1
102
RTVSPropertyOp39
 70
     1
102
RTVSPropertyOp40
 70
     1
102
RTVSPropertyOp41
 70
     1
102
RTVSPropertyOp42
 70
     1
102
RTVSPropertyOp43
 70
     1
102
RTVSPropertyOp44
 70
     1
102
RTVSPropertyOp45
 70
     1
102
RTVSPropertyOp46
 70
     1
102
RTVSPropertyOp47
 70
     1
102
RTVSPropertyOp48
 70
     1
102
RTVSPropertyOp49
 70
     1
102
RTVSPropertyOp50
 70
     1
102
RTVSPropertyOp51
 70
     0
102
RTVSPropertyOp52
 70
     0
102
RTVSPropertyOp53
 70
     1
102
RTVSPropertyOp54
 70
     1
102
RTVSPropertyOp55
 70
     1
102
RTVSPropertyOp56
 70
     1
102
RTVSPropertyOp57
 70
     1
102
RTVSPost2010Prop28
280
     0
102
RTVSPost2010PropOp28
 70
     1
102
RTVSPost2010Prop29
280
     1
102
RTVSPost2010PropOp29
 70
     1
102
RTVSPost2010Prop30
280
     1
102
RTVSPost2010PropOp30
 70
     1
102
RTVSPost2010Prop31
280
     0
102
RTVSPost2010PropOp31
 70
     1
102
RTVSPost2010Prop32
280
     0
102
RTVSPost2010PropOp32
 70
     1
102
RTVSPost2010Prop33
280
     0
102
RTVSPost2010PropOp33
 70
     1
102
RTVSPost2010Prop34
280
     0
102
RTVSPost2010PropOp34
 70
     1
102
RTVSPost2010Prop35
280
     0
102
RTVSPost2010PropOp35
 70
     1
102
RTVSPost2010Prop36
280
     0
102
RTVSPost2010PropOp36
 70
     1
102
RTVSPost2010Prop37
 90
       50
102
RTVSPost2010PropOp37
 70
     1
102
RTVSPost2010Prop38
140
0.0
102
RTVSPost2010PropOp38
 70
     1
102
RTVSPost2010Prop39
140
1.0
102
RTVSPost2010PropOp39
 70
     1
102
RTVSPost2010Prop40
 90
        0
102
RTVSPost2010PropOp40
 70
     1
102
RTVSPost2010Prop41ColorIndex
 90
       18
102
RTVSPost2010Prop41ColorRGB
 90
        0
102
RTVSPost2010PropOp41
 70
     1
102
RTVSPost2010Prop42
 90
       50
102
RTVSPost2010PropOp42
 70
     1
102
RTVSPost2010Prop43
 90
        3
102
RTVSPost2010PropOp43
 70
     1
102
RTVSPost2010Prop44ColorIndex
 90
        5
102
RTVSPost2010Prop44ColorRGB
 90
      255
102
RTVSPost2010PropOp44
 70
     1
102
RTVSPost2010Prop45
280
     0
102
RTVSPost2010PropOp45
 70
     1
102
RTVSPost2010Prop46
 90
       50
102
RTVSPost2010PropOp46
 70
     1
102
RTVSPost2010Prop47
 90
       50
102
RTVSPost2010PropOp47
 70
     1
102
RTVSPost2010Prop48
 90
       50
102
RTVSPost2010PropOp48
 70
     1
102
RTVSPost2010Prop49
280
     0
102
RTVSPost2010PropOp49
 70
     1
102
RTVSPost2010Prop50
 90
       50
102
RTVSPost2010PropOp50
 70
     1
102
RTVSPost2010Prop51ColorIndex
 90
      256
102
RTVSPost2010Prop51ColorRGB
 90
-16777216
102
RTVSPost2010PropOp51
 70
     0
102
RTVSPost2010Prop52
140
1.0
102
RTVSPost2010PropOp52
 70
     0
102
RTVSPost2010Prop53
 90
        2
102
RTVSPost2010PropOp53
 70
     1
102
RTVSPost2010Prop54
  1
strokes_ogs.tif
102
RTVSPost2010PropOp54
 70
     1
102
RTVSPost2010Prop55
280
     0
102
RTVSPost2010PropOp55
 70
     1
102
RTVSPost2010Prop56
140
1.0
102
RTVSPost2010PropOp56
 70
     1
102
RTVSPost2010Prop57
140
1.0
102
RTVSPost2010PropOp57
 70
     1
  0
XRECORD
  5
265
102
{ACAD_REACTORS
330
264
102
}
330
264
100
AcDbXrecord
280
     1
102
RTVSPropertyOp0
 70
     1
102
RTVSPropertyOp1
 70
     1
102
RTVSPropertyOp2
 70
     1
102
RTVSPropertyOp3
 70
     1
102
RTVSPropertyOp4
 70
     1
102
RTVSPropertyOp5
 70
     1
102
RTVSPropertyOp6
 70
     1
102
RTVSPropertyOp7
 70
     1
102
RTVSPropertyOp8
 70
     1
102
RTVSPropertyOp9
 70
     1
102
RTVSPropertyOp10
 70
     1
102
RTVSPropertyOp11
 70
     1
102
RTVSPropertyOp12
 70
     1
102
RTVSPropertyOp13
 70
     1
102
RTVSPropertyOp14
 70
     1
102
RTVSPropertyOp15
 70
     1
102
RTVSPropertyOp16
 70
     1
102
RTVSPropertyOp17
 70
     1
102
RTVSPropertyOp18
 70
     1
102
RTVSPropertyOp19
 70
     1
102
RTVSPropertyOp20
 70
     1
102
RTVSPropertyOp21
 70
     1
102
RTVSPropertyOp22
 70
     1
102
RTVSPropertyOp23
 70
     1
102
RTVSPropertyOp24
 70
     1
102
RTVSPropertyOp25
 70
     1
102
RTVSPropertyOp26
 70
     1
102
RTVSPropertyOp27
 70
     1
102
RTVSPropertyOp28
 70
     1
102
RTVSPropertyOp29
 70
     1
102
RTVSPropertyOp30
 70
     1
102
RTVSPropertyOp31
 70
     1
102
RTVSPropertyOp32
 70
     1
102
RTVSPropertyOp33
 70
     1
102
RTVSPropertyOp34
 70
     1
102
RTVSPropertyOp35
 70
     1
102
RTVSPropertyOp36
 70
     1
102
RTVSPropertyOp37
 70
     1
102
RTVSPropertyOp38
 70
     1
102
RTVSPropertyOp39
 70
     1
102
RTVSPropertyOp40
 70
     1
102
RTVSPropertyOp41
 70
     1
102
RTVSPropertyOp42
 70
     1
102
RTVSPropertyOp43
 70
     1
102
RTVSPropertyOp44
 70
     1
102
RTVSPropertyOp45
 70
     1
102
RTVSPropertyOp46
 70
     1
102
RTVSPropertyOp47
 70
     1
102
RTVSPropertyOp48
 70
     1
102
RTVSPropertyOp49
 70
     1
102
RTVSPropertyOp50
 70
     1
102
RTVSPropertyOp51
 70
     0
102
RTVSPropertyOp52
 70
     0
102
RTVSPropertyOp53
 70
     1
102
RTVSPropertyOp54
 70
     1
102
RTVSPropertyOp55
 70
     1
102
RTVSPropertyOp56
 70
     1
102
RTVSPropertyOp57
 70
     1
102
RTVSPost2010Prop28
280
     0
102
RTVSPost2010PropOp28
 70
     1
102
RTVSPost2010Prop29
280
     1
102
RTVSPost2010PropOp29
 70
     1
102
RTVSPost2010Prop30
280
     1
102
RTVSPost2010PropOp30
 70
     1
102
RTVSPost2010Prop31
280
     0
102
RTVSPost2010PropOp31
 70
     1
102
RTVSPost2010Prop32
280
     0
102
RTVSPost2010PropOp32
 70
     1
102
RTVSPost2010Prop33
280
     0
102
RTVSPost2010PropOp33
 70
     1
102
RTVSPost2010Prop34
280
     0
102
RTVSPost2010PropOp34
 70
     1
102
RTVSPost2010Prop35
280
     0
102
RTVSPost2010PropOp35
 70
     1
102
RTVSPost2010Prop36
280
     0
102
RTVSPost2010PropOp36
 70
     1
102
RTVSPost2010Prop37
 90
       50
102
RTVSPost2010PropOp37
 70
     1
102
RTVSPost2010Prop38
140
0.0
102
RTVSPost2010PropOp38
 70
     1
102
RTVSPost2010Prop39
140
1.0
102
RTVSPost2010PropOp39
 70
     1
102
RTVSPost2010Prop40
 90
        0
102
RTVSPost2010PropOp40
 70
     1
102
RTVSPost2010Prop41ColorIndex
 90
       18
102
RTVSPost2010Prop41ColorRGB
 90
        0
102
RTVSPost2010PropOp41
 70
     1
102
RTVSPost2010Prop42
 90
       50
102
RTVSPost2010PropOp42
 70
     1
102
RTVSPost2010Prop43
 90
        3
102
RTVSPost2010PropOp43
 70
     1
102
RTVSPost2010Prop44ColorIndex
 90
        5
102
RTVSPost2010Prop44ColorRGB
 90
      255
102
RTVSPost2010PropOp44
 70
     1
102
RTVSPost2010Prop45
280
     0
102
RTVSPost2010PropOp45
 70
     1
102
RTVSPost2010Prop46
 90
       50
102
RTVSPost2010PropOp46
 70
     1
102
RTVSPost2010Prop47
 90
       50
102
RTVSPost2010PropOp47
 70
     1
102
RTVSPost2010Prop48
 90
       50
102
RTVSPost2010PropOp48
 70
     1
102
RTVSPost2010Prop49
280
     0
102
RTVSPost2010PropOp49
 70
     1
102
RTVSPost2010Prop50
 90
       50
102
RTVSPost2010PropOp50
 70
     1
102
RTVSPost2010Prop51ColorIndex
 90
      256
102
RTVSPost2010Prop51ColorRGB
 90
-16777216
102
RTVSPost2010PropOp51
 70
     0
102
RTVSPost2010Prop52
140
1.0
102
RTVSPost2010PropOp52
 70
     0
102
RTVSPost2010Prop53
 90
        2
102
RTVSPost2010PropOp53
 70
     1
102
RTVSPost2010Prop54
  1
strokes_ogs.tif
102
RTVSPost2010PropOp54
 70
     1
102
RTVSPost2010Prop55
280
     0
102
RTVSPost2010PropOp55
 70
     1
102
RTVSPost2010Prop56
140
1.0
102
RTVSPost2010PropOp56
 70
     1
102
RTVSPost2010Prop57
140
1.0
102
RTVSPost2010PropOp57
 70
     1
  0
XRECORD
  5
285
102
{ACAD_REACTORS
330
284
102
}
330
284
100
AcDbXrecord
280
     1
102
RTVSPropertyOp0
 70
     1
102
RTVSPropertyOp1
 70
     1
102
RTVSPropertyOp2
 70
     1
102
RTVSPropertyOp3
 70
     1
102
RTVSPropertyOp4
 70
     1
102
RTVSPropertyOp5
 70
     1
102
RTVSPropertyOp6
 70
     1
102
RTVSPropertyOp7
 70
     1
102
RTVSPropertyOp8
 70
     1
102
RTVSPropertyOp9
 70
     1
102
RTVSPropertyOp10
 70
     1
102
RTVSPropertyOp11
 70
     1
102
RTVSPropertyOp12
 70
     1
102
RTVSPropertyOp13
 70
     1
102
RTVSPropertyOp14
 70
     1
102
RTVSPropertyOp15
 70
     1
102
RTVSPropertyOp16
 70
     1
102
RTVSPropertyOp17
 70
     1
102
RTVSPropertyOp18
 70
     1
102
RTVSPropertyOp19
 70
     1
102
RTVSPropertyOp20
 70
     1
102
RTVSPropertyOp21
 70
     1
102
RTVSPropertyOp22
 70
     1
102
RTVSPropertyOp23
 70
     1
102
RTVSPropertyOp24
 70
     1
102
RTVSPropertyOp25
 70
     1
102
RTVSPropertyOp26
 70
     1
102
RTVSPropertyOp27
 70
     1
102
RTVSPropertyOp28
 70
     1
102
RTVSPropertyOp29
 70
     1
102
RTVSPropertyOp30
 70
     1
102
RTVSPropertyOp31
 70
     1
102
RTVSPropertyOp32
 70
     1
102
RTVSPropertyOp33
 70
     1
102
RTVSPropertyOp34
 70
     1
102
RTVSPropertyOp35
 70
     1
102
RTVSPropertyOp36
 70
     1
102
RTVSPropertyOp37
 70
     1
102
RTVSPropertyOp38
 70
     1
102
RTVSPropertyOp39
 70
     1
102
RTVSPropertyOp40
 70
     1
102
RTVSPropertyOp41
 70
     1
102
RTVSPropertyOp42
 70
     1
102
RTVSPropertyOp43
 70
     1
102
RTVSPropertyOp44
 70
     1
102
RTVSPropertyOp45
 70
     1
102
RTVSPropertyOp46
 70
     1
102
RTVSPropertyOp47
 70
     1
102
RTVSPropertyOp48
 70
     1
102
RTVSPropertyOp49
 70
     1
102
RTVSPropertyOp50
 70
     1
102
RTVSPropertyOp51
 70
     0
102
RTVSPropertyOp52
 70
     0
102
RTVSPropertyOp53
 70
     1
102
RTVSPropertyOp54
 70
     1
102
RTVSPropertyOp55
 70
     1
102
RTVSPropertyOp56
 70
     1
102
RTVSPropertyOp57
 70
     1
102
RTVSPost2010Prop28
280
     0
102
RTVSPost2010PropOp28
 70
     1
102
RTVSPost2010Prop29
280
     1
102
RTVSPost2010PropOp29
 70
     1
102
RTVSPost2010Prop30
280
     1
102
RTVSPost2010PropOp30
 70
     1
102
RTVSPost2010Prop31
280
     0
102
RTVSPost2010PropOp31
 70
     1
102
RTVSPost2010Prop32
280
     0
102
RTVSPost2010PropOp32
 70
     1
102
RTVSPost2010Prop33
280
     0
102
RTVSPost2010PropOp33
 70
     1
102
RTVSPost2010Prop34
280
     0
102
RTVSPost2010PropOp34
 70
     1
102
RTVSPost2010Prop35
280
     0
102
RTVSPost2010PropOp35
 70
     1
102
RTVSPost2010Prop36
280
     0
102
RTVSPost2010PropOp36
 70
     1
102
RTVSPost2010Prop37
 90
       50
102
RTVSPost2010PropOp37
 70
     1
102
RTVSPost2010Prop38
140
0.0
102
RTVSPost2010PropOp38
 70
     1
102
RTVSPost2010Prop39
140
1.0
102
RTVSPost2010PropOp39
 70
     1
102
RTVSPost2010Prop40
 90
        0
102
RTVSPost2010PropOp40
 70
     1
102
RTVSPost2010Prop41ColorIndex
 90
       18
102
RTVSPost2010Prop41ColorRGB
 90
        0
102
RTVSPost2010PropOp41
 70
     1
102
RTVSPost2010Prop42
 90
       50
102
RTVSPost2010PropOp42
 70
     1
102
RTVSPost2010Prop43
 90
        3
102
RTVSPost2010PropOp43
 70
     1
102
RTVSPost2010Prop44ColorIndex
 90
        5
102
RTVSPost2010Prop44ColorRGB
 90
      255
102
RTVSPost2010PropOp44
 70
     1
102
RTVSPost2010Prop45
280
     0
102
RTVSPost2010PropOp45
 70
     1
102
RTVSPost2010Prop46
 90
       50
102
RTVSPost2010PropOp46
 70
     1
102
RTVSPost2010Prop47
 90
       50
102
RTVSPost2010PropOp47
 70
     1
102
RTVSPost2010Prop48
 90
       50
102
RTVSPost2010PropOp48
 70
     1
102
RTVSPost2010Prop49
280
     0
102
RTVSPost2010PropOp49
 70
     1
102
RTVSPost2010Prop50
 90
       50
102
RTVSPost2010PropOp50
 70
     1
102
RTVSPost2010Prop51ColorIndex
 90
      256
102
RTVSPost2010Prop51ColorRGB
 90
-16777216
102
RTVSPost2010PropOp51
 70
     0
102
RTVSPost2010Prop52
140
1.0
102
RTVSPost2010PropOp52
 70
     0
102
RTVSPost2010Prop53
 90
        2
102
RTVSPost2010PropOp53
 70
     1
102
RTVSPost2010Prop54
  1
strokes_ogs.tif
102
RTVSPost2010PropOp54
 70
     1
102
RTVSPost2010Prop55
280
     0
102
RTVSPost2010PropOp55
 70
     1
102
RTVSPost2010Prop56
140
1.0
102
RTVSPost2010PropOp56
 70
     1
102
RTVSPost2010Prop57
140
1.0
102
RTVSPost2010PropOp57
 70
     1
  0
ENDSEC
  0
EOF
